# UVT temporal graph (first 2 hours)
# city=berlin
# T_max=121  total_nodes=3397  total_temporal_edges=24369
# first10_window_end=13  last50_window_start=61
#
# SOURCE-TARGET-DEADLINE (4 combos):
# combo 1: source=1879 target=389 deadline=18  (travel=9, dep_t=74, arr_t=82, hops=3)
# combo 2: source=1879 target=146 deadline=6  (travel=3, dep_t=82, arr_t=84, hops=2)
# combo 3: source=1931 target=389 deadline=20  (travel=10, dep_t=73, arr_t=82, hops=4)
# combo 4: source=1931 target=146 deadline=10  (travel=5, dep_t=73, arr_t=77, hops=3)
#
# u v t
389 391 1
1879 1918 1
459 451 1
2123 2146 1
2151 2123 1
1879 1931 1
2737 2736 1
2158 2157 1
1958 1931 1
1879 1931 1
1879 1931 1
1879 1919 1
389 134 1
543 540 1
324 314 2
677 666 2
451 456 2
2146 2144 2
2144 2129 2
2123 2161 2
1931 1916 2
2837 2854 2
1094 1092 2
2609 2623 2
2609 2623 2
2027 2033 2
1879 1931 2
2157 1835 2
1931 1945 2
1931 1944 2
1931 1916 2
1919 1899 2
1736 1735 2
314 318 3
365 356 3
666 676 3
676 669 3
1026 1047 3
391 392 3
1918 1957 3
456 440 3
2129 2128 3
1916 1881 3
2854 2853 3
2930 2917 3
1026 1047 3
1042 1044 3
1092 1080 3
2609 2623 3
2736 2738 3
2623 2610 3
2033 2041 3
1931 1902 3
6320 6302 3
6302 6329 3
1835 1842 3
1944 1930 3
1916 1881 3
1899 1913 3
1735 1734 3
6320 6370 3
318 992 4
356 326 4
389 388 4
669 664 4
664 568 4
1047 1048 4
1714 1724 4
1724 1720 4
470 473 4
440 786 4
2128 1622 4
2161 2160 4
2853 2819 4
2609 2575 4
2917 2914 4
2914 2911 4
1047 1048 4
1080 1085 4
1085 1081 4
2738 2739 4
2623 2676 4
2610 2665 4
2041 2035 4
2370 2366 4
6329 6301 4
1842 1843 4
1945 1938 4
2084 2086 4
1930 1929 4
1913 195 4
134 136 4
1734 1727 4
6370 6421 4
6421 6420 4
992 997 5
540 557 5
568 572 5
1048 1052 5
392 977 5
1957 1894 5
1457 1450 5
1720 1721 5
473 472 5
786 780 5
1905 1919 5
1622 1634 5
2160 2178 5
1881 1885 5
2575 2593 5
2911 2913 5
1048 1050 5
1081 1087 5
2623 2676 5
2665 2662 5
2662 2663 5
2035 2030 5
2366 2369 5
1879 1931 5
2355 2356 5
1902 1882 5
6301 6326 5
6326 6327 5
1843 1828 5
1938 1890 5
1929 1949 5
1881 1885 5
136 142 5
1727 1733 5
997 982 6
326 328 6
557 562 6
562 563 6
388 387 6
572 595 6
595 592 6
1052 1018 6
1044 1154 6
977 980 6
1721 1713 6
690 707 6
472 477 6
477 478 6
780 714 6
1634 1626 6
1885 1936 6
1050 1049 6
1211 1212 6
1044 1128 6
2676 2655 6
2655 2679 6
2739 2731 6
2676 2611 6
2369 2364 6
1931 1902 6
2356 2361 6
6327 6373 6
6373 6325 6
1828 1826 6
1890 1939 6
1939 1940 6
195 189 6
1733 1728 6
2946 2957 6
2957 2956 6
6420 6419 6
982 987 7
328 329 7
563 564 7
592 588 7
1018 1017 7
1327 1317 7
1154 1162 7
980 978 7
1894 2029 7
1690 1688 7
525 543 7
1450 1451 7
825 831 7
1713 1719 7
1719 1718 7
1778 1775 7
540 543 7
707 706 7
706 696 7
478 611 7
714 715 7
1626 236 7
1936 1937 7
2593 2606 7
1049 1051 7
1212 1213 7
1128 1154 7
1087 1082 7
2679 2647 7
2731 2740 7
2611 2661 7
2663 2684 7
2030 2054 7
2364 2357 7
2361 2357 7
1882 1912 7
6325 950 7
1826 1849 7
1480 1489 7
1940 1943 7
1949 1887 7
1885 270 7
189 205 7
1728 1739 7
6419 6442 7
1978 1979 8
714 716 8
987 979 8
329 1671 8
564 559 8
387 384 8
588 589 8
1017 996 8
1045 1060 8
1317 1311 8
1162 1155 8
1688 1687 8
543 540 8
831 830 8
1718 1717 8
1775 1768 8
1768 1773 8
543 525 8
696 705 8
705 704 8
611 608 8
715 728 8
1919 1879 8
236 232 8
1937 285 8
285 282 8
2819 2826 8
2868 2872 8
2872 2873 8
2606 2603 8
1051 1062 8
1213 1227 8
1154 1129 8
1082 1090 8
2647 2705 8
2705 2729 8
2740 2780 8
1902 1882 8
950 956 8
1849 1824 8
1824 1831 8
1943 1965 8
205 188 8
142 120 8
1739 1730 8
1730 1731 8
2359 2354 8
6442 6440 8
1979 207 9
716 717 9
979 978 9
1671 1667 9
1667 1670 9
559 565 9
565 566 9
384 367 9
589 587 9
996 1000 9
1060 1053 9
1311 1187 9
1155 1159 9
978 979 9
2029 2045 9
1687 1674 9
540 534 9
7199 7186 9
1451 1437 9
830 827 9
1717 1732 9
1773 1770 9
1770 1767 9
525 524 9
710 709 9
704 703 9
232 229 9
282 289 9
2826 2825 9
2873 2874 9
2603 2594 9
2594 2668 9
1062 1065 9
1227 1222 9
1129 1121 9
1090 1148 9
2729 2685 9
2780 2779 9
2661 2582 9
2684 2701 9
956 6450 9
1831 1818 9
1818 1857 9
1965 177 9
1887 1965 9
270 275 9
188 230 9
1731 1732 9
1732 1717 9
2354 2353 9
6440 6441 9
207 231 10
717 396 10
978 980 10
1670 1669 10
566 633 10
367 385 10
385 383 10
587 420 10
1000 1006 10
1053 1062 10
1187 1184 10
1159 1161 10
979 172 10
1674 1677 10
534 539 10
827 829 10
829 799 10
1732 1731 10
1731 1730 10
1767 1772 10
1772 1771 10
524 527 10
709 708 10
703 691 10
625 628 10
2052 2034 10
728 726 10
1879 1931 10
2178 2165 10
289 280 10
2825 2818 10
2874 2875 10
2875 2890 10
2668 2616 10
1065 1066 10
1222 1223 10
1121 1130 10
1148 1145 10
1145 1141 10
2685 2709 10
2779 2700 10
2582 2581 10
2701 2702 10
2054 2053 10
1882 1912 10
1912 2050 10
6450 6386 10
1857 1863 10
1863 1852 10
177 180 10
120 111 10
1717 1718 10
2353 2378 10
823 815 10
6441 6392 10
396 397 11
1669 1646 11
633 650 11
383 380 11
420 421 11
1006 1221 11
1062 1064 11
1184 1186 11
1093 1089 11
1161 1157 11
172 173 11
2045 2030 11
1677 1673 11
539 597 11
7186 7330 11
799 817 11
1730 1739 11
1771 1697 11
1697 1696 11
527 522 11
708 694 11
628 600 11
608 603 11
2034 2056 11
726 722 11
1931 1945 11
2165 2153 11
280 290 11
2818 2824 11
1223 1229 11
1130 1126 11
1141 1134 11
2709 2710 11
2581 2567 11
2567 2583 11
2702 2683 11
2053 2081 11
2357 2311 11
2357 2379 11
2050 2039 11
6386 6294 11
1852 1856 11
180 174 11
275 281 11
230 235 11
111 217 11
1718 1719 11
1913 1899 11
2378 2377 11
1291 1292 11
231 232 12
397 400 12
980 977 12
650 651 12
380 374 12
421 431 12
431 422 12
162 389 12
1221 1226 12
1064 1066 12
1186 1185 12
1089 1079 12
1079 1083 12
1157 1152 12
173 174 12
2620 2686 12
1673 1678 12
597 599 12
162 389 12
817 816 12
816 808 12
1739 1726 12
1696 1690 12
522 510 12
694 691 12
600 602 12
603 606 12
2056 2068 12
722 720 12
290 295 12
2939 2944 12
2824 2823 12
1066 1163 12
1229 1221 12
1126 1156 12
1134 1142 12
5489 5831 12
154 146 12
2020 1978 12
1900 1904 12
2311 2328 12
2379 2380 12
2039 2051 12
1856 1866 12
174 173 12
281 276 12
235 229 12
1719 1713 12
1899 1919 12
2377 2368 12
5489 5831 12
6499 6488 12
6499 6488 12
232 229 13
977 392 13
651 635 13
374 378 13
422 443 13
1066 1163 13
1185 1179 13
1083 1088 13
1152 1150 13
174 178 13
977 392 13
2030 2031 13
2686 8871 13
1678 1663 13
599 601 13
7330 1581 13
1437 1433 13
808 823 13
1726 1728 13
1741 1745 13
510 511 13
691 702 13
702 701 13
606 604 13
604 602 13
2068 2069 13
1945 1938 13
295 292 13
1163 1176 13
1221 1219 13
1156 1160 13
1142 1137 13
2710 2711 13
2700 2717 13
2583 2601 13
2683 2728 13
5831 5496 13
5496 5497 13
2081 2017 13
1978 1976 13
2328 2261 13
1912 1986 13
2380 2327 13
2051 2037 13
6294 6372 13
1866 1859 13
173 172 13
1965 177 13
1291 1292 13
217 224 13
1713 1721 13
1919 1879 13
2368 2369 13
5831 5496 13
5496 5497 13
6488 6412 13
6488 6412 13
6392 6393 13
400 395 14
392 391 14
1646 1655 14
635 542 14
378 371 14
443 446 14
446 451 14
1226 1265 14
1163 1176 14
1179 1178 14
1088 1090 14
1150 1149 14
178 317 14
392 391 14
8871 2617 14
1663 1666 14
601 600 14
1581 1582 14
1582 1583 14
1433 304 14
1728 1733 14
1745 1744 14
1690 1688 14
511 505 14
701 697 14
602 604 14
602 600 14
2069 2035 14
1938 1890 14
2153 2158 14
292 2896 14
2944 2940 14
2823 2816 14
1176 1175 14
1219 1230 14
1160 1144 14
1144 1143 14
1137 1133 14
2711 2721 14
2717 2719 14
2601 2580 14
2728 2620 14
2369 2366 14
5497 5488 14
146 1922 14
2017 1988 14
1976 1975 14
1904 1989 14
2261 2242 14
1986 2015 14
2327 2331 14
6372 6389 14
6389 6374 14
1859 1867 14
1867 1648 14
172 979 14
177 180 14
276 278 14
224 218 14
391 389 14
1721 1720 14
2369 2373 14
5497 5488 14
6412 6411 14
6412 6411 14
6393 6394 14
229 250 15
395 391 15
1655 1649 15
1649 1661 15
542 662 15
371 358 15
162 389 15
1480 1486 15
815 841 15
451 456 15
1265 1268 15
1176 1175 15
1178 1177 15
1090 1148 15
1148 1145 15
1149 1145 15
2031 2024 15
2617 2622 15
1583 1579 15
304 312 15
1733 1727 15
1744 1740 15
1688 1694 15
505 512 15
697 688 15
604 606 15
606 603 15
2035 2071 15
720 721 15
2158 1830 15
1830 2153 15
2896 2910 15
2940 2814 15
2816 2822 15
2890 2948 15
2616 2615 15
1175 1169 15
1230 1170 15
1143 1133 15
1133 1143 15
2721 2720 15
2719 2720 15
2580 2601 15
2366 2387 15
5488 5476 15
1988 1990 15
1975 1982 15
2242 2262 15
2331 2320 15
6374 6317 15
1648 1661 15
1661 1649 15
979 966 15
180 174 15
278 312 15
229 237 15
237 1639 15
1720 1724 15
1724 1714 15
2373 2372 15
5488 5476 15
6411 6298 15
6411 6298 15
6394 5599 15
881 869 16
391 395 16
1661 1648 16
784 771 16
662 661 16
661 634 16
358 455 16
1486 1516 16
1516 1518 16
841 849 16
389 393 16
1268 1278 16
1278 1273 16
1291 1273 16
1175 1169 16
1177 1169 16
1145 1149 16
317 260 16
391 402 16
2622 2631 16
1666 1650 16
600 628 16
1579 1584 16
1584 1585 16
312 278 16
389 391 16
1727 1734 16
1734 1735 16
1740 1742 16
1742 1743 16
1694 1689 16
688 687 16
687 682 16
603 608 16
600 628 16
2071 2036 16
1890 258 16
2153 2166 16
2430 2427 16
1879 1931 16
2814 2807 16
2822 2821 16
2615 2625 16
1170 1183 16
1183 1169 16
1133 1137 16
1143 1144 16
1144 1160 16
2720 2719 16
2720 2721 16
2721 2711 16
2601 2583 16
2583 2567 16
2387 2386 16
389 384 16
5476 5500 16
5500 5830 16
1922 1959 16
1990 1987 16
2331 2316 16
2274 2275 16
1989 2003 16
2262 2263 16
2015 1987 16
2037 1972 16
2620 2621 16
2037 1972 16
6317 6365 16
1649 1655 16
966 958 16
1879 1918 16
1879 1931 16
174 173 16
312 304 16
1639 1623 16
218 233 16
389 134 16
1879 1931 16
2372 2371 16
2371 2365 16
2944 2939 16
5476 5500 16
5500 5830 16
6298 6343 16
6298 6343 16
5599 5483 16
250 254 17
395 400 17
1648 1867 17
771 792 17
455 454 17
1518 1515 17
849 840 17
456 406 17
1273 1293 17
1169 1177 17
1169 1175 17
1149 1150 17
1145 1148 17
260 257 17
402 729 17
836 855 17
2024 2430 17
2631 2671 17
2609 2575 17
1650 1654 17
628 625 17
1585 1554 17
278 276 17
815 860 17
1735 1736 17
1743 1682 17
682 685 17
685 686 17
608 611 17
628 625 17
2036 2032 17
721 735 17
1931 1879 17
258 267 17
2427 2399 17
3041 3042 17
3042 3043 17
1931 1916 17
2807 2808 17
2821 2820 17
2948 2947 17
2625 2624 17
1137 1142 17
2711 2710 17
1438 1435 17
2386 2385 17
5830 5492 17
1987 2009 17
1982 2021 17
2275 1981 17
2003 2004 17
2263 2234 17
2320 2315 17
2621 2643 17
6365 6418 17
1655 1646 17
958 964 17
1931 1944 17
173 172 17
2617 8871 17
304 1433 17
1623 1633 17
233 228 17
1686 1694 17
1931 1916 17
2365 2329 17
2329 2330 17
2850 2851 17
5830 5492 17
5483 6355 17
869 885 18
391 392 18
1867 1859 18
1859 1866 18
792 796 18
486 487 18
1504 1512 18
1512 1505 18
454 355 18
1515 1519 18
840 1123 18
406 408 18
393 386 18
1273 1292 18
1293 1295 18
1177 1178 18
1175 1176 18
1150 1152 18
1148 1090 18
257 272 18
855 851 18
2671 2640 18
2575 2593 18
1654 1646 18
1292 1291 18
625 616 18
1554 1558 18
276 281 18
281 275 18
391 395 18
823 838 18
860 801 18
146 1922 18
1736 1679 18
1682 1681 18
686 679 18
679 585 18
2032 2028 18
735 741 18
1879 1918 18
267 268 18
2453 2474 18
2399 2423 18
2423 2422 18
3043 3044 18
3044 3045 18
1916 1881 18
2808 2809 18
2820 2817 18
2947 2957 18
2624 2763 18
2857 2862 18
2862 2863 18
2912 2932 18
2932 2929 18
1169 1180 18
1169 1182 18
1142 1134 18
1160 1156 18
2719 2718 18
2718 2717 18
2710 2709 18
2567 2581 18
1435 1436 18
2620 2686 18
5492 5491 18
2021 2244 18
2316 2313 18
2004 2005 18
2234 2233 18
1987 1971 18
2315 2339 18
1972 1995 18
2643 2642 18
1972 1994 18
964 965 18
1918 1893 18
1944 1930 18
172 979 18
8871 2620 18
1433 1438 18
1633 1624 18
228 234 18
1694 1688 18
1916 1881 18
2330 2331 18
2851 2852 18
2852 2839 18
5492 5491 18
6355 6354 18
885 893 19
254 219 19
400 397 19
1866 1856 19
796 781 19
487 492 19
492 483 19
1505 1513 19
355 354 19
354 351 19
389 391 19
1519 1481 19
1123 883 19
408 405 19
386 414 19
414 418 19
1292 1274 19
1295 1307 19
1178 1179 19
1176 1163 19
1152 1157 19
1090 1083 19
729 730 19
2430 2442 19
2640 2614 19
2593 2592 19
1646 241 19
616 614 19
1558 1559 19
275 270 19
395 400 19
838 843 19
801 800 19
1922 1921 19
1679 1680 19
625 630 19
1681 1684 19
585 584 19
584 583 19
741 743 19
268 298 19
2474 2461 19
229 232 19
2166 2179 19
2422 2421 19
7199 7186 19
3045 3046 19
3046 3047 19
2817 2743 19
2957 2956 19
2763 2762 19
2863 2864 19
2864 2859 19
2929 1403 19
1180 1172 19
1349 1376 19
1182 1173 19
1134 1141 19
1156 1126 19
2717 2700 19
2709 2685 19
2685 2729 19
2581 2582 19
1436 1426 19
2430 2442 19
2686 2687 19
2385 2384 19
384 346 19
1959 190 19
2009 1984 19
2313 2568 19
1981 2006 19
2005 1984 19
2233 2239 19
1971 2011 19
1995 2409 19
2642 2614 19
2037 1972 19
6418 6324 19
1646 1669 19
965 963 19
1930 1929 19
979 978 19
1438 1451 19
1624 1644 19
234 229 19
134 136 19
1688 1690 19
1881 1934 19
2331 2320 19
2839 2842 19
6354 6353 19
6353 6336 19
893 1122 20
239 221 20
392 977 20
397 396 20
1856 1852 20
781 788 20
788 787 20
483 488 20
146 1898 20
1513 1514 20
1514 1503 20
351 429 20
1481 1479 20
883 1122 20
405 407 20
418 415 20
1274 1280 20
1307 1309 20
1179 1185 20
1163 1066 20
1157 1161 20
1083 1079 20
1079 1089 20
272 271 20
730 720 20
2442 2462 20
2614 2613 20
2592 2591 20
2591 2590 20
1291 1251 20
614 623 20
1559 1553 20
270 1885 20
843 842 20
800 803 20
1921 1908 20
1680 1684 20
630 631 20
631 632 20
464 471 20
583 582 20
611 478 20
2028 2044 20
1918 1905 20
298 257 20
2461 2457 20
2457 2469 20
232 236 20
2179 2160 20
2421 2396 20
2956 2946 20
2946 2975 20
3047 3039 20
3039 2893 20
1881 1885 20
2809 2810 20
2743 2796 20
2956 2947 20
2762 2741 20
2859 2755 20
1403 1401 20
1172 1188 20
1376 1359 20
1173 1098 20
1141 1145 20
1126 1130 20
2700 2779 20
2729 2705 20
2582 2661 20
1426 1385 20
2442 2435 20
2687 2682 20
2384 2383 20
1984 2008 20
2244 2251 20
2568 2577 20
2006 1970 20
2011 1983 20
2339 2338 20
2409 2318 20
2614 2618 20
1994 2411 20
6324 6448 20
1669 1670 20
1929 1949 20
978 980 20
1451 1450 20
1644 1615 20
136 142 20
1934 2044 20
2320 2324 20
2842 2848 20
6336 6319 20
1503 1497 21
219 221 21
977 980 21
396 717 21
1852 1863 21
787 780 21
634 661 21
661 662 21
662 542 21
488 491 21
665 666 21
429 428 21
428 427 21
391 392 21
1479 1485 21
1122 1125 21
415 410 21
1280 1284 21
1284 1285 21
1185 1186 21
1066 1064 21
1161 1159 21
1089 1093 21
271 279 21
851 855 21
2590 2589 21
1251 1255 21
1255 1250 21
623 622 21
622 621 21
540 525 21
1553 1576 21
400 397 21
842 884 21
884 895 21
803 852 21
1684 1690 21
632 615 21
615 624 21
1684 1690 21
471 475 21
582 581 21
478 477 21
2044 1934 21
743 962 21
257 314 21
2469 2471 21
2199 2203 21
236 1626 21
2396 2407 21
2975 2972 21
2972 2969 21
7186 7330 21
2893 2891 21
2745 2744 21
2744 2774 21
1885 1936 21
2810 2804 21
2796 2797 21
2797 2750 21
2947 2948 21
2948 2890 21
2741 2761 21
2755 2756 21
1401 1412 21
1292 1276 21
1188 1194 21
1359 1358 21
1358 1348 21
1098 1095 21
1145 1148 21
1130 1121 21
2705 2647 21
2647 2679 21
2661 2611 21
1385 1389 21
2435 2445 21
2682 2701 21
2383 2505 21
5491 5511 21
190 200 21
2008 1974 21
2251 2252 21
1984 2007 21
1983 2239 21
2338 2337 21
2318 2336 21
2618 2637 21
1972 1995 21
2411 2447 21
6448 6316 21
1670 1671 21
963 967 21
1893 1973 21
2324 2323 21
2848 2847 21
5491 5511 21
6347 6322 21
6347 6322 21
6319 6318 21
1122 1131 22
1497 1495 22
221 219 22
980 978 22
717 716 22
1863 1818 22
780 714 22
542 635 22
491 490 22
490 489 22
461 466 22
427 352 22
1485 1462 22
1125 1127 22
1127 1124 22
407 410 22
1285 1279 22
1309 1323 22
1186 1184 22
1064 1062 22
1159 1155 22
425 352 22
720 723 22
855 836 22
2462 2455 22
2613 2619 22
2589 2456 22
241 240 22
1250 1233 22
621 620 22
620 331 22
1576 1532 22
1532 1524 22
1830 1848 22
1885 1881 22
229 250 22
895 874 22
874 873 22
852 914 22
1752 1754 22
1908 210 22
624 617 22
475 470 22
581 579 22
579 580 22
477 472 22
962 963 22
2471 2468 22
2203 2202 22
1626 1634 22
2407 2351 22
2969 3012 22
2891 2882 22
2774 2773 22
1936 1937 22
2804 2811 22
2750 2782 22
2761 2740 22
2756 2757 22
1412 1404 22
1276 1272 22
1194 1195 22
1195 1189 22
1348 1347 22
1095 1106 22
1148 1090 22
1121 1129 22
2779 2780 22
2780 2740 22
2679 2655 22
1389 1386 22
2445 2451 22
2451 2431 22
2505 2517 22
5511 5513 22
5513 5515 22
2119 2143 22
2252 2239 22
2577 2565 22
1970 2007 22
2007 1970 22
2239 1983 22
2337 2336 22
2637 2636 22
1995 2409 22
2447 2410 22
967 961 22
1973 1915 22
1949 1887 22
980 977 22
1450 1457 22
1615 1611 22
1611 1651 22
2044 2028 22
2323 2349 22
2847 2846 22
5511 5513 22
5513 5515 22
6322 6344 22
6322 6344 22
6318 6384 22
1131 1156 23
1495 1521 23
219 254 23
221 239 23
716 714 23
1818 1831 23
714 716 23
635 651 23
489 482 23
666 676 23
676 669 23
1503 1498 23
466 467 23
352 425 23
392 977 23
1462 1461 23
1124 1132 23
410 415 23
410 407 23
1279 1283 23
1323 1322 23
1184 1187 23
1062 1053 23
1155 1162 23
279 284 23
352 447 23
723 736 23
836 839 23
2455 2475 23
2619 2612 23
2456 2475 23
240 245 23
1233 1220 23
331 328 23
1524 1527 23
1848 1828 23
1828 1826 23
1881 1916 23
397 396 23
873 866 23
914 921 23
1754 1758 23
1690 1688 23
617 1709 23
1690 1688 23
512 505 23
1690 1688 23
470 465 23
580 572 23
472 465 23
1934 1881 23
963 965 23
2468 2470 23
2202 2192 23
1634 1622 23
2351 2348 23
3012 3018 23
2882 2888 23
2773 2772 23
2772 2771 23
1937 285 23
285 282 23
2748 2781 23
2811 2812 23
2782 2749 23
2740 2731 23
2757 2758 23
1404 1407 23
1407 1442 23
1442 1441 23
1272 1252 23
1189 1196 23
1347 1332 23
1106 1076 23
1090 1082 23
1129 1154 23
2740 2731 23
2655 2676 23
2611 2676 23
1386 2898 23
2431 2450 23
2517 2509 23
346 360 23
5515 5583 23
2143 2124 23
1911 1947 23
200 195 23
1974 1985 23
2007 1984 23
1970 2006 23
2336 2318 23
2336 2337 23
2636 2635 23
2409 2318 23
2410 2418 23
6316 6315 23
6315 6367 23
1671 329 23
961 1030 23
1915 1974 23
977 392 23
1651 1662 23
142 120 23
2028 2032 23
2349 2350 23
2846 2845 23
5515 5583 23
6344 6297 23
6297 6348 23
6344 6297 23
6297 6348 23
6384 6333 23
1156 1147 24
1521 1517 24
2961 2991 24
978 979 24
714 780 24
1831 1824 24
716 717 24
1428 1429 24
651 650 24
482 513 24
669 664 24
1498 1496 24
1457 1454 24
467 462 24
425 544 24
977 980 24
1461 1468 24
1132 1128 24
415 418 24
407 405 24
1283 1286 24
1322 1321 24
1187 1311 24
1053 1060 24
1162 1154 24
2040 2027 24
284 280 24
447 442 24
736 748 24
839 848 24
2475 2456 24
2456 2589 24
2612 2660 24
2475 2455 24
245 219 24
1220 1228 24
328 326 24
1527 1517 24
1826 1849 24
1916 1931 24
250 253 24
253 228 24
396 717 24
866 868 24
921 915 24
1758 1753 24
1709 617 24
1689 1688 24
505 511 24
1688 1694 24
465 469 24
572 567 24
465 470 24
1881 1916 24
965 964 24
2470 2435 24
2192 2194 24
1622 2128 24
2160 2161 24
2348 2350 24
2207 2219 24
7330 7334 24
2888 2889 24
2771 2770 24
282 289 24
2781 2749 24
2749 2752 24
2890 2868 24
2731 2739 24
2758 2759 24
1441 1446 24
1252 1264 24
1264 1253 24
1196 1310 24
1332 1342 24
1076 1071 24
823 808 24
1082 1084 24
1154 1055 24
2731 2739 24
2676 2623 24
2676 2623 24
2898 2905 24
2450 2402 24
2402 2432 24
2701 2684 24
2509 2517 24
2124 2149 24
1947 1878 24
195 191 24
2239 2233 24
2565 2600 24
2006 1981 24
1983 2011 24
2239 2233 24
2337 2338 24
2635 2634 24
2318 2335 24
2507 2509 24
2418 2448 24
8729 8730 24
6367 6366 24
329 328 24
1030 1029 24
1887 1965 24
392 391 24
1662 1648 24
389 162 24
2032 2036 24
2350 2348 24
2845 2844 24
6348 6473 24
6348 6473 24
1147 1153 25
1517 1527 25
2991 2962 25
254 250 25
1824 1849 25
1849 1826 25
2086 2084 25
717 396 25
1429 1387 25
650 633 25
513 512 25
664 675 25
1496 1494 25
1494 1499 25
1454 1464 25
462 468 25
980 976 25
1468 1466 25
1128 1044 25
418 414 25
405 408 25
408 406 25
1286 1329 25
1321 1320 25
1311 1317 25
1317 1327 25
1060 1061 25
1154 1044 25
442 441 25
848 837 25
837 876 25
2589 2590 25
2660 2611 25
2455 2462 25
1228 1211 25
326 356 25
1517 1486 25
1849 1824 25
1824 1831 25
1931 1879 25
228 233 25
717 716 25
868 872 25
872 867 25
915 911 25
1753 1757 25
1757 1751 25
210 220 25
617 624 25
511 510 25
469 463 25
567 570 25
1916 1931 25
964 985 25
2435 2446 25
2446 2397 25
2128 2129 25
2161 2123 25
2350 2349 25
2219 2221 25
7334 3013 25
2889 2775 25
2770 2769 25
289 280 25
2749 2752 25
2752 2734 25
2812 2813 25
2752 2734 25
2739 2738 25
2759 2752 25
1446 1458 25
1253 1254 25
1254 1247 25
1310 1309 25
1342 1331 25
1071 1075 25
1075 1082 25
808 818 25
818 811 25
1084 1087 25
1055 1128 25
1128 1044 25
2739 2738 25
2623 2609 25
2623 2609 25
2905 2897 25
2684 2663 25
2517 2505 25
360 326 25
5583 5834 25
191 1985 25
1985 191 25
2233 2234 25
2600 2560 25
1984 2005 25
1981 2275 25
2011 1971 25
2233 2234 25
2318 2409 25
2338 2339 25
2634 2633 25
2509 2522 25
2448 2420 25
6366 6507 25
328 326 25
326 356 25
1029 1028 25
1974 2001 25
1957 1904 25
1688 1690 25
1648 1867 25
120 111 25
2036 2071 25
2348 2351 25
2844 2843 25
5583 5834 25
6473 6307 25
6473 6307 25
6333 6316 25
6316 6448 25
1153 1152 26
1527 1524 26
2962 2976 26
979 987 26
1826 1828 26
2084 2093 26
396 397 26
633 566 26
566 565 26
512 505 26
675 670 26
1499 1484 26
1464 1467 26
468 535 26
544 545 26
545 546 26
1466 1465 26
414 386 26
386 393 26
406 456 26
1329 1335 26
1320 1316 26
1061 1045 26
2027 2046 26
280 2046 26
441 444 26
444 445 26
162 389 26
2086 2084 26
748 751 26
876 896 26
2590 2591 26
2462 2397 26
219 223 26
1211 1218 26
1218 1210 26
1486 1490 26
1831 1818 26
1818 1857 26
233 218 26
716 715 26
867 871 26
871 870 26
911 907 26
1751 1766 26
220 222 26
1688 1694 26
1797 1801 26
624 615 26
1688 1694 26
1688 1690 26
510 522 26
1694 1691 26
463 520 26
570 573 26
1931 1879 26
985 988 26
988 989 26
2397 2441 26
2194 2195 26
2129 2144 26
2349 2323 26
2221 2222 26
3013 3014 26
2775 2776 26
2769 2768 26
280 290 26
2734 2735 26
2813 2738 26
2734 2735 26
2752 2734 26
2913 2911 26
1247 1237 26
1237 1246 26
1309 1307 26
1331 1341 26
1341 1340 26
1082 1090 26
811 819 26
1087 1081 26
1044 1042 26
2897 2910 26
2432 2388 26
2663 2662 26
2505 2383 26
389 384 26
5834 5580 26
2149 2134 26
191 195 26
2560 2455 26
2961 2944 26
2005 2004 26
1971 1987 26
2409 1995 26
2339 2315 26
2633 2508 26
2335 2413 26
2522 2547 26
391 389 26
1904 1919 26
1867 1859 26
1859 1866 26
111 217 26
1688 1690 26
2071 2035 26
2351 2407 26
2843 2837 26
5834 5580 26
6307 6349 26
6307 6349 26
6448 6363 26
1152 1070 27
1524 1532 27
2976 2963 27
250 229 27
987 993 27
1828 1843 27
397 400 27
1387 1391 27
565 559 27
505 515 27
670 571 27
1484 1483 27
1467 1463 27
535 538 27
546 586 27
976 971 27
1465 1236 27
393 389 27
456 458 27
1335 1330 27
1316 1314 27
2046 280 27
445 459 27
459 451 27
2084 2087 27
896 894 27
2591 2592 27
2611 2676 27
2397 2441 27
2441 2430 27
223 218 27
1210 1197 27
356 345 27
1490 1491 27
1857 1868 27
715 718 27
870 770 27
770 768 27
907 897 27
1766 1756 27
222 218 27
615 632 27
1694 1691 27
219 227 27
162 389 27
522 527 27
1691 1695 27
1695 1807 27
520 518 27
573 596 27
691 694 27
989 1009 27
1009 1198 27
2441 2430 27
2195 2196 27
2144 2146 27
2146 2123 27
2123 2151 27
2323 2324 27
2776 2777 27
2768 2735 27
290 295 27
2735 2737 27
2735 2737 27
2738 2737 27
2734 2735 27
2911 2914 27
1458 1460 27
1246 1236 27
1307 1306 27
1340 1339 27
1090 1148 27
819 828 27
1081 1085 27
1085 1080 27
2738 2737 27
2388 2026 27
2662 2665 27
2665 2610 27
326 1668 27
5580 5567 27
2134 2150 27
1878 1963 27
1985 1974 27
2234 2347 27
2455 2473 27
2004 2003 27
2275 2274 27
2234 2263 27
1995 1972 27
2508 2540 27
2413 2414 27
2420 2607 27
356 365 27
389 162 27
1028 1026 27
2001 1969 27
1866 1856 27
1856 1862 27
2035 2069 27
2407 2396 27
5580 5567 27
6349 6304 27
6349 6304 27
6363 6506 27
1070 1105 28
1532 1576 28
1576 1553 28
2963 2995 28
993 983 28
983 1002 28
1843 1842 28
1842 1835 28
2093 2109 28
2109 2117 28
1391 293 28
559 564 28
515 507 28
507 530 28
571 578 28
578 577 28
1483 1462 28
1463 1462 28
538 533 28
586 547 28
971 975 28
1236 1238 28
389 162 28
458 449 28
1330 1332 28
1383 1355 28
1314 1311 28
2046 2027 28
451 450 28
1919 1879 28
751 752 28
752 749 28
894 863 28
2592 2593 28
2676 2623 28
1491 1519 28
1868 1853 28
1853 1870 28
718 736 28
768 767 28
1756 1787 28
1694 1691 28
1801 1800 28
632 631 28
631 630 28
1690 1696 28
227 221 28
527 524 28
1807 1812 28
1812 1676 28
601 613 28
518 519 28
596 591 28
694 699 28
141 143 28
1198 315 28
2430 2427 28
2196 2197 28
2324 2320 28
2275 2274 28
2222 2310 28
3014 3033 28
2837 2845 28
2777 2778 28
2735 2737 28
295 292 28
2738 2737 28
2735 2737 28
2914 2917 28
2917 2931 28
1460 1457 28
1236 1455 28
1455 1459 28
1306 1303 28
1339 1338 28
1148 1145 28
828 832 28
1080 1092 28
2610 2623 28
2383 2384 28
5567 5566 28
2150 2151 28
195 200 28
2347 2343 28
2944 2940 28
2003 1989 28
1987 2015 28
2263 2262 28
1972 2037 28
2315 2320 28
2540 2511 28
2547 2546 28
1969 1975 28
1965 177 28
1862 1870 28
217 224 28
1690 1684 28
2069 2068 28
2396 2421 28
5567 5566 28
6506 6379 28
1105 1106 29
1106 1095 29
1553 1564 29
2995 2992 29
229 232 29
1002 992 29
1835 2157 29
2117 2085 29
356 345 29
400 395 29
564 563 29
563 562 29
530 531 29
577 560 29
2931 1419 29
1898 1966 29
1462 1463 29
1462 1483 29
533 534 29
547 556 29
975 968 29
1238 1235 29
1044 1040 29
1332 1347 29
1355 1350 29
1311 1317 29
1327 1317 29
280 284 29
2027 2040 29
450 370 29
749 753 29
863 869 29
2593 2575 29
2623 2609 29
218 222 29
222 220 29
1197 315 29
345 346 29
1519 1481 29
1870 1862 29
1044 1040 29
736 740 29
767 765 29
897 905 29
1787 1786 29
1786 1779 29
1691 1698 29
1800 1798 29
630 625 29
1830 1848 29
1691 1693 29
221 239 29
524 525 29
613 605 29
519 533 29
591 561 29
699 695 29
143 149 29
314 322 29
322 315 29
2427 2399 29
2197 2092 29
2320 2331 29
2274 2273 29
2310 2301 29
3018 3014 29
3033 3017 29
2778 2742 29
292 2896 29
1459 1454 29
1454 1457 29
1303 1282 29
1338 1337 29
1337 1336 29
1336 1500 29
1145 1139 29
832 826 29
1092 1094 29
2026 2059 29
384 346 29
5566 5565 29
1963 1884 29
1974 2008 29
200 190 29
2041 2065 29
2473 2464 29
2940 2802 29
1989 1904 29
2015 1986 29
2262 2235 29
2511 2533 29
2414 2415 29
2546 2545 29
2607 2578 29
1975 2087 29
177 180 29
1870 1853 29
224 218 29
1684 1680 29
2068 2056 29
2421 2422 29
5566 5565 29
6304 6308 29
6304 6308 29
1095 1110 30
1564 1565 30
2992 2959 30
232 231 30
992 318 30
2157 2158 30
2085 187 30
395 391 30
293 294 30
562 557 30
531 523 30
523 534 30
560 558 30
558 557 30
1419 1424 30
1966 259 30
1463 1467 30
1483 1484 30
556 557 30
968 962 30
1235 1214 30
1040 1037 30
449 446 30
1347 1360 30
1350 1360 30
1317 1327 30
1317 1311 30
2087 1975 30
753 864 30
869 881 30
220 212 30
315 322 30
346 380 30
1481 1487 30
1862 1856 30
1856 1866 30
218 224 30
1040 1037 30
740 763 30
765 766 30
766 762 30
1779 1778 30
1698 1692 30
1798 1799 30
1848 1828 30
1828 1833 30
1693 1806 30
1696 1697 30
239 335 30
525 543 30
1676 1673 30
605 604 30
533 534 30
561 558 30
695 711 30
149 147 30
315 322 30
315 1198 30
2399 2423 30
2423 2422 30
2092 2091 30
2331 2326 30
2273 2268 30
2301 2290 30
3017 3018 30
3018 3003 30
2845 2847 30
2742 2737 30
2896 2900 30
1457 1454 30
1282 1279 30
1500 1290 30
1139 1138 30
826 833 30
2910 2059 30
2059 2910 30
2623 2609 30
2384 2385 30
1668 1672 30
5565 5833 30
5833 5579 30
2151 2131 30
2008 1984 30
190 1959 30
2343 2344 30
2464 2453 30
1986 1912 30
2235 2261 30
2037 2051 30
2320 2331 30
2415 2416 30
2545 2533 30
2578 2561 30
2084 2086 30
180 174 30
1853 1868 30
1680 1679 30
2056 2034 30
2422 2423 30
2423 2399 30
5565 5833 30
5833 5579 30
6308 6381 30
6308 6381 30
6379 6296 30
1110 1101 31
1101 1111 31
1565 1566 31
2959 1555 31
318 314 31
2158 2157 31
187 183 31
294 296 31
557 540 31
534 540 31
557 540 31
1424 1415 31
1415 1414 31
259 255 31
1467 1464 31
1484 1499 31
534 540 31
557 540 31
962 963 31
1037 1026 31
1958 1931 31
446 443 31
1360 1350 31
1311 1314 31
284 279 31
370 411 31
389 391 31
1879 1931 31
864 889 31
889 890 31
881 892 31
2575 2609 31
212 210 31
322 314 31
380 411 31
1487 1482 31
1866 1859 31
1879 1919 31
224 217 31
1037 1026 31
763 761 31
761 762 31
762 761 31
1778 1785 31
1785 1784 31
1692 1699 31
1799 1790 31
1833 1850 31
1806 1808 31
1697 1771 31
1771 1772 31
389 391 31
543 540 31
1673 1705 31
1705 1702 31
604 602 31
558 557 31
711 712 31
147 155 31
1879 1919 31
322 314 31
459 451 31
1198 1009 31
2422 2421 31
2091 2083 31
2268 2270 31
2290 2297 31
3003 3004 31
3004 3005 31
2847 2848 31
2737 2735 31
2737 2742 31
2737 2742 31
2737 2735 31
2737 2736 31
2737 2735 31
2737 2736 31
1454 1459 31
1457 1460 31
1279 1287 31
1287 1281 31
1290 1289 31
1289 1288 31
1138 1136 31
833 824 31
824 1117 31
2910 2900 31
2385 2386 31
5579 5578 31
2131 2122 31
1884 1928 31
2344 2352 31
2065 2067 31
2453 2479 31
2802 2803 31
1904 1900 31
1912 1882 31
2261 2328 31
2416 2568 31
2561 2579 31
1026 1037 31
389 391 31
2087 2084 31
174 173 31
1879 1918 31
1879 1931 31
1868 1818 31
1679 1736 31
2034 2052 31
2123 2146 31
2151 2123 31
2399 2428 31
2737 2736 31
5579 5578 31
6296 6381 31
1111 1112 32
1566 1555 32
1555 1566 32
1566 1565 32
231 207 32
314 324 32
2157 1835 32
183 231 32
345 108 32
296 279 32
1414 1401 32
255 261 32
261 257 32
1464 1454 32
1499 1494 32
963 960 32
1214 1215 32
1931 1945 32
443 422 32
1350 1355 32
1360 1347 32
1314 1316 32
1931 1944 32
1975 1969 32
890 882 32
892 891 32
891 882 32
2609 2623 32
2609 2575 32
210 1920 32
1482 1472 32
1859 1867 32
1867 1648 32
1919 1899 32
217 111 32
762 766 32
761 763 32
763 736 32
1784 1777 32
1714 1724 32
1724 1720 32
1699 1700 32
1700 1701 32
1790 1795 32
1850 1834 32
1808 1811 32
1772 1767 32
335 342 32
1702 1706 32
602 618 32
534 540 32
557 540 32
712 713 32
155 148 32
1919 1899 32
451 456 32
1009 989 32
2421 2429 32
2083 2098 32
2326 2325 32
2270 2269 32
2269 2283 32
2297 2294 32
3005 3035 32
2848 2838 32
2838 2849 32
2742 2778 32
2900 2903 32
2742 2733 32
2735 2734 32
2735 2734 32
1459 1455 32
1460 1458 32
1281 1288 32
1288 1289 32
1288 1281 32
1136 1119 32
1119 1118 32
1117 1118 32
2059 2026 32
2386 2387 32
5578 5561 32
2122 2096 32
1928 1879 32
1984 2009 32
2067 2034 32
2328 2311 32
2051 2039 32
2331 2327 32
2568 2536 32
2533 2532 32
2579 2580 32
8730 8731 32
8118 8073 32
324 314 32
1037 1040 32
677 666 32
173 172 32
1931 1916 32
1818 1831 32
1736 1735 32
2146 2144 32
2144 2129 32
2123 2161 32
2428 2392 32
2837 2854 32
1094 1092 32
2609 2623 32
2609 2623 32
2027 2033 32
1879 1931 32
5578 5561 32
6381 6507 32
6381 6507 32
6381 6507 32
1112 1113 33
1555 2959 33
1565 1564 33
1835 1842 33
231 230 33
108 109 33
391 392 33
279 291 33
1401 1412 33
1454 1457 33
1494 1496 33
960 1013 33
1215 1211 33
1026 1028 33
422 431 33
1355 1383 33
1347 1332 33
1316 1320 33
279 271 33
391 392 33
1944 1930 33
1969 2001 33
882 891 33
891 892 33
882 890 33
890 889 33
2575 2593 33
411 373 33
1472 1473 33
1648 1662 33
1899 1913 33
1026 1027 33
766 765 33
765 767 33
736 718 33
905 907 33
1777 1791 33
218 223 33
1720 1721 33
1701 1792 33
1795 1794 33
1834 1851 33
1811 1805 33
1767 1770 33
342 357 33
391 392 33
1706 1707 33
618 1710 33
713 696 33
696 706 33
148 156 33
156 114 33
1899 1913 33
456 440 33
989 988 33
2429 2439 33
2098 2097 33
2325 2311 33
2283 2285 33
2294 2292 33
2292 2293 33
3035 3012 33
2849 2836 33
2735 2768 33
2778 2777 33
2903 2907 33
2907 2904 33
2733 2764 33
2734 2752 33
2736 2738 33
2734 2752 33
2736 2738 33
2738 2739 33
1455 1236 33
1458 1446 33
1289 1290 33
1290 1500 33
1281 1287 33
1287 1279 33
1118 1117 33
1117 824 33
1118 1119 33
2026 2388 33
2387 2366 33
346 360 33
5561 798 33
798 802 33
2096 2088 33
2009 1987 33
1959 1922 33
2352 2401 33
2034 2076 33
2479 2480 33
2803 2806 33
2311 2357 33
2039 2050 33
2327 2380 33
2533 2535 33
2536 2537 33
2580 2514 33
8073 8123 33
6507 6308 33
314 318 33
365 356 33
666 676 33
676 669 33
1026 1047 33
391 392 33
172 979 33
1918 1957 33
1916 1881 33
1831 1824 33
218 233 33
1735 1734 33
2129 2128 33
2392 2430 33
2854 2853 33
2930 2917 33
1026 1047 33
1042 1044 33
1092 1080 33
2609 2623 33
2736 2738 33
2623 2610 33
2033 2041 33
1931 1902 33
5561 798 33
798 802 33
1113 1096 34
1096 1114 34
2959 2992 34
2992 2995 34
1564 1553 34
207 201 34
1842 1843 34
230 213 34
109 107 34
291 281 34
1412 1404 34
257 262 34
1496 1498 34
1498 1503 34
1013 1012 34
1028 1029 34
1945 1938 34
431 421 34
1332 1330 34
1320 1321 34
411 379 34
1930 1929 34
2001 1974 34
892 881 34
889 864 34
2623 2676 34
2593 2592 34
1920 1886 34
373 407 34
1473 1471 34
1662 1651 34
1913 195 34
111 120 34
767 768 34
718 715 34
907 911 34
223 219 34
1721 1713 34
1792 1793 34
1794 1789 34
1851 1832 34
1805 1853 34
1770 1773 34
1773 1768 34
357 118 34
1707 1703 34
1710 1712 34
540 557 34
706 707 34
114 146 34
1913 1923 34
440 786 34
988 985 34
985 964 34
2439 2398 34
2097 2088 34
2311 2357 34
2285 2281 34
2293 2278 34
3012 2969 34
2836 2849 34
2777 2776 34
2904 2932 34
2752 2749 34
2738 2813 34
2752 2759 34
1236 1246 34
1246 1237 34
1500 1336 34
1279 1282 34
824 833 34
833 826 34
1119 1136 34
1136 1138 34
2388 2432 34
2900 2905 34
2366 2369 34
802 804 34
2088 2084 34
1879 1919 34
2076 2024 34
2806 2477 34
1882 1902 34
2370 2366 34
2050 1912 34
2380 2379 34
2535 2515 34
2537 2556 34
2532 2531 34
318 992 34
356 326 34
389 388 34
1040 1044 34
669 664 34
664 568 34
1047 1048 34
2084 2086 34
979 978 34
1824 1849 34
1849 1826 34
233 228 34
1734 1727 34
470 473 34
2128 1622 34
2161 2160 34
2853 2819 34
2609 2575 34
2917 2914 34
2914 2911 34
1047 1048 34
1080 1085 34
1085 1081 34
2738 2739 34
2623 2676 34
2610 2665 34
2041 2035 34
802 804 34
6507 6296 34
6507 6296 34
6507 6308 34
1114 1311 35
2995 2963 35
2963 2976 35
1553 1576 35
1843 1828 35
213 215 35
215 211 35
107 105 35
392 977 35
281 275 35
540 557 35
540 557 35
540 534 35
1404 1413 35
262 303 35
1503 1514 35
1514 1513 35
540 557 35
540 534 35
1012 995 35
1029 1030 35
1938 1890 35
421 420 35
1321 1322 35
271 272 35
392 977 35
1929 1949 35
881 869 35
864 753 35
2676 2611 35
2592 2591 35
2591 2590 35
407 403 35
1471 1444 35
1651 1611 35
1457 1450 35
120 142 35
1027 742 35
768 770 35
715 716 35
911 915 35
1791 1789 35
219 245 35
1713 1719 35
1719 1718 35
1793 1796 35
1832 1839 35
1853 1868 35
1768 1776 35
118 117 35
392 977 35
1703 1708 35
1708 1711 35
1712 1711 35
557 558 35
540 534 35
707 690 35
146 1922 35
786 780 35
1905 1919 35
964 965 35
2398 2395 35
2088 2084 35
2281 2280 35
2278 2279 35
2969 2972 35
2972 2975 35
2975 2946 35
2849 2838 35
2768 2771 35
2776 2775 35
2932 2926 35
2764 2952 35
2749 2782 35
2759 2758 35
2739 2731 35
1237 1247 35
1336 1337 35
1337 1338 35
1282 1303 35
826 832 35
1138 1139 35
1139 1145 35
2432 2402 35
2905 2898 35
2898 1386 35
360 326 35
804 805 35
1987 1990 35
1922 146 35
2401 2395 35
2480 2497 35
2477 2481 35
2366 2369 35
2355 2356 35
2379 2357 35
2531 2514 35
2514 2531 35
8123 8120 35
992 997 35
568 572 35
1048 1052 35
392 977 35
978 980 35
1957 1894 35
1881 1885 35
1826 1828 35
228 234 35
1727 1733 35
473 472 35
1622 1634 35
2160 2178 35
2575 2593 35
2911 2913 35
1048 1050 35
1081 1087 35
2623 2676 35
2665 2662 35
2662 2663 35
2035 2030 35
1879 1931 35
1902 1882 35
804 805 35
1311 1314 36
2976 2996 36
2996 2962 36
1576 1532 36
1532 1524 36
201 2020 36
1828 1826 36
211 212 36
105 106 36
977 980 36
275 270 36
557 562 36
562 563 36
557 558 36
534 523 36
1413 1394 36
303 302 36
1513 1505 36
557 556 36
534 533 36
1211 1212 36
1030 961 36
1890 1939 36
1939 1940 36
420 587 36
1330 1335 36
1322 1323 36
272 257 36
379 384 36
977 980 36
1974 1915 36
869 863 36
753 749 36
2611 2660 36
2590 2589 36
1886 1924 36
403 396 36
1444 1446 36
1611 1615 36
195 189 36
142 136 36
742 745 36
770 870 36
870 871 36
716 717 36
915 921 36
1789 1819 36
1718 1717 36
1796 1788 36
1839 1825 36
1868 1818 36
1776 1778 36
977 980 36
1711 1712 36
1711 1708 36
558 561 36
534 533 36
1923 190 36
314 313 36
780 714 36
965 963 36
2395 2401 36
2357 2364 36
2280 2279 36
2279 2278 36
2279 2280 36
2946 2957 36
2957 2956 36
2838 2842 36
2842 2839 36
2775 2889 36
2926 2915 36
2952 2951 36
2782 2750 36
2813 2812 36
2758 2757 36
2731 2741 36
1247 1254 36
1338 1339 36
1303 1304 36
1304 1306 36
1306 1307 36
832 828 36
828 819 36
1145 1148 36
1148 1090 36
2402 2449 36
1386 1389 36
389 384 36
805 806 36
806 807 36
2084 2106 36
1919 1899 36
1990 1988 36
2395 2398 36
2024 2440 36
2497 2501 36
1902 1931 36
2369 2364 36
1912 1882 36
2356 2361 36
2515 2556 36
2556 2515 36
8120 8121 36
6472 6471 36
6308 6304 36
997 982 36
326 328 36
388 387 36
1044 1128 36
572 595 36
595 592 36
1052 1018 36
1044 1154 36
977 980 36
1828 1848 36
234 229 36
1733 1728 36
690 707 36
472 477 36
477 478 36
1634 1626 36
1050 1049 36
1211 1212 36
1044 1128 36
2676 2655 36
2655 2679 36
2739 2731 36
2676 2611 36
1931 1902 36
805 806 36
806 807 36
6296 6379 36
6296 6379 36
1314 1315 37
2962 2991 37
2991 2961 37
1524 1527 37
1826 1849 37
212 112 37
106 117 37
980 165 37
270 266 37
563 564 37
558 560 37
560 577 37
523 531 37
1394 1397 37
302 306 37
306 307 37
1505 1512 37
1512 1504 37
556 547 37
995 1003 37
1212 998 37
961 967 37
1940 1943 37
587 589 37
1335 1329 37
1323 1309 37
1327 1317 37
980 978 37
1949 1887 37
863 894 37
749 752 37
2660 2612 37
2589 2456 37
1690 1688 37
1924 1963 37
314 260 37
525 543 37
1446 1443 37
1615 1644 37
1450 1451 37
189 205 37
745 741 37
871 867 37
825 831 37
6507 6308 37
921 914 37
1819 1820 37
245 243 37
1717 1732 37
1788 1789 37
1789 1788 37
1825 1840 37
1818 1831 37
980 978 37
1712 1710 37
1708 1703 37
1703 1707 37
561 591 37
1922 1959 37
190 1959 37
313 257 37
714 715 37
963 962 37
2401 2352 37
2364 2359 37
2278 2293 37
2280 2281 37
2281 2286 37
3014 3013 37
2839 2850 37
2889 2888 37
2915 2927 37
2951 2956 37
2750 2797 37
2812 2811 37
2757 2756 37
1254 1253 37
1446 1441 37
1441 1442 37
1339 1340 37
1340 1341 37
1307 1309 37
819 811 37
1090 1082 37
2449 2452 37
1389 1385 37
326 1668 37
807 816 37
816 808 37
146 156 37
2440 2400 37
2501 2477 37
2481 2496 37
2364 2357 37
2361 2357 37
2357 2361 37
2556 2537 37
2515 2535 37
2514 2580 37
2531 2532 37
8731 8944 37
6471 6406 37
6304 6468 37
982 987 37
328 329 37
1480 1489 37
1128 1132 37
592 588 37
1018 1017 37
1154 1162 37
980 978 37
980 977 37
1894 2029 37
1885 270 37
1848 1830 37
1728 1739 37
1778 1775 37
540 543 37
707 706 37
706 696 37
478 611 37
1626 236 37
2593 2606 37
1049 1051 37
1212 1213 37
1128 1154 37
1087 1082 37
2679 2647 37
2731 2740 37
2611 2661 37
2663 2684 37
2030 2054 37
1882 1912 37
807 816 37
816 808 37
6379 6506 37
6379 6506 37
6308 6304 37
1482 1470 38
1315 1328 38
1527 1517 38
1517 1521 38
1849 1824 38
1824 1831 38
112 119 38
117 139 38
165 166 38
266 265 38
564 559 38
577 578 38
531 530 38
1397 1385 38
307 310 38
547 586 38
533 538 38
538 535 38
998 1003 38
967 963 38
1943 1965 38
589 588 38
1329 1286 38
1309 1307 38
1317 1311 38
257 260 38
384 387 38
1915 1973 38
894 896 38
752 751 38
2612 2619 38
2456 2475 38
1688 1687 38
1963 1878 38
543 540 38
1443 1427 38
1644 1624 38
205 188 38
136 134 38
867 872 38
872 868 38
717 396 38
831 830 38
914 852 38
1820 1816 38
243 246 38
1732 1731 38
1731 1730 38
1789 1794 38
1788 1796 38
1840 1831 38
1831 1840 38
1840 1825 38
117 137 38
1707 1706 38
591 596 38
533 519 38
1959 190 38
1959 1922 38
257 298 38
715 728 38
1919 1879 38
962 743 38
2352 2344 38
2084 2095 38
2095 2113 38
2359 2354 38
2286 2283 38
3013 7186 38
2888 2882 38
2927 2913 38
2797 2796 38
2796 2743 38
2811 2804 38
2756 2857 38
1253 1252 38
1442 1407 38
1407 1404 38
1341 1331 38
1331 1342 38
1309 1310 38
811 808 38
1082 1075 38
2452 2445 38
1385 1426 38
808 815 38
6507 6366 38
2106 2087 38
1988 2017 38
2398 2400 38
2400 2398 38
1931 1879 38
2361 2356 38
2535 2533 38
2532 2533 38
8121 8122 38
6406 6469 38
6468 6311 38
1978 1979 38
714 716 38
987 979 38
329 1671 38
387 384 38
1132 1124 38
1124 1127 38
588 589 38
1017 996 38
1045 1060 38
1162 1155 38
977 392 38
1739 1730 38
1730 1731 38
1775 1768 38
1768 1773 38
543 525 38
696 705 38
705 704 38
611 608 38
236 232 38
2819 2826 38
2868 2872 38
2872 2873 38
2606 2603 38
1051 1062 38
1213 1227 38
1154 1129 38
1082 1090 38
2647 2705 38
2705 2729 38
2740 2780 38
1902 1882 38
808 815 38
6507 6366 38
6506 6363 38
6506 6363 38
6304 6349 38
1470 1474 39
1328 1301 39
1521 1495 39
1831 1818 39
1818 1857 39
119 122 39
166 170 39
265 258 39
559 565 39
565 566 39
578 571 39
530 507 39
1385 1388 39
310 1434 39
586 546 39
535 468 39
1003 998 39
1003 995 39
963 965 39
1965 177 39
588 592 39
1286 1283 39
1307 1295 39
1311 1187 39
978 979 39
1887 1965 39
1973 1893 39
751 748 39
2619 2613 39
2475 2455 39
1687 1674 39
1878 1929 39
540 534 39
1427 1426 39
1624 1633 39
1451 1437 39
188 230 39
134 162 39
741 734 39
868 866 39
396 397 39
830 827 39
852 803 39
1816 1857 39
246 251 39
1730 1739 39
1794 1795 39
1796 1793 39
1831 1818 39
1818 1857 39
1825 1839 39
137 144 39
978 166 39
1710 618 39
1706 1702 39
596 573 39
519 518 39
190 1923 39
1922 146 39
298 268 39
2344 2343 39
2113 2100 39
2354 2353 39
2293 2292 39
2283 2269 39
2771 2773 39
2882 2891 39
2913 2942 39
2956 2944 39
2743 2817 39
2804 2810 39
2741 2763 39
1252 1272 39
1404 1412 39
1412 1401 39
1342 1332 39
1310 1196 39
1196 1189 39
808 823 39
1075 1071 39
1071 1076 39
2445 2397 39
1426 1436 39
384 346 39
6366 6367 39
2087 1975 39
1899 1914 39
2017 2081 39
156 157 39
2477 2806 39
2496 2480 39
1882 1902 39
2356 2355 39
2537 2536 39
2580 2579 39
8122 8829 39
6469 6477 39
6311 6360 39
6298 6297 39
1979 207 39
716 717 39
979 978 39
1671 1667 39
1667 1670 39
384 367 39
1127 1125 39
589 587 39
996 1000 39
1060 1053 39
1155 1159 39
978 979 39
392 391 39
2029 2045 39
7199 7186 39
270 275 39
1731 1732 39
1732 1717 39
1773 1770 39
1770 1767 39
525 524 39
710 709 39
704 703 39
232 229 39
2826 2825 39
2873 2874 39
2603 2594 39
2594 2668 39
1062 1065 39
1227 1222 39
1129 1121 39
1090 1148 39
2729 2685 39
2780 2779 39
2661 2582 39
2684 2701 39
6366 6367 39
6363 6448 39
6363 6448 39
6349 6307 39
1474 1463 40
1301 1300 40
1495 1497 40
1857 1863 40
1863 1852 40
139 141 40
170 168 40
258 264 40
566 633 40
571 670 40
507 515 40
515 505 40
1388 1387 40
1434 1428 40
546 545 40
468 462 40
998 1212 40
965 964 40
177 180 40
592 595 40
1283 1279 40
1295 1293 40
1187 1184 40
387 389 40
979 172 40
748 736 40
2613 2614 40
2455 2462 40
1674 1677 40
260 269 40
534 539 40
1633 1623 40
866 873 40
397 400 40
827 829 40
829 799 40
6308 6306 40
803 800 40
1857 1863 40
251 1621 40
1621 1608 40
1739 1726 40
1795 1790 40
1793 1792 40
1857 1868 40
1839 1832 40
144 138 40
618 602 40
1702 1705 40
1705 1673 40
573 570 40
518 520 40
520 463 40
1923 1913 40
146 114 40
114 156 40
268 267 40
728 726 40
1879 1931 40
743 741 40
2343 2347 40
2100 2090 40
2353 2378 40
2292 2294 40
2294 2297 40
2269 2270 40
2891 2892 40
2892 3041 40
2942 2941 40
2810 2809 40
1272 1276 40
1401 1403 40
1189 1195 40
1195 1194 40
823 815 40
1076 1106 40
2397 2441 40
1436 1435 40
1435 1437 40
1905 1958 40
1668 1672 40
6367 6315 40
2081 2053 40
2400 2440 40
2398 2395 40
2806 2803 40
2480 2479 40
2357 2364 40
2536 2568 40
2579 2561 40
2533 2545 40
8944 8795 40
6477 6475 40
6360 6312 40
207 231 40
717 396 40
978 980 40
1670 1669 40
367 385 40
385 383 40
1125 1122 40
587 420 40
1000 1006 40
1053 1062 40
1159 1161 40
979 172 40
1717 1718 40
1767 1772 40
1772 1771 40
524 527 40
709 708 40
703 691 40
625 628 40
2052 2034 40
2178 2165 40
2825 2818 40
2874 2875 40
2875 2890 40
2668 2616 40
1065 1066 40
1222 1223 40
1121 1130 40
1148 1145 40
1145 1141 40
2685 2709 40
2779 2700 40
2582 2581 40
2701 2702 40
2054 2053 40
1882 1912 40
1912 2050 40
6367 6315 40
6448 6316 40
6448 6316 40
6307 6473 40
1463 1469 41
1300 1302 41
1497 1503 41
1852 1856 41
122 131 41
141 126 41
168 174 41
264 256 41
633 650 41
670 675 41
505 512 41
1387 1429 41
545 544 41
544 425 41
462 467 41
1212 1211 41
995 1012 41
964 958 41
180 174 41
595 572 41
1279 1285 41
1293 1273 41
1184 1186 41
1093 1089 41
260 317 41
172 173 41
1893 1919 41
2462 2397 41
1677 1673 41
1929 1888 41
269 263 41
396 725 41
539 597 41
1426 1435 41
1623 1639 41
230 235 41
734 729 41
873 874 41
874 895 41
799 817 41
6306 6356 41
800 801 41
801 860 41
1863 1854 41
1608 1618 41
1726 1728 41
1790 1799 41
1799 1798 41
1792 1701 41
1868 1853 41
1832 1851 41
1741 1745 41
138 132 41
166 161 41
602 604 41
1673 1676 41
570 567 41
463 469 41
1913 1899 41
156 148 41
267 258 41
726 722 41
1931 1945 41
741 735 41
2347 2234 41
2090 2111 41
2378 2377 41
2297 2290 41
2270 2268 41
7186 7199 41
2941 2944 41
2817 2820 41
2809 2808 41
2763 2615 41
1276 1291 41
1291 1292 41
1403 2929 41
1332 1347 41
1194 1188 41
1106 1095 41
2441 2430 41
1437 1438 41
1958 1931 41
6315 6333 41
1975 1969 41
1914 2002 41
2440 2024 41
2803 2802 41
2357 2311 41
2364 2369 41
1902 1931 41
2357 2379 41
2568 2416 41
2533 2511 41
2561 2578 41
8829 8830 41
6475 6435 41
6312 6434 41
396 397 41
1669 1646 41
383 380 41
1122 883 41
883 1123 41
420 421 41
1006 1221 41
1062 1064 41
1161 1157 41
172 173 41
391 389 41
2045 2030 41
7186 7330 41
275 281 41
1718 1719 41
1771 1697 41
1697 1696 41
527 522 41
708 694 41
628 600 41
608 603 41
2034 2056 41
2165 2153 41
2818 2824 41
1223 1229 41
1130 1126 41
1141 1134 41
2709 2710 41
2581 2567 41
2567 2583 41
2702 2683 41
2053 2081 41
2050 2039 41
6315 6333 41
6316 6333 41
6316 6333 41
1302 1334 42
1334 1329 42
1503 1506 42
1856 1866 42
131 126 42
126 131 42
174 178 42
650 651 42
675 664 42
512 513 42
425 352 42
467 466 42
1211 1215 42
958 966 42
174 173 42
162 389 42
572 568 42
1285 1284 42
1273 1292 42
1186 1185 42
1089 1079 42
1079 1083 42
317 178 42
173 174 42
736 723 42
2614 2640 42
2397 2441 42
2441 2430 42
2620 2686 42
1673 1678 42
1888 256 42
263 256 42
597 599 42
1435 1437 42
1639 237 42
235 229 42
162 389 42
729 402 42
162 389 42
895 884 42
400 395 42
817 816 42
816 808 42
6356 6314 42
860 815 42
1854 1861 42
1618 1615 42
1728 1733 42
1798 1800 42
1701 1700 42
1853 1805 42
1851 1834 42
1745 1744 42
132 158 42
161 158 42
604 605 42
1676 1812 42
567 572 42
469 465 42
1899 1919 42
148 155 42
258 1890 42
722 720 42
735 733 42
2111 2112 42
2112 2275 42
2377 2368 42
2290 2301 42
2268 2273 42
2773 2745 42
2820 2821 42
2808 2807 42
2929 2926 42
1347 1348 42
1188 1172 42
1095 1098 42
1931 1930 42
6333 6332 42
2002 1974 42
2053 2054 42
2024 2076 42
2395 2401 42
2479 2453 42
2311 2328 42
2369 2366 42
2379 2380 42
2416 2415 42
2578 2607 42
2545 2546 42
8830 8825 42
6435 6434 42
6434 6435 42
231 232 42
397 400 42
980 977 42
380 374 42
1123 840 42
421 431 42
431 422 42
1221 1226 42
1064 1066 42
1157 1152 42
173 174 42
281 276 42
1719 1713 42
1696 1690 42
522 510 42
694 691 42
600 602 42
603 606 42
2056 2068 42
2939 2944 42
2824 2823 42
1066 1163 42
1229 1221 42
1126 1156 42
1134 1142 42
154 146 42
2020 1978 42
1900 1904 42
2039 2051 42
6333 6332 42
6333 6384 42
6333 6384 42
6473 6348 42
1329 1502 43
1506 1508 43
1866 1859 43
126 141 43
131 122 43
178 179 43
651 635 43
664 669 43
513 482 43
352 427 43
427 428 43
466 461 43
1012 1013 43
966 979 43
173 172 43
568 664 43
1284 1280 43
1280 1274 43
1185 1179 43
1083 1088 43
174 180 43
1965 177 43
1919 1879 43
977 392 43
896 876 43
723 720 43
2640 2671 43
2430 2024 43
2686 8871 43
1678 1663 43
256 1888 43
599 601 43
1437 1433 43
402 391 43
884 842 43
842 843 43
395 391 43
808 823 43
6314 6357 43
1861 1602 43
1733 1727 43
1800 1801 43
1700 1699 43
1805 1811 43
1834 1850 43
1744 1740 43
158 161 43
158 132 43
605 601 43
465 470 43
1919 1879 43
155 147 43
1945 1938 43
733 721 43
2368 2369 43
2301 2310 43
2310 2222 43
2273 2274 43
2821 2822 43
2807 2802 43
2926 2912 43
1348 1358 43
1358 1359 43
1172 1180 43
1098 1173 43
346 360 43
6332 6303 43
1969 2001 43
1974 2001 43
2054 2030 43
2401 2352 43
2802 2814 43
2328 2261 43
2366 2370 43
1931 1879 43
2380 2327 43
2415 2414 43
2511 2540 43
2607 2420 43
2508 2532 43
2546 2547 43
3057 3120 43
8825 8832 43
232 229 43
977 392 43
374 378 43
840 849 43
422 443 43
1066 1163 43
1152 1150 43
174 178 43
2030 2031 43
1291 1292 43
7330 1581 43
1713 1721 43
510 511 43
691 702 43
702 701 43
606 604 43
604 602 43
2068 2069 43
1163 1176 43
1221 1219 43
1156 1160 43
1142 1137 43
2710 2711 43
2700 2717 43
2583 2601 43
2683 2728 43
2081 2017 43
1978 1976 43
1912 1986 43
2051 2037 43
6332 6303 43
6348 6297 43
1502 1501 44
1508 1509 44
1859 1867 44
1867 1648 44
122 119 44
635 542 44
669 676 44
676 666 44
482 489 44
428 429 44
429 351 44
1215 1214 44
1013 960 44
979 172 44
172 979 44
664 669 44
1274 1292 44
1179 1178 44
1088 1090 44
178 174 44
180 177 44
177 180 44
392 391 44
876 837 44
2671 2631 44
8871 2617 44
1663 1666 44
256 263 44
725 720 44
601 600 44
1433 304 44
391 389 44
843 838 44
391 389 44
6357 6358 44
1602 1600 44
1615 1611 44
1727 1734 44
1734 1735 44
1801 1797 44
1699 1692 44
1811 1808 44
1850 1833 44
1740 1742 44
1742 1743 44
132 138 44
1812 1807 44
470 475 44
147 149 44
1890 1938 44
1938 1890 44
721 720 44
2369 2373 44
2222 2221 44
2274 2275 44
2822 2816 44
2802 2940 44
2615 2616 44
1359 1349 44
1180 1169 44
1173 1182 44
1930 1929 44
6303 6328 44
6328 6331 44
2001 1974 44
2001 1969 44
2076 2034 44
2814 2940 44
2453 2464 44
2261 2242 44
2327 2331 44
2540 2508 44
2547 2522 44
8729 8730 44
6434 6312 44
6435 6436 44
400 395 44
392 391 44
1646 1655 44
378 371 44
849 841 44
443 446 44
446 451 44
1226 1265 44
1163 1176 44
1150 1149 44
178 317 44
1581 1582 44
1582 1583 44
276 278 44
1721 1720 44
1690 1688 44
511 505 44
701 697 44
602 604 44
602 600 44
2069 2035 44
2153 2158 44
2944 2940 44
2823 2816 44
1176 1175 44
1219 1230 44
1160 1144 44
1144 1143 44
1137 1133 44
2711 2721 44
2717 2719 44
2601 2580 44
2728 2620 44
2369 2366 44
146 1922 44
2017 1988 44
1976 1975 44
1904 1989 44
1986 2015 44
6303 6328 44
6328 6331 44
6384 6318 44
6318 6319 44
6384 6318 44
6318 6319 44
6297 6337 44
1501 1500 45
1509 1500 45
1648 1661 45
1661 1649 45
179 255 45
542 662 45
666 665 45
489 490 45
490 491 45
351 354 45
1214 1235 45
960 963 45
172 173 45
979 966 45
669 676 45
676 666 45
1292 1275 45
1178 1177 45
1090 1148 45
1148 1145 45
174 173 45
177 1965 45
180 174 45
837 848 45
848 839 45
2631 2622 45
2024 2031 45
2617 2622 45
263 269 45
1888 1929 45
720 721 45
237 235 45
304 312 45
229 237 45
237 1639 45
838 823 45
6358 6359 45
1600 1611 45
1611 1600 45
1735 1736 45
1692 1698 45
1808 1806 45
1833 1828 45
1743 1682 45
161 166 45
138 144 45
1807 1695 45
572 580 45
475 471 45
471 464 45
149 141 45
1938 1916 45
720 721 45
720 722 45
2373 2372 45
2221 2219 45
2816 2823 45
2940 2944 45
2616 2626 45
1182 1169 45
360 326 45
6331 6330 45
1969 1975 45
2030 2035 45
2034 2067 45
2352 2344 45
2940 2944 45
2464 2473 45
2242 2262 45
2331 2320 45
2508 2540 45
2414 2413 45
2508 2633 45
2420 2448 45
3120 3066 45
8795 8732 45
8832 8831 45
6312 6360 45
6436 6475 45
229 250 45
395 391 45
1655 1649 45
1649 1661 45
371 358 45
162 389 45
1480 1486 45
815 841 45
841 815 45
451 456 45
1265 1268 45
1176 1175 45
1149 1145 45
2031 2024 45
1583 1579 45
278 312 45
1720 1724 45
1724 1714 45
1688 1694 45
505 512 45
697 688 45
604 606 45
606 603 45
2035 2071 45
2158 1830 45
1830 2153 45
2940 2814 45
2816 2822 45
2890 2948 45
2616 2615 45
1175 1169 45
1230 1170 45
1143 1133 45
1133 1143 45
2721 2720 45
2719 2720 45
2580 2601 45
2366 2387 45
1988 1990 45
1975 1982 45
6331 6330 45
6319 6335 45
6319 6335 45
6337 6322 45
1500 1509 46
881 869 46
1500 1501 46
1649 1655 46
119 112 46
255 263 46
256 263 46
662 661 46
661 634 46
491 488 46
354 355 46
1235 1238 46
963 962 46
173 174 46
966 958 46
389 393 46
1275 1268 46
1177 1169 46
1145 1149 46
173 172 46
389 391 46
1965 1887 46
174 173 46
1879 1931 46
391 402 46
839 836 46
2622 2617 46
2622 2631 46
1666 1650 46
269 260 46
600 628 46
312 278 46
1639 1623 46
389 391 46
389 134 46
389 391 46
6359 6313 46
1611 1615 46
1600 1602 46
1736 1679 46
1698 1686 46
1806 1693 46
1828 1848 46
1682 1681 46
166 978 46
144 137 46
1695 1686 46
580 579 46
1879 1931 46
1916 1931 46
1890 258 46
722 726 46
2372 2371 46
2371 2365 46
2219 2207 46
1879 1931 46
2823 2824 46
2944 2939 46
2626 2670 46
2670 2669 46
1929 1901 46
389 384 46
6330 6292 46
1974 2002 46
2344 2343 46
2944 2961 46
2473 2455 46
2262 2263 46
2540 2511 46
2413 2335 46
2522 2509 46
2933 2911 46
8831 8826 46
6360 6311 46
6475 6477 46
391 395 46
1661 1648 46
784 771 46
358 455 46
1486 1516 46
1516 1518 46
841 849 46
1268 1278 46
1278 1273 46
1291 1273 46
1175 1169 46
317 260 46
1879 1918 46
389 387 46
1579 1584 46
1584 1585 46
312 304 46
1694 1689 46
688 687 46
687 682 46
603 608 46
600 628 46
2071 2036 46
2153 2166 46
2430 2427 46
2814 2807 46
2822 2821 46
2615 2625 46
1170 1183 46
1183 1169 46
1133 1137 46
1143 1144 46
1144 1160 46
2720 2719 46
2720 2721 46
2721 2711 46
2601 2583 46
2583 2567 46
2387 2386 46
1922 1959 46
1990 1987 46
2331 2316 46
2274 2275 46
1989 2003 46
2015 1987 46
2037 1972 46
2620 2621 46
2037 1972 46
6330 6292 46
6335 6336 46
6336 6353 46
6335 6336 46
6336 6353 46
6322 6347 46
1509 1508 47
1508 1506 47
1501 1502 47
1502 1329 47
1655 1646 47
141 139 47
112 212 47
263 256 47
263 255 47
488 483 47
355 454 47
454 455 47
1238 1236 47
962 968 47
174 180 47
958 964 47
1169 1175 47
1149 1150 47
172 979 47
173 172 47
1931 1944 47
402 729 47
836 855 47
2617 8871 47
2031 2030 47
2631 2671 47
1650 1654 47
1929 1878 47
721 735 47
628 625 47
235 230 47
278 276 47
1623 1633 47
815 860 47
6313 923 47
923 930 47
1615 1618 47
1602 1861 47
1679 1680 47
1686 1694 47
1693 1686 47
1848 1830 47
1681 1684 47
978 980 47
1686 1694 47
579 581 47
581 582 47
1931 1916 47
1931 1879 47
721 735 47
258 267 47
726 728 47
2275 2250 47
2365 2329 47
2329 2330 47
2850 2851 47
2944 2957 47
1931 1916 47
2944 2941 47
2824 2818 47
2669 2668 47
1901 1935 47
326 1668 47
6292 6302 47
1975 2087 47
2035 2033 47
2421 2081 47
2067 2066 47
2343 2347 47
2455 2560 47
2263 2234 47
2320 2315 47
2511 2533 47
2335 2318 47
2633 2634 47
2448 2418 47
2509 2507 47
3066 3145 47
8732 8733 47
8826 8833 47
6311 6468 47
6477 6469 47
250 254 47
395 400 47
1648 1867 47
771 792 47
455 454 47
1518 1515 47
849 840 47
456 406 47
1273 1293 47
1169 1177 47
1145 1148 47
260 257 47
2024 2430 47
1585 1554 47
304 1433 47
682 685 47
685 686 47
608 611 47
628 625 47
2036 2032 47
2427 2399 47
3041 3042 47
3042 3043 47
2807 2808 47
2821 2820 47
2948 2947 47
2625 2624 47
1137 1142 47
2711 2710 47
1438 1435 47
2386 2385 47
1987 2009 47
1982 2021 47
2275 1981 47
2003 2004 47
2621 2643 47
6292 6302 47
6353 6354 47
6353 6354 47
1506 1503 48
869 885 48
1329 1334 48
139 117 48
212 211 48
256 264 48
255 179 48
483 492 48
492 487 48
1504 1512 48
1512 1505 48
455 358 48
358 371 48
968 975 48
180 177 48
964 965 48
393 386 48
1268 1265 48
1175 1176 48
1150 1152 48
979 978 48
391 392 48
1887 1949 48
172 979 48
1944 1930 48
855 851 48
720 730 48
8871 2620 48
2030 2045 48
2671 2640 48
1654 1646 48
735 741 48
625 616 48
230 188 48
276 281 48
281 275 48
1633 1624 48
391 402 48
391 395 48
823 838 48
860 801 48
930 927 48
1618 1608 48
1861 1854 48
146 1922 48
1680 1684 48
1694 1688 48
1686 1694 48
137 117 48
1694 1688 48
582 583 48
1916 1881 48
1879 1918 48
735 741 48
267 268 48
728 715 48
2453 2474 48
2250 2237 48
2330 2331 48
2851 2852 48
2852 2839 48
1916 1881 48
2818 2825 48
2668 2594 48
1169 1175 48
1169 1183 48
1183 1170 48
1935 1948 48
6302 6425 48
6425 6320 48
2508 2565 48
2002 1914 48
2066 2064 48
2347 2234 48
2560 2600 48
2234 2233 48
2315 2339 48
2634 2635 48
2418 2410 48
6507 6297 48
3145 3146 48
8833 8834 48
6468 6304 48
6304 6308 48
6469 6406 48
391 392 48
1867 1859 48
1859 1866 48
792 796 48
486 487 48
454 355 48
1515 1519 48
840 1123 48
406 408 48
1273 1292 48
1293 1295 48
1177 1178 48
1148 1090 48
257 272 48
1918 1893 48
387 384 48
1292 1291 48
1554 1558 48
1433 1438 48
686 679 48
679 585 48
2032 2028 48
2399 2423 48
2423 2422 48
3043 3044 48
3044 3045 48
2808 2809 48
2820 2817 48
2947 2957 48
2624 2763 48
2857 2862 48
2862 2863 48
2912 2932 48
2932 2929 48
1169 1180 48
1169 1182 48
1142 1134 48
1160 1156 48
2719 2718 48
2718 2717 48
2710 2709 48
2567 2581 48
1435 1436 48
2620 2686 48
2021 2244 48
2316 2313 48
2004 2005 48
1987 1971 48
1972 1995 48
2643 2642 48
1972 1994 48
6302 6425 48
6425 6320 48
6354 6355 48
6355 5483 48
6354 6355 48
6355 5483 48
1646 1669 49
885 893 49
1334 1302 49
1302 1300 49
1646 1669 49
117 106 49
211 215 49
264 258 49
179 178 49
487 486 49
1428 1429 49
1505 1513 49
371 377 49
377 378 49
1236 1465 49
975 971 49
177 1965 49
965 963 49
386 414 49
414 418 49
1265 1226 49
1176 1163 49
1152 1157 49
978 980 49
1949 1929 49
979 978 49
1930 1929 49
729 730 49
2640 2614 49
1646 241 49
1878 1963 49
616 614 49
1830 1848 49
275 270 49
1624 1644 49
402 729 49
134 136 49
395 400 49
838 843 49
801 800 49
927 926 49
1608 1621 49
1854 1852 49
1922 1921 49
1684 1690 49
1694 1688 49
1684 1690 49
980 977 49
1688 1690 49
583 584 49
584 585 49
1881 1934 49
741 743 49
268 298 49
715 714 49
2474 2461 49
2237 2249 49
2331 2320 49
2839 2842 49
2941 2942 49
2942 2913 49
2825 2826 49
2594 2603 49
1175 1176 49
1176 1163 49
1170 1230 49
384 346 49
6320 6502 49
1914 1899 49
2087 2106 49
2033 2027 49
2064 2033 49
2234 2233 49
2600 2565 49
2233 2239 49
2533 2535 49
2318 2409 49
2635 2636 49
2532 2531 49
2911 1414 49
6320 6302 49
6308 6381 49
6406 6471 49
254 219 49
400 397 49
1866 1856 49
796 781 49
487 492 49
492 483 49
355 354 49
354 351 49
389 391 49
1519 1481 49
1123 883 49
408 405 49
1292 1274 49
1295 1307 49
1178 1179 49
1090 1083 49
384 379 49
2430 2442 49
1558 1559 49
1438 1451 49
625 630 49
585 584 49
584 583 49
229 232 49
2166 2179 49
2422 2421 49
7199 7186 49
3045 3046 49
3046 3047 49
2817 2743 49
2957 2956 49
2763 2762 49
2863 2864 49
2864 2859 49
2929 1403 49
1180 1172 49
1349 1376 49
1182 1173 49
1134 1141 49
1156 1126 49
2717 2700 49
2709 2685 49
2685 2729 49
2581 2582 49
1436 1426 49
2430 2442 49
2686 2687 49
2385 2384 49
1959 190 49
2009 1984 49
2313 2568 49
1981 2006 49
2005 1984 49
1971 2011 49
1995 2409 49
2642 2614 49
2037 1972 49
6320 6502 49
5483 5599 49
5483 5599 49
1669 1670 50
893 1122 50
1300 1301 50
1669 1670 50
106 105 50
215 213 50
258 265 50
178 174 50
1429 1434 50
1429 1387 50
1513 1514 50
1514 1503 50
378 374 50
1465 1466 50
971 976 50
1965 1943 50
418 415 50
1226 1221 50
1163 1066 50
1157 1161 50
392 977 50
978 980 50
1929 1949 50
730 720 50
730 729 50
2045 2029 50
2614 2613 50
614 623 50
1848 1828 50
1828 1826 50
188 205 50
270 1885 50
1644 1615 50
136 142 50
823 808 50
843 842 50
800 803 50
926 925 50
1621 251 50
251 246 50
1921 1908 50
977 392 50
117 118 50
585 679 50
1934 2044 50
1918 1905 50
298 257 50
714 780 50
2234 2265 50
2265 2241 50
2461 2457 50
2457 2469 50
2249 2248 50
2320 2324 50
2842 2848 50
2957 2951 50
1881 1885 50
2913 2927 50
2826 2819 50
2603 2606 50
1163 1066 50
1230 1219 50
1948 1922 50
1668 1672 50
815 808 50
808 816 50
2106 2084 50
2565 2577 50
2339 2338 50
2535 2515 50
2409 1995 50
2636 2637 50
2410 2447 50
2531 2514 50
3146 3147 50
8834 8824 50
6302 6329 50
6471 6472 50
239 221 50
392 977 50
397 396 50
1856 1852 50
781 788 50
788 787 50
483 488 50
146 1898 50
351 429 50
1481 1479 50
883 1122 50
405 407 50
1274 1280 50
1307 1309 50
1179 1185 50
1083 1079 50
1079 1089 50
272 271 50
2442 2462 50
1291 1251 50
1559 1553 50
1451 1450 50
630 631 50
631 632 50
464 471 50
583 582 50
611 478 50
2028 2044 50
232 236 50
2179 2160 50
2421 2396 50
2956 2946 50
2946 2975 50
3047 3039 50
3039 2893 50
2809 2810 50
2743 2796 50
2956 2947 50
2762 2741 50
2859 2755 50
1403 1401 50
1172 1188 50
1376 1359 50
1173 1098 50
1141 1145 50
1126 1130 50
2700 2779 50
2729 2705 50
2582 2661 50
1426 1385 50
2442 2435 50
2687 2682 50
2384 2383 50
1905 1958 50
1984 2008 50
2244 2251 50
2568 2577 50
2006 1970 50
2011 1983 50
2409 2318 50
2614 2618 50
1994 2411 50
815 808 50
808 816 50
5599 6394 50
5599 6394 50
1670 1671 51
1503 1497 51
1301 1328 51
1670 1671 51
105 107 51
213 230 51
265 266 51
174 168 51
634 661 51
661 662 51
662 542 51
1434 310 51
310 307 51
1387 1388 51
374 380 51
380 383 51
1466 1461 51
976 980 51
1943 1940 51
963 967 51
415 410 51
1066 1064 51
1161 1159 51
980 977 51
977 980 51
1929 1930 51
729 402 51
260 314 51
1963 1924 51
623 622 51
622 621 51
540 525 51
1826 1849 51
729 734 51
400 397 51
808 816 51
842 884 51
884 895 51
803 852 51
925 928 51
246 243 51
1690 1688 51
1690 1688 51
392 391 51
118 357 51
679 686 51
686 685 51
743 962 51
257 314 51
780 786 51
2241 2231 51
2469 2471 51
2199 2203 51
2248 2236 51
2324 2323 51
2848 2847 51
2951 2952 51
1885 1936 51
2927 2915 51
2915 2926 51
2819 2853 51
1066 1065 51
1219 1221 51
1922 146 51
816 807 51
6502 5518 51
1899 1879 51
2233 2239 51
2577 2568 51
2338 2337 51
1995 1972 51
2637 2618 51
2447 2411 51
6297 5478 51
1878 1880 51
6507 6316 51
8824 8834 51
6329 6301 51
6381 6507 51
6472 6404 51
6368 6369 51
219 221 51
977 980 51
396 717 51
1852 1863 51
787 780 51
488 491 51
665 666 51
429 428 51
428 427 51
391 392 51
1479 1485 51
1122 1125 51
1280 1284 51
1284 1285 51
1185 1186 51
1089 1093 51
271 279 51
1893 1973 51
379 411 51
851 855 51
1251 1255 51
1255 1250 51
1553 1576 51
632 615 51
615 624 51
471 475 51
582 581 51
478 477 51
2044 1934 51
236 1626 51
2396 2407 51
2975 2972 51
2972 2969 51
7186 7330 51
2893 2891 51
2745 2744 51
2744 2774 51
2810 2804 51
2796 2797 51
2797 2750 51
2947 2948 51
2948 2890 51
2741 2761 51
2755 2756 51
1401 1412 51
1292 1276 51
1188 1194 51
1359 1358 51
1358 1348 51
1098 1095 51
1145 1148 51
1130 1121 51
2705 2647 51
2647 2679 51
2661 2611 51
1385 1389 51
2435 2445 51
2682 2701 51
2383 2505 51
1958 1931 51
190 200 51
2008 1974 51
2251 2252 51
1984 2007 51
1983 2239 51
2318 2336 51
2618 2637 51
1972 1995 51
2411 2447 51
816 807 51
6502 5518 51
6394 6393 51
6394 6393 51
6343 6298 51
1497 1495 52
1122 1131 52
1328 1315 52
107 109 52
230 231 52
266 270 52
168 170 52
542 635 52
307 306 52
1388 1385 52
383 385 52
1461 1462 52
980 977 52
1940 1939 52
967 961 52
1221 1006 52
1064 1062 52
1159 1155 52
977 392 52
425 352 52
980 978 52
1930 1944 52
980 977 52
1949 1887 52
720 723 52
402 391 52
2029 1894 52
2613 2619 52
241 240 52
1924 1886 52
621 620 52
620 331 52
1849 1824 52
1824 1831 52
205 189 52
1885 1881 52
1615 1611 52
1611 1651 52
229 250 52
734 741 52
816 817 52
817 799 52
895 874 52
874 873 52
852 914 52
928 932 52
243 245 52
1908 210 52
685 682 52
2044 2028 52
962 963 52
786 404 52
404 440 52
2231 2236 52
2471 2468 52
2203 2202 52
2236 2231 52
2323 2349 52
2847 2846 52
2952 2764 52
1936 1937 52
2926 2932 52
2606 2593 52
1065 1062 52
1221 1229 52
807 806 52
806 805 52
2084 2088 52
2239 2252 52
2239 1983 52
2337 2336 52
2515 2556 52
1972 2037 52
2618 2614 52
2411 1994 52
2514 2580 52
3147 3634 52
8730 8731 52
8118 8073 52
8834 8833 52
6301 6326 52
221 219 52
980 978 52
717 716 52
1863 1818 52
780 714 52
491 490 52
490 489 52
461 466 52
427 352 52
1485 1462 52
1125 1127 52
1127 1124 52
407 410 52
1285 1279 52
1309 1323 52
1186 1184 52
1973 1915 52
855 836 52
2462 2455 52
1250 1233 52
1576 1532 52
1532 1524 52
1450 1457 52
1752 1754 52
624 617 52
475 470 52
581 579 52
579 580 52
477 472 52
1626 1634 52
2407 2351 52
2969 3012 52
2891 2882 52
2774 2773 52
2804 2811 52
2750 2782 52
2761 2740 52
2756 2757 52
1412 1404 52
1276 1272 52
1194 1195 52
1195 1189 52
1348 1347 52
1095 1106 52
1148 1090 52
1121 1129 52
2779 2780 52
2780 2740 52
2679 2655 52
1389 1386 52
2445 2451 52
2451 2431 52
2505 2517 52
1931 1930 52
2119 2143 52
2252 2239 52
2577 2565 52
1970 2007 52
2007 1970 52
2637 2636 52
1995 2409 52
2447 2410 52
807 806 52
806 805 52
6393 6392 52
6393 6392 52
6298 6411 52
6411 6412 52
1671 1668 53
1495 1521 53
1131 1156 53
1315 1314 53
1671 329 53
109 108 53
231 183 53
270 275 53
170 169 53
169 166 53
635 651 53
306 302 53
1385 1397 53
1503 1498 53
385 367 53
977 392 53
1939 1890 53
961 1030 53
410 407 53
1006 1000 53
1062 1053 53
1155 1162 53
392 391 53
352 447 53
1944 1931 53
977 392 53
723 736 53
391 392 53
2619 2612 53
240 245 53
1886 1920 53
331 328 53
1831 1818 53
1818 1857 53
189 195 53
1881 1916 53
1651 1662 53
142 120 53
397 396 53
799 829 53
873 866 53
914 921 53
932 943 53
245 219 53
1852 1863 53
391 389 53
357 342 53
682 687 53
2028 2032 53
963 965 53
440 456 53
2236 2248 53
2468 2470 53
2202 2192 53
2231 2241 53
2349 2350 53
2846 2845 53
2764 2733 53
1937 285 53
285 282 53
2932 2895 53
2593 2575 53
1229 1223 53
146 141 53
346 360 53
805 804 53
804 802 53
1879 1928 53
2088 2096 53
2252 2251 53
2336 2318 53
2556 2537 53
2614 2642 53
1994 1972 53
1425 305 53
8058 2836 53
2731 2732 53
8073 8123 53
6404 6403 53
6403 6402 53
6369 6320 53
219 254 53
221 239 53
716 714 53
1818 1831 53
714 716 53
489 482 53
666 676 53
676 669 53
466 467 53
352 425 53
392 977 53
1462 1461 53
1124 1132 53
410 415 53
1279 1283 53
1323 1322 53
1184 1187 53
279 284 53
1915 1974 53
836 839 53
2455 2475 53
1233 1220 53
1524 1527 53
1754 1758 53
617 1709 53
512 505 53
1690 1688 53
470 465 53
580 572 53
472 465 53
1934 1881 53
1634 1622 53
2351 2348 53
3012 3018 53
2882 2888 53
2773 2772 53
2772 2771 53
2748 2781 53
2811 2812 53
2782 2749 53
2740 2731 53
2757 2758 53
1404 1407 53
1407 1442 53
1442 1441 53
1272 1252 53
1189 1196 53
1347 1332 53
1106 1076 53
1090 1082 53
1129 1154 53
2740 2731 53
2655 2676 53
2611 2676 53
1386 2898 53
2431 2450 53
2517 2509 53
2143 2124 53
1911 1947 53
200 195 53
1974 1985 53
2007 1984 53
1970 2006 53
2336 2337 53
2636 2635 53
2409 2318 53
2410 2418 53
1971 1972 53
455 356 53
805 804 53
804 802 53
6392 6479 53
6392 6479 53
6412 6413 53
1521 1517 54
1156 1147 54
1314 1311 54
329 328 54
108 345 54
183 187 54
275 281 54
166 165 54
651 650 54
302 303 54
1397 1394 54
1498 1496 54
367 384 54
392 391 54
1890 1938 54
1030 1029 54
407 405 54
1000 996 54
996 1017 54
1053 1060 54
1162 1154 54
447 442 54
978 979 54
392 391 54
1887 1965 54
736 748 54
1894 1957 54
2612 2660 54
245 219 54
1920 210 54
741 970 54
328 326 54
1857 1868 54
195 1913 54
1916 1931 54
1662 1648 54
250 253 54
253 228 54
741 745 54
396 717 54
829 827 54
866 868 54
921 915 54
943 942 54
1863 1857 54
389 162 54
342 335 54
335 238 54
687 688 54
2032 2036 54
965 964 54
456 458 54
2248 2249 54
2249 2237 54
2470 2435 54
2192 2194 54
2241 2265 54
2350 2348 54
2845 2844 54
2733 2742 54
282 289 54
2895 2901 54
2901 2902 54
1062 1051 54
1223 1222 54
823 808 54
802 798 54
5518 5517 54
2251 2244 54
2568 2313 54
1983 2011 54
2037 2038 54
2642 2643 54
2507 2509 54
2580 2579 54
1414 1440 54
3634 3337 54
8833 8826 54
6326 6327 54
6402 6401 54
6320 6370 54
2961 2991 54
978 979 54
714 780 54
1831 1824 54
716 717 54
1428 1429 54
482 513 54
669 664 54
1457 1454 54
467 462 54
425 544 54
977 980 54
1461 1468 54
1132 1128 54
415 418 54
1283 1286 54
1322 1321 54
1187 1311 54
284 280 54
839 848 54
2475 2456 54
2456 2589 54
1220 1228 54
1527 1517 54
1758 1753 54
1709 617 54
1689 1688 54
505 511 54
1688 1694 54
465 469 54
572 567 54
465 470 54
1881 1916 54
1622 2128 54
2160 2161 54
2348 2350 54
2207 2219 54
7330 7334 54
2888 2889 54
2771 2770 54
2781 2749 54
2749 2752 54
2890 2868 54
2731 2739 54
2758 2759 54
1441 1446 54
1252 1264 54
1264 1253 54
1196 1310 54
1332 1342 54
1076 1071 54
1082 1084 54
1154 1055 54
2731 2739 54
2676 2623 54
2676 2623 54
2898 2905 54
2450 2402 54
2402 2432 54
2701 2684 54
2509 2517 54
1930 1929 54
2124 2149 54
1947 1878 54
195 191 54
2239 2233 54
2565 2600 54
2006 1981 54
2239 2233 54
2337 2338 54
2635 2634 54
2318 2335 54
2418 2448 54
802 798 54
5518 5517 54
6413 6488 54
6488 6499 54
1668 1672 55
1517 1527 55
1147 1153 55
1311 1114 55
328 326 55
326 356 55
345 348 55
187 2085 55
281 291 55
165 980 55
650 633 55
303 262 55
262 298 55
1394 1413 55
1496 1494 55
1494 1499 55
384 387 55
1938 1916 55
1029 1028 55
405 408 55
408 406 55
1060 1061 55
1154 1044 55
391 389 55
442 441 55
979 172 55
1931 1879 55
392 977 55
1957 1904 55
2660 2611 55
970 968 55
968 959 55
326 356 55
1868 1853 55
1853 1870 55
1913 1899 55
1931 1879 55
1648 1867 55
228 233 55
120 111 55
717 716 55
827 830 55
868 872 55
872 867 55
915 911 55
942 931 55
219 223 55
1857 1816 55
210 220 55
688 697 55
697 701 55
2036 2071 55
964 985 55
458 449 55
2237 2250 55
2250 2275 55
2435 2446 55
2446 2397 55
2348 2351 55
2844 2843 55
2742 2737 55
289 280 55
2902 2909 55
2909 2900 55
2853 2854 55
2575 2609 55
1051 1049 55
1222 1227 55
808 818 55
818 811 55
162 389 55
360 326 55
798 5561 55
5517 5489 55
1928 1884 55
2096 2122 55
2313 2316 55
2011 1971 55
2318 2409 55
2537 2536 55
2643 2621 55
1972 2037 55
2509 2522 55
2579 2561 55
1683 1674 55
305 297 55
1880 2028 55
8123 8120 55
8826 8831 55
6327 6373 55
6401 6400 55
6370 6371 55
2991 2962 55
254 250 55
1824 1849 55
1849 1826 55
2086 2084 55
717 396 55
1429 1387 55
513 512 55
664 675 55
1454 1464 55
462 468 55
980 976 55
1468 1466 55
1128 1044 55
418 414 55
1286 1329 55
1321 1320 55
1311 1317 55
1317 1327 55
1974 2001 55
411 370 55
848 837 55
837 876 55
2589 2590 55
1688 1690 55
1228 1211 55
1517 1486 55
1753 1757 55
1757 1751 55
617 624 55
511 510 55
469 463 55
567 570 55
1916 1931 55
2128 2129 55
2161 2123 55
2350 2349 55
2219 2221 55
7334 3013 55
2889 2775 55
2770 2769 55
2749 2752 55
2752 2734 55
2812 2813 55
2752 2734 55
2739 2738 55
2759 2752 55
1446 1458 55
1253 1254 55
1254 1247 55
1310 1309 55
1342 1331 55
1071 1075 55
1075 1082 55
1084 1087 55
1055 1128 55
1128 1044 55
2739 2738 55
2623 2609 55
2623 2609 55
2905 2897 55
2684 2663 55
2517 2505 55
191 1985 55
1985 191 55
2233 2234 55
2600 2560 55
1984 2005 55
1981 2275 55
2233 2234 55
2338 2339 55
2634 2633 55
2448 2420 55
1972 1980 55
798 5561 55
5517 5489 55
6479 6441 55
6479 6441 55
1527 1524 56
1153 1152 56
1114 1096 56
348 356 56
2085 2110 56
291 279 56
980 977 56
633 566 56
566 565 56
298 257 56
1413 1404 56
1499 1484 56
387 388 56
391 389 56
1916 1931 56
406 456 56
1017 1018 56
1061 1045 56
162 389 56
441 444 56
444 445 56
172 173 56
391 389 56
748 751 56
1904 1919 56
219 223 56
210 220 56
959 958 56
1870 1862 56
1899 1919 56
1867 1859 56
1859 1866 56
233 218 56
745 742 56
111 217 56
716 715 56
830 831 56
867 871 56
871 870 56
911 907 56
931 948 56
223 218 56
1816 1820 56
220 222 56
1688 1694 56
1688 1690 56
1797 1801 56
1688 1690 56
1688 1694 56
238 239 56
701 702 56
702 691 56
2071 2035 56
985 988 56
988 989 56
2397 2441 56
2194 2195 56
2351 2407 56
2843 2837 56
280 290 56
2900 2896 56
2854 2837 56
1049 1050 56
1227 1213 56
811 819 56
389 384 56
5561 5578 56
5578 5579 56
5489 5490 56
2768 2754 56
1884 1968 56
2244 2021 56
2316 2331 56
1971 1987 56
2409 1995 56
2536 2568 56
2621 2620 56
2522 2547 56
2561 2578 56
1954 1892 56
1554 1544 56
2836 2835 56
2732 2476 56
1440 1457 56
2277 2083 56
3337 3330 56
6316 6295 56
8120 8121 56
8831 8832 56
6373 6325 56
6400 6399 56
6371 6420 56
2962 2976 56
979 987 56
1826 1828 56
2084 2093 56
396 397 56
512 505 56
675 670 56
1464 1467 56
468 535 56
544 545 56
545 546 56
1466 1465 56
414 386 56
386 393 56
1329 1335 56
1320 1316 56
280 2046 56
2086 2084 56
876 896 56
2590 2591 56
1211 1218 56
1218 1210 56
1486 1490 56
1751 1766 56
624 615 56
1688 1690 56
510 522 56
1694 1691 56
463 520 56
570 573 56
1931 1879 56
2129 2144 56
2349 2323 56
2221 2222 56
3013 3014 56
2775 2776 56
2769 2768 56
2734 2735 56
2813 2738 56
2734 2735 56
2752 2734 56
2913 2911 56
1247 1237 56
1237 1246 56
1309 1307 56
1331 1341 56
1341 1340 56
1082 1090 56
1087 1081 56
1044 1042 56
2897 2910 56
2432 2388 56
2663 2662 56
2505 2383 56
1929 1901 56
2149 2134 56
191 195 56
2560 2455 56
2961 2944 56
2005 2004 56
2339 2315 56
2633 2508 56
2335 2413 56
8067 8139 56
188 1969 56
356 357 56
5561 5578 56
5578 5579 56
5489 5490 56
6441 6440 56
6441 6440 56
1524 1532 57
1152 1070 57
1096 1113 57
356 365 57
356 360 57
2110 2109 57
279 296 57
977 392 57
565 559 57
257 261 57
1404 1412 57
1484 1483 57
388 389 57
389 162 57
1931 1905 57
1028 1026 57
456 458 57
1018 1052 57
1052 1048 57
1044 1045 57
445 459 57
459 451 57
173 174 57
2611 2676 57
223 218 57
220 222 57
356 345 57
1862 1856 57
1856 1866 57
1919 1879 57
1866 1856 57
1856 1862 57
742 1027 57
715 718 57
831 825 57
870 770 57
770 768 57
907 905 57
948 949 57
222 218 57
1694 1691 57
219 227 57
239 221 57
691 694 57
2035 2069 57
989 1009 57
1009 1198 57
2441 2430 57
2195 2196 57
2407 2396 57
290 295 57
2896 292 57
1050 1048 57
1213 1212 57
819 828 57
326 1668 57
5579 5833 57
5490 5491 57
1968 1963 57
2122 2131 57
1995 1972 57
2568 2416 57
2037 2038 57
2578 2607 57
978 977 57
1674 1673 57
1544 1545 57
297 314 57
2881 2946 57
8731 8944 57
6295 6294 57
8832 8825 57
6325 950 57
6399 6398 57
6297 6298 57
2976 2963 57
250 229 57
987 993 57
1828 1843 57
397 400 57
1387 1391 57
505 515 57
670 571 57
1467 1463 57
535 538 57
546 586 57
976 971 57
1465 1236 57
393 389 57
1335 1330 57
1316 1314 57
2001 1969 57
370 450 57
2084 2087 57
896 894 57
2591 2592 57
1210 1197 57
1490 1491 57
1766 1756 57
615 632 57
162 389 57
522 527 57
1691 1695 57
1695 1807 57
520 518 57
573 596 57
691 694 57
2144 2146 57
2146 2123 57
2123 2151 57
2323 2324 57
2776 2777 57
2768 2735 57
2735 2737 57
2735 2737 57
2738 2737 57
2734 2735 57
2911 2914 57
1458 1460 57
1246 1236 57
1307 1306 57
1340 1339 57
1090 1148 57
1081 1085 57
1085 1080 57
2738 2737 57
2388 2026 57
2662 2665 57
2665 2610 57
1901 1935 57
2134 2150 57
1878 1963 57
1985 1974 57
2234 2347 57
2455 2473 57
2004 2003 57
2275 2274 57
2234 2263 57
2508 2540 57
2413 2414 57
2420 2607 57
2026 2024 57
1980 2024 57
5579 5833 57
5490 5491 57
6440 6442 57
6442 6419 57
6440 6442 57
6442 6419 57
1532 1576 58
1576 1553 58
1070 1105 58
1113 1112 58
360 356 58
2109 2093 58
296 294 58
392 391 58
559 564 58
261 255 58
1412 1401 58
1483 1462 58
458 449 58
1048 1047 58
451 450 58
174 180 58
1965 177 58
1919 1879 58
751 752 58
752 749 58
2676 2623 58
222 218 58
958 966 58
1866 1859 58
1862 1870 58
217 224 58
718 736 58
768 767 58
949 900 58
1820 1819 58
1694 1691 58
1690 1684 58
1801 1800 58
1690 1684 58
227 221 58
221 227 58
694 708 58
2069 2068 58
1198 315 58
2275 2112 58
2430 2427 58
2196 2197 58
2396 2421 58
295 292 58
292 295 58
1048 1047 58
828 832 58
141 117 58
5833 5565 58
1963 1878 58
2131 2151 58
2081 2017 58
1987 2015 58
1972 2037 58
2416 2415 58
2547 2546 58
2607 2420 58
2027 280 58
1892 1891 58
1673 1645 58
380 345 58
1545 1520 58
960 985 58
1457 1210 58
3330 3335 58
8121 8122 58
950 956 58
6398 6397 58
6420 6419 58
2963 2995 58
993 983 58
983 1002 58
1843 1842 58
1842 1835 58
2093 2109 58
2109 2117 58
1391 293 58
515 507 58
507 530 58
571 578 58
578 577 58
1463 1462 58
538 533 58
586 547 58
971 975 58
1236 1238 58
389 162 58
1330 1332 58
1383 1355 58
1314 1311 58
2046 2027 58
1969 1975 58
450 449 58
894 863 58
2592 2593 58
1491 1519 58
1756 1787 58
632 631 58
631 630 58
1690 1696 58
527 524 58
1807 1812 58
1812 1676 58
601 613 58
518 519 58
596 591 58
694 699 58
141 143 58
2324 2320 58
2275 2274 58
2222 2310 58
3014 3033 58
2837 2845 58
2777 2778 58
2735 2737 58
2738 2737 58
2735 2737 58
2914 2917 58
2917 2931 58
1460 1457 58
1236 1455 58
1455 1459 58
1306 1303 58
1339 1338 58
1148 1145 58
1080 1092 58
2610 2623 58
2383 2384 58
1935 1948 58
2150 2151 58
195 200 58
2347 2343 58
2944 2940 58
2003 1989 58
2263 2262 58
2315 2320 58
2540 2511 58
5833 5565 58
6419 6420 58
6419 6420 58
1553 1564 59
1105 1106 59
1106 1095 59
1112 1111 59
2093 2084 59
294 293 59
564 563 59
563 562 59
255 259 59
259 1966 59
2931 1419 59
1401 1414 59
1462 1463 59
1462 1485 59
1047 1026 59
450 370 59
180 177 59
177 180 59
749 753 59
2623 2609 59
218 222 59
222 220 59
314 322 59
322 315 59
966 993 59
345 346 59
1859 1867 59
1867 1648 59
1870 1853 59
1027 1026 59
224 218 59
736 740 59
767 765 59
905 903 59
900 899 59
899 898 59
1819 1789 59
1691 1698 59
1684 1680 59
1800 1798 59
1684 1681 59
1691 1693 59
221 239 59
227 219 59
708 709 59
709 710 59
2068 2056 59
314 322 59
322 315 59
2112 2111 59
2111 2090 59
2427 2399 59
2197 2092 59
2265 2234 59
2421 2422 59
292 2896 59
295 290 59
1047 1026 59
1212 1211 59
832 826 59
384 346 59
5565 5566 59
5491 5511 59
2266 2234 59
2017 1988 59
2021 1982 59
2015 1986 59
2415 2414 59
2546 2545 59
389 384 59
977 390 59
1645 1666 59
314 317 59
1817 1860 59
2835 2816 59
2476 2389 59
2391 2390 59
2680 8751 59
521 553 59
2364 2365 59
2881 2946 59
2083 2084 59
2028 2476 59
8122 8829 59
8825 8830 59
956 6450 59
6397 6340 59
6419 6442 59
2995 2992 59
229 232 59
1002 992 59
1835 2157 59
2117 2085 59
356 345 59
400 395 59
530 531 59
577 560 59
1898 1966 59
1462 1483 59
533 534 59
547 556 59
975 968 59
1238 1235 59
1044 1040 59
1332 1347 59
1355 1350 59
1311 1317 59
1327 1317 59
2027 2040 59
1975 2087 59
863 869 59
2593 2575 59
1197 315 59
1519 1481 59
1787 1786 59
1786 1779 59
630 625 59
1830 1848 59
524 525 59
613 605 59
519 533 59
591 561 59
699 695 59
143 149 59
2320 2331 59
2274 2273 59
2310 2301 59
3018 3014 59
3033 3017 59
2778 2742 59
1459 1454 59
1454 1457 59
1303 1282 59
1338 1337 59
1337 1336 59
1336 1500 59
1145 1139 59
1092 1094 59
2026 2059 59
1963 1884 59
1974 2008 59
200 190 59
2041 2065 59
2473 2464 59
2940 2802 59
1989 1904 59
2262 2235 59
2511 2533 59
2414 2415 59
2607 2578 59
8139 8140 59
2024 1980 59
2024 2026 59
1969 1970 59
357 111 59
5565 5566 59
5491 5511 59
1564 1565 60
1095 1110 60
1111 1101 60
2084 2086 60
391 395 60
562 557 60
1966 1898 60
1419 1424 60
1414 1415 60
1463 1467 60
1485 1479 60
449 446 60
177 1965 60
180 174 60
753 864 60
220 212 60
315 1197 60
993 983 60
983 1002 60
346 380 60
1648 1662 60
1853 1868 60
218 224 60
740 763 60
765 766 60
766 762 60
903 898 60
898 903 60
1789 1791 60
1698 1692 60
1680 1679 60
1798 1799 60
1693 1806 60
239 335 60
2056 2034 60
315 322 60
315 1198 60
2090 2103 60
2399 2423 60
2423 2422 60
2092 2091 60
2234 2347 60
2347 2343 60
2422 2423 60
2423 2399 60
2896 2900 60
290 280 60
826 833 60
117 357 60
1668 1672 60
5566 5567 60
5511 5513 60
1878 1946 60
2151 2150 60
1988 1990 60
1982 1975 60
1986 1912 60
2037 2051 60
2545 2533 60
2420 2448 60
280 279 60
1891 1890 60
384 379 60
449 450 60
2617 2622 60
345 356 60
1520 1521 60
317 984 60
1860 1867 60
985 983 60
1897 255 60
1457 1440 60
8733 8751 60
3335 3334 60
8944 8795 60
8830 8829 60
6450 6386 60
6442 6440 60
2992 2959 60
232 231 60
992 318 60
2157 2158 60
2085 187 60
395 391 60
293 294 60
531 523 60
523 534 60
560 558 60
558 557 60
1966 259 60
1483 1484 60
556 557 60
968 962 60
1235 1214 60
1040 1037 60
1347 1360 60
1350 1360 60
1317 1327 60
1317 1311 60
2087 1975 60
869 881 60
315 322 60
1481 1487 60
1779 1778 60
1848 1828 60
1828 1833 60
1696 1697 60
525 543 60
1676 1673 60
605 604 60
533 534 60
561 558 60
695 711 60
149 147 60
2331 2326 60
2273 2268 60
2301 2290 60
3017 3018 60
3018 3003 60
2845 2847 60
2742 2737 60
1457 1454 60
1282 1279 60
1500 1290 60
1139 1138 60
2910 2059 60
2059 2910 60
2623 2609 60
2384 2385 60
1948 1922 60
1905 1958 60
2151 2131 60
2008 1984 60
190 1959 60
2343 2344 60
2464 2453 60
2235 2261 60
2320 2331 60
2415 2416 60
2578 2561 60
8140 8136 60
5566 5567 60
5511 5513 60
6420 6421 60
6420 6421 60
1565 1566 61
1110 1101 61
1101 1111 61
1101 1110 61
293 1391 61
395 400 61
557 540 61
1898 146 61
1424 1415 61
1415 1414 61
1415 1424 61
1467 1464 61
1479 1481 61
1026 1037 61
446 443 61
389 391 61
389 391 61
370 411 61
1965 1887 61
174 173 61
1879 1931 61
864 889 61
889 890 61
1879 1918 61
212 210 61
1002 992 61
380 411 61
1662 1651 61
1879 1931 61
1879 1919 61
1868 1818 61
224 217 61
763 761 61
761 762 61
762 761 61
898 899 61
899 900 61
903 905 61
1791 1777 61
1692 1699 61
1679 1736 61
1799 1790 61
1681 1682 61
1806 1808 61
2034 2052 61
322 314 61
459 451 61
1198 1009 61
2103 2100 61
2100 2113 61
2422 2421 61
2091 2083 61
2343 2344 61
2399 2428 61
2737 2735 61
280 289 61
833 824 61
824 1117 61
5567 5580 61
5513 5515 61
2234 2233 61
2754 2742 61
1946 1911 61
2150 2134 61
1990 1987 61
2331 2316 61
2508 2565 61
1912 1882 61
2414 2413 61
1890 1889 61
450 370 61
390 729 61
257 314 61
1666 1646 61
1646 1666 61
356 326 61
1521 1480 61
2946 2945 61
2390 2026 61
553 435 61
2365 2561 61
404 403 61
2084 1979 61
3334 3623 61
7430 7445 61
8829 8830 61
8829 8122 61
6386 6294 61
6440 6441 61
2959 1555 61
318 314 61
2158 2157 61
187 183 61
294 296 61
534 540 61
557 540 61
259 255 61
1484 1499 61
534 540 61
557 540 61
962 963 61
1037 1026 61
1360 1350 61
1311 1314 61
2087 2084 61
449 445 61
881 892 61
2575 2609 61
322 314 61
1487 1482 61
1778 1785 61
1785 1784 61
1833 1850 61
1697 1771 61
1771 1772 61
389 391 61
543 540 61
1673 1705 61
1705 1702 61
604 602 61
558 557 61
711 712 61
147 155 61
1879 1919 61
2123 2146 61
2151 2123 61
2268 2270 61
2290 2297 61
3003 3004 61
3004 3005 61
2847 2848 61
2737 2735 61
2737 2742 61
2737 2742 61
2737 2735 61
2737 2736 61
2737 2735 61
2737 2736 61
1454 1459 61
1457 1460 61
1279 1287 61
1287 1281 61
1290 1289 61
1289 1288 61
1138 1136 61
2737 2736 61
2910 2900 61
2385 2386 61
1922 146 61
1958 1931 61
2131 2122 61
1884 1928 61
2344 2352 61
2065 2067 61
2453 2479 61
2802 2803 61
1904 1900 61
2261 2328 61
2416 2568 61
2561 2579 61
8136 8134 61
995 1210 61
1980 1972 61
1970 1971 61
111 220 61
5567 5580 61
5513 5515 61
1566 1555 62
1111 1112 62
1110 1095 62
1391 1387 62
1414 1401 62
1424 1419 62
1419 2930 62
1464 1454 62
1481 1519 62
1037 1040 62
443 422 62
173 172 62
1931 1944 62
890 882 62
2609 2575 62
210 1920 62
1197 1210 62
992 318 62
1651 1611 62
1931 1916 62
1919 1899 62
217 111 62
1026 1037 62
762 766 62
761 763 62
763 736 62
900 949 62
1777 1784 62
1699 1700 62
1700 1701 62
1736 1735 62
1790 1795 62
1682 1743 62
1808 1811 62
335 342 62
451 456 62
1009 989 62
2113 2084 62
2421 2429 62
2083 2098 62
2344 2352 62
2428 2392 62
2735 2734 62
2900 2903 62
289 282 62
2837 2854 62
1117 1118 62
357 336 62
5580 5834 62
5515 5583 62
2134 2149 62
1987 2009 62
1975 1976 62
2051 2039 62
2413 2335 62
2533 2532 62
2448 2418 62
279 271 62
379 411 62
729 730 62
2622 2614 62
314 315 62
1646 241 62
1666 1645 62
380 411 62
984 958 62
1867 1662 62
1043 1037 62
983 255 62
2389 2388 62
1210 995 62
7182 7183 62
1440 1414 62
8751 2680 62
3623 3333 62
7445 7342 62
8830 8825 62
1555 1566 62
1566 1565 62
231 207 62
314 324 62
324 314 62
2157 1835 62
183 231 62
345 108 62
296 279 62
255 261 62
261 257 62
1499 1494 62
963 960 62
1214 1215 62
677 666 62
1350 1355 62
1360 1347 62
1314 1316 62
445 444 62
1975 1969 62
892 891 62
891 882 62
2609 2623 62
1482 1472 62
1784 1777 62
1714 1724 62
1724 1720 62
1850 1834 62
1772 1767 62
1702 1706 62
602 618 62
534 540 62
557 540 62
712 713 62
155 148 62
1919 1899 62
2146 2144 62
2144 2129 62
2123 2161 62
2326 2325 62
2270 2269 62
2269 2283 62
2297 2294 62
3005 3035 62
2848 2838 62
2838 2849 62
2742 2778 62
2742 2733 62
2735 2734 62
2735 2734 62
1459 1455 62
1460 1458 62
1281 1288 62
1288 1289 62
1288 1281 62
1136 1119 62
1119 1118 62
1094 1092 62
2609 2623 62
2059 2026 62
2609 2623 62
2386 2387 62
1931 1930 62
2122 2096 62
1928 1879 62
1984 2009 62
2027 2033 62
2067 2034 62
2328 2311 62
2331 2327 62
1879 1931 62
2568 2536 62
2579 2580 62
8134 8164 62
188 220 62
2026 2894 62
5580 5834 62
5515 5583 62
6421 6370 62
6370 6320 62
6421 6370 62
6370 6320 62
10478 10429 63
1555 2959 63
1112 1113 63
2961 2991 63
1095 1106 63
1387 1429 63
400 397 63
1401 1412 63
1454 1457 63
1519 1515 63
422 431 63
391 392 63
391 392 63
1887 1949 63
172 979 63
1944 1930 63
882 891 63
891 892 63
1918 1957 63
2575 2593 63
1210 1218 63
218 223 63
318 324 63
411 373 63
1611 1615 63
1916 1881 63
1899 1913 63
1037 1040 63
218 233 63
766 765 63
765 767 63
736 718 63
949 948 63
905 907 63
218 222 63
222 220 63
1784 1785 63
218 223 63
1701 1792 63
1735 1734 63
1795 1794 63
1743 1742 63
1811 1805 63
342 357 63
456 440 63
989 988 63
2429 2439 63
2098 2097 63
2352 2401 63
2401 2395 63
2392 2430 63
2734 2752 63
2903 2907 63
2907 2904 63
282 285 63
2854 2853 63
1118 1119 63
2609 2623 63
346 360 63
5834 5583 63
2233 2239 63
2149 2124 63
2316 2313 63
2039 2050 63
2335 2318 63
2418 2410 63
271 272 63
1889 1953 63
411 370 63
370 411 63
326 327 63
1480 1479 63
958 959 63
1457 1450 63
389 391 63
1037 1026 63
255 983 63
2026 2027 63
8751 8733 63
778 404 63
403 413 63
2933 2945 63
3155 3153 63
3333 3336 63
3057 3120 63
7342 7435 63
8825 8832 63
8122 8121 63
6294 6372 63
1565 1564 63
314 318 63
1835 1842 63
365 356 63
231 230 63
108 109 63
391 392 63
279 291 63
1494 1496 63
960 1013 63
1215 1211 63
1026 1028 63
666 676 63
676 669 63
1355 1383 63
1026 1047 63
1347 1332 63
1316 1320 63
444 441 63
441 448 63
1969 2001 63
882 890 63
890 889 63
1472 1473 63
1777 1791 63
1720 1721 63
1834 1851 63
1767 1770 63
391 392 63
1706 1707 63
618 1710 63
713 696 63
696 706 63
148 156 63
156 114 63
1899 1913 63
2129 2128 63
2325 2311 63
2283 2285 63
2294 2292 63
2292 2293 63
3035 3012 63
2849 2836 63
2735 2768 63
2778 2777 63
2733 2764 63
2734 2752 63
2736 2738 63
2734 2752 63
2736 2738 63
2738 2739 63
2930 2917 63
1455 1236 63
1458 1446 63
1289 1290 63
1290 1500 63
1026 1047 63
1281 1287 63
1287 1279 63
1118 1117 63
1117 824 63
1042 1044 63
1092 1080 63
2736 2738 63
2026 2388 63
2623 2610 63
2387 2366 63
146 141 63
2096 2088 63
2009 1987 63
1959 1922 63
2033 2041 63
2352 2401 63
2034 2076 63
2479 2480 63
2803 2806 63
2311 2357 63
2327 2380 63
1931 1902 63
2533 2535 63
2536 2537 63
2580 2514 63
8164 8143 63
1972 1971 63
455 356 63
1971 1972 63
5834 5583 63
10429 10471 64
425 426 64
2959 2992 64
2992 2995 64
1113 1096 64
1096 1114 64
2991 2962 64
1106 1105 64
1105 1070 64
1429 1428 64
397 396 64
1412 1404 64
1515 1518 64
1040 1044 64
431 421 64
411 379 64
1949 1929 64
979 978 64
1930 1929 64
892 881 64
2593 2592 64
1920 1886 64
1218 1211 64
223 219 64
324 297 64
373 407 64
1615 1644 64
1913 195 64
111 120 64
233 228 64
767 768 64
718 715 64
948 931 64
907 911 64
220 212 64
1785 1778 64
1778 1779 64
223 219 64
1792 1793 64
1734 1727 64
1794 1789 64
1742 1740 64
1805 1853 64
357 118 64
440 786 64
988 985 64
985 964 64
2084 2088 64
2439 2398 64
2097 2088 64
2395 2398 64
2752 2749 64
2904 2932 64
285 1937 64
1937 1936 64
2853 2819 64
2609 2575 64
1119 1136 64
1136 1138 64
336 1672 64
5583 5515 64
5583 5834 64
2239 2252 64
2742 2778 64
2009 1984 64
1976 1978 64
2313 2568 64
1882 1902 64
2370 2366 64
2050 1912 64
2421 1972 64
2532 2531 64
411 379 64
730 720 64
2614 2613 64
315 1197 64
241 240 64
1645 1673 64
327 614 64
1479 1470 64
1662 1611 64
1026 1027 64
808 809 64
10429 10430 64
2816 2815 64
2388 2026 64
2945 2933 64
1414 2911 64
2946 2945 64
1979 1969 64
3153 3133 64
3336 3203 64
7435 7432 64
8121 8120 64
1564 1553 64
207 201 64
318 992 64
1842 1843 64
356 326 64
230 213 64
109 107 64
291 281 64
257 262 64
1496 1498 64
1498 1503 64
389 388 64
1013 1012 64
1028 1029 64
669 664 64
664 568 64
1047 1048 64
1332 1330 64
1320 1321 64
2084 2086 64
448 442 64
2001 1974 64
889 864 64
2623 2676 64
1473 1471 64
1721 1713 64
1851 1832 64
1770 1773 64
1773 1768 64
1707 1703 64
1710 1712 64
540 557 64
706 707 64
470 473 64
114 146 64
1913 1923 64
2128 1622 64
2161 2160 64
2311 2357 64
2285 2281 64
2293 2278 64
3012 2969 64
2836 2849 64
2777 2776 64
2752 2749 64
2738 2813 64
2752 2759 64
2917 2914 64
2914 2911 64
1236 1246 64
1246 1237 64
1500 1336 64
1047 1048 64
1279 1282 64
824 833 64
833 826 64
1080 1085 64
1085 1081 64
2738 2739 64
2623 2676 64
2388 2432 64
2900 2905 64
2610 2665 64
2366 2369 64
1930 1929 64
2088 2084 64
1879 1919 64
2041 2035 64
2076 2024 64
2806 2477 64
2380 2379 64
2535 2515 64
2537 2556 64
8143 8405 64
1210 1457 64
2894 2026 64
220 111 64
2894 1404 64
220 188 64
5583 5515 64
5583 5834 64
2304 2303 65
2995 2963 65
2963 2976 65
1114 1311 65
2962 2976 65
1070 1152 65
396 717 65
540 557 65
1404 1413 65
1518 1516 65
1958 1931 65
421 420 65
392 977 65
392 977 65
978 980 65
1929 1949 65
881 869 65
1957 1894 65
2592 2591 65
2591 2590 65
1211 1228 65
219 245 65
407 403 65
1644 1624 65
1881 1885 65
120 142 65
1040 1044 65
228 234 65
768 770 65
715 716 65
931 942 65
911 915 65
212 210 65
210 1908 65
1779 1786 65
219 245 65
1793 1796 65
1727 1733 65
1740 1744 65
1853 1868 65
118 117 65
786 780 65
1905 1919 65
964 965 65
2088 2097 65
2398 2395 65
2088 2084 65
2749 2781 65
2932 2926 65
1936 1885 65
2575 2593 65
1138 1139 65
1139 1145 65
2623 2676 65
360 326 65
162 389 65
5515 5513 65
5834 5580 65
2252 2251 65
2565 2600 65
2778 2777 65
2124 2143 65
1984 2008 65
2568 2577 65
2366 2369 65
2355 2356 65
2318 2409 65
2531 2514 65
2410 2447 65
272 257 65
2084 2087 65
1953 1887 65
370 450 65
379 384 65
720 748 65
2613 2612 65
240 219 65
1673 1674 65
411 412 65
959 970 65
1611 1624 65
1450 1451 65
391 729 65
1027 742 65
255 1897 65
6530 6531 65
7183 7184 65
435 432 65
413 389 65
2277 2083 65
2945 2946 65
3133 3132 65
3120 3066 65
7432 7442 65
8795 8732 65
8832 8831 65
6372 6389 65
6389 6374 65
1553 1576 65
992 997 65
1843 1828 65
213 215 65
215 211 65
107 105 65
392 977 65
281 275 65
540 557 65
540 534 65
262 303 65
1503 1514 65
1514 1513 65
540 557 65
540 534 65
1012 995 65
1029 1030 65
568 572 65
1048 1052 65
1321 1322 65
442 447 65
864 753 65
2676 2611 65
1471 1444 65
1791 1789 65
1713 1719 65
1719 1718 65
1832 1839 65
1768 1776 65
392 977 65
1703 1708 65
1708 1711 65
1712 1711 65
557 558 65
540 534 65
707 690 65
473 472 65
146 1922 65
1622 1634 65
2160 2178 65
2281 2280 65
2278 2279 65
2969 2972 65
2972 2975 65
2975 2946 65
2849 2838 65
2768 2771 65
2776 2775 65
2764 2952 65
2749 2782 65
2759 2758 65
2739 2731 65
2911 2913 65
1237 1247 65
1336 1337 65
1337 1338 65
1048 1050 65
1282 1303 65
826 832 65
1081 1087 65
2432 2402 65
2905 2898 65
2898 1386 65
2665 2662 65
2662 2663 65
1987 1990 65
1922 146 65
2035 2030 65
2401 2395 65
2480 2497 65
2477 2481 65
1879 1931 65
2379 2357 65
1902 1882 65
2514 2531 65
1971 1970 65
1972 1980 65
5515 5513 65
5834 5580 65
10471 10486 66
2303 2302 66
2302 2301 66
2976 2996 66
2996 2962 66
1311 1314 66
2976 2963 66
1152 1153 66
717 716 66
557 562 66
562 563 66
1413 1394 66
1516 1486 66
1486 1480 66
1044 1128 66
1931 1945 66
420 587 66
1044 1154 66
977 980 66
977 980 66
379 384 66
1929 1930 66
869 863 66
2590 2589 66
1886 1924 66
1228 1220 66
297 301 66
403 396 66
1624 1633 66
195 189 66
142 136 66
234 229 66
770 870 66
870 871 66
716 717 66
942 943 66
915 921 66
1786 1787 66
1787 1756 66
1796 1788 66
1733 1728 66
1744 1745 66
1868 1818 66
314 313 66
780 714 66
965 963 66
2097 2098 66
2395 2401 66
2398 2439 66
2781 2748 66
2926 2915 66
1885 1881 66
1145 1148 66
1148 1090 66
2676 2655 66
2655 2679 66
389 384 66
5513 5511 66
5580 5568 66
2251 2244 66
2600 2560 66
2777 2776 66
2143 2119 66
1978 1975 66
2008 1974 66
1902 1931 66
2369 2364 66
1912 1882 66
2356 2361 66
2409 1995 66
2447 2411 66
1887 1964 66
450 449 66
1197 1210 66
1674 1683 66
540 539 66
412 396 66
614 625 66
1470 1471 66
970 741 66
1624 1623 66
1451 1425 66
729 734 66
809 1120 66
983 985 66
10430 10432 66
5572 1078 66
2815 2731 66
2933 2911 66
2027 2028 66
8729 8730 66
2391 2390 66
404 403 66
2561 2560 66
2945 2933 66
1969 1970 66
3132 3491 66
8831 8826 66
8120 8123 66
6374 6317 66
1576 1532 66
1532 1524 66
201 2020 66
997 982 66
1828 1826 66
326 328 66
211 212 66
105 106 66
977 980 66
275 270 66
557 558 66
534 523 66
303 302 66
1513 1505 66
557 556 66
534 533 66
388 387 66
1211 1212 66
1030 961 66
572 595 66
595 592 66
1052 1018 66
1330 1335 66
1322 1323 66
447 352 66
1974 1915 66
753 749 66
2611 2660 66
1444 1446 66
1789 1819 66
1718 1717 66
1839 1825 66
1776 1778 66
977 980 66
1711 1712 66
1711 1708 66
558 561 66
534 533 66
690 707 66
472 477 66
477 478 66
1923 190 66
1634 1626 66
2357 2364 66
2280 2279 66
2279 2278 66
2279 2280 66
2946 2957 66
2957 2956 66
2838 2842 66
2842 2839 66
2775 2889 66
2952 2951 66
2782 2750 66
2813 2812 66
2758 2757 66
2731 2741 66
1247 1254 66
1338 1339 66
1050 1049 66
1303 1304 66
1304 1306 66
1306 1307 66
832 828 66
828 819 66
1211 1212 66
1044 1128 66
2739 2731 66
2676 2611 66
2402 2449 66
1386 1389 66
1929 1901 66
2084 2106 66
1919 1899 66
1990 1988 66
2395 2398 66
2024 2440 66
2497 2501 66
1931 1902 66
2515 2556 66
2556 2515 66
8405 8399 66
356 357 66
188 1969 66
5513 5511 66
5580 5568 66
10486 10491 67
2375 2367 67
2301 2298 67
2962 2991 67
2991 2961 67
1314 1315 67
2963 2995 67
1153 1147 67
716 714 67
563 564 67
1394 1397 67
1480 1489 67
1128 1132 67
587 589 67
1154 1162 67
980 978 67
980 978 67
1930 1944 67
980 977 67
1949 1887 67
863 894 67
1894 2029 67
2589 2456 67
1924 1963 67
1220 1233 67
245 240 67
301 305 67
525 543 67
1633 1623 67
1885 270 67
189 205 67
871 867 67
825 831 67
943 932 67
921 914 67
1756 1765 67
245 243 67
1788 1789 67
1728 1739 67
1789 1788 67
1745 1741 67
1818 1831 67
313 257 67
714 715 67
963 962 67
2098 2083 67
2401 2352 67
2439 2429 67
2915 2927 67
1881 1933 67
2593 2606 67
1090 1082 67
2679 2647 67
326 1668 67
5511 5491 67
5568 5543 67
2560 2455 67
2776 2775 67
2577 2565 67
2364 2357 67
2361 2357 67
1995 1972 67
2514 2580 67
2411 1994 67
257 317 67
2087 1969 67
384 389 67
748 747 67
2612 2611 67
1210 1211 67
219 218 67
1270 1251 67
539 597 67
625 600 67
734 741 67
742 741 67
1897 1901 67
985 960 67
188 1979 67
995 997 67
2911 2933 67
2733 2934 67
2680 2610 67
432 443 67
389 134 67
2894 2912 67
389 146 67
3491 3489 67
3066 3145 67
7442 7434 67
8732 8733 67
8826 8833 67
8123 8073 67
6317 6365 67
6365 6418 67
1524 1527 67
982 987 67
1826 1849 67
328 329 67
212 112 67
106 117 67
980 165 67
270 266 67
558 560 67
560 577 67
523 531 67
302 306 67
306 307 67
1505 1512 67
1512 1504 67
556 547 67
995 1003 67
1212 998 67
961 967 67
592 588 67
1018 1017 67
1335 1329 67
1323 1309 67
1327 1317 67
352 425 67
749 752 67
2660 2612 67
314 260 67
1446 1443 67
1819 1820 67
1717 1732 67
1825 1840 67
1778 1775 67
980 978 67
540 543 67
1712 1710 67
1708 1703 67
1703 1707 67
561 591 67
707 706 67
706 696 67
478 611 67
1922 1959 67
190 1959 67
1626 236 67
2364 2359 67
2278 2293 67
2280 2281 67
2281 2286 67
3014 3013 67
2839 2850 67
2889 2888 67
2951 2956 67
2750 2797 67
2812 2811 67
2757 2756 67
1254 1253 67
1446 1441 67
1441 1442 67
1339 1340 67
1340 1341 67
1049 1051 67
1307 1309 67
819 811 67
1212 1213 67
1128 1154 67
1087 1082 67
2731 2740 67
2611 2661 67
2449 2452 67
1389 1385 67
2663 2684 67
1901 1935 67
146 156 67
2030 2054 67
2440 2400 67
2501 2477 67
2481 2496 67
2357 2361 67
1882 1912 67
2556 2537 67
2515 2535 67
2531 2532 67
8399 8402 67
2026 2024 67
1970 1969 67
111 357 67
1404 1440 67
1980 2024 67
5511 5491 67
5568 5543 67
10491 10764 68
1482 1470 68
2579 2561 68
2367 2382 68
2298 2299 68
1315 1328 68
2995 2992 68
1147 1156 68
714 780 68
564 559 68
1397 1385 68
1132 1124 68
1124 1127 68
1945 1938 68
589 588 68
1162 1155 68
384 387 68
1944 1931 68
977 392 68
894 896 68
2456 2475 68
1963 1878 68
1233 1250 68
543 540 68
1623 1639 68
205 188 68
136 134 68
867 872 68
872 868 68
831 830 68
717 396 68
932 928 68
928 925 68
914 852 68
1908 1921 68
1765 1766 68
1766 1751 68
243 246 68
1789 1794 68
1739 1730 68
1730 1731 68
1788 1796 68
1831 1840 68
1840 1825 68
117 137 68
257 298 68
715 728 68
1919 1879 68
962 743 68
2083 2091 68
2352 2344 68
2084 2095 68
2095 2113 68
2429 2421 68
2927 2913 68
1933 1957 68
2819 2826 68
2606 2603 68
1082 1075 68
2647 2705 68
2705 2729 68
5491 5490 68
5543 5534 68
2244 2021 68
2455 2473 68
1978 1976 68
2775 2889 68
1975 2087 68
1974 1985 68
1931 1879 68
1972 2037 68
1994 1972 68
1964 178 68
449 441 68
2611 2609 68
1211 1220 68
218 220 68
1251 1250 68
597 601 68
396 725 68
1471 1445 68
1623 229 68
741 742 68
741 734 68
1120 1121 68
188 209 68
255 1897 68
2731 2732 68
2028 1881 68
2390 2026 68
403 413 68
6294 949 68
2364 2353 68
2083 2084 68
1971 1970 68
2946 3020 68
1970 1971 68
2476 7186 68
3489 3131 68
3203 3202 68
3145 3146 68
8833 8834 68
6340 6397 68
1527 1517 68
1517 1521 68
1978 1979 68
714 716 68
987 979 68
1849 1824 68
1824 1831 68
329 1671 68
112 119 68
117 139 68
165 166 68
266 265 68
577 578 68
531 530 68
307 310 68
547 586 68
533 538 68
538 535 68
387 384 68
998 1003 68
967 963 68
588 589 68
1017 996 68
1329 1286 68
1309 1307 68
1045 1060 68
1317 1311 68
1915 1973 68
752 751 68
2612 2619 68
1443 1427 68
1820 1816 68
1732 1731 68
1731 1730 68
1840 1831 68
1775 1768 68
1768 1773 68
543 525 68
1707 1706 68
591 596 68
533 519 68
696 705 68
705 704 68
611 608 68
1959 190 68
1959 1922 68
236 232 68
2359 2354 68
2286 2283 68
3013 7186 68
2888 2882 68
2797 2796 68
2796 2743 68
2811 2804 68
2868 2872 68
2872 2873 68
2756 2857 68
1253 1252 68
1442 1407 68
1407 1404 68
1341 1331 68
1331 1342 68
1051 1062 68
1309 1310 68
811 808 68
1213 1227 68
1154 1129 68
1082 1090 68
2740 2780 68
2452 2445 68
1385 1426 68
141 117 68
1935 1948 68
2508 2565 68
2106 2087 68
1988 2017 68
2398 2400 68
2400 2398 68
1902 1882 68
2361 2356 68
2535 2533 68
2532 2533 68
8402 8069 68
1457 1440 68
5491 5490 68
5543 5534 68
1470 1474 69
2561 2597 69
2382 2368 69
2299 2300 69
1328 1301 69
2992 2959 69
1156 1131 69
1131 1122 69
780 787 69
559 565 69
565 566 69
1385 1388 69
1127 1125 69
1938 1890 69
588 592 69
1155 1159 69
978 979 69
978 979 69
392 391 69
1887 1965 69
2029 2045 69
2475 2455 69
1878 1929 69
1250 1255 69
240 241 69
305 309 69
540 534 69
7199 7186 69
1639 237 69
270 275 69
188 230 69
134 162 69
868 866 69
830 827 69
396 397 69
925 926 69
852 803 69
1751 1757 69
246 251 69
1794 1795 69
1731 1732 69
1732 1717 69
1796 1793 69
1825 1839 69
137 144 69
710 709 69
298 268 69
2091 2092 69
2344 2343 69
2113 2100 69
2421 2422 69
2913 2942 69
1957 1904 69
1904 1919 69
2826 2825 69
2603 2594 69
2594 2668 69
1075 1071 69
1071 1076 69
2729 2685 69
384 346 69
5534 5535 69
1976 1975 69
2889 2888 69
2565 2600 69
1882 1902 69
2580 2579 69
317 316 69
1969 1974 69
178 316 69
389 977 69
747 864 69
836 850 69
220 210 69
1425 1426 69
725 720 69
600 601 69
1445 1427 69
741 721 69
1425 304 69
1901 1878 69
960 1014 69
1751 1776 69
6531 1344 69
1979 2084 69
10432 10431 69
1078 1087 69
1685 1855 69
3054 1741 69
2911 1414 69
7184 7185 69
2610 2609 69
443 434 69
2560 2391 69
134 133 69
2933 2911 69
2912 2911 69
188 145 69
3131 3497 69
3202 3201 69
7434 7433 69
8073 8118 69
6418 6324 69
6320 6302 69
6397 6398 69
1521 1495 69
1979 207 69
716 717 69
979 978 69
1831 1818 69
1818 1857 69
1671 1667 69
1667 1670 69
119 122 69
166 170 69
265 258 69
578 571 69
530 507 69
310 1434 69
586 546 69
535 468 69
384 367 69
1003 998 69
1003 995 69
963 965 69
589 587 69
996 1000 69
1286 1283 69
1307 1295 69
1060 1053 69
1311 1187 69
1973 1893 69
751 748 69
2619 2613 69
1427 1426 69
1816 1857 69
1730 1739 69
1831 1818 69
1818 1857 69
1773 1770 69
1770 1767 69
978 166 69
525 524 69
1710 618 69
1706 1702 69
596 573 69
519 518 69
704 703 69
190 1923 69
1922 146 69
232 229 69
2354 2353 69
2293 2292 69
2283 2269 69
2771 2773 69
2882 2891 69
2956 2944 69
2743 2817 69
2804 2810 69
2873 2874 69
2741 2763 69
1252 1272 69
1404 1412 69
1412 1401 69
1342 1332 69
1062 1065 69
1310 1196 69
1196 1189 69
808 823 69
1227 1222 69
1129 1121 69
1090 1148 69
2780 2779 69
2661 2582 69
2445 2397 69
1426 1436 69
2684 2701 69
2087 1975 69
1899 1914 69
2017 2081 69
156 157 69
2477 2806 69
2496 2480 69
2356 2355 69
2537 2536 69
1440 1404 69
2024 1980 69
1969 188 69
357 356 69
1440 1457 69
357 111 69
2024 2026 69
1969 1970 69
5534 5535 69
1474 1463 70
2597 2598 70
2598 2599 70
2368 2377 70
2300 2305 70
1301 1300 70
2959 1555 70
1122 893 70
787 788 70
788 781 70
566 633 70
1388 1387 70
1125 1122 70
1890 1939 70
1939 1940 70
592 595 70
1159 1161 70
979 172 70
979 172 70
387 389 70
1931 1879 70
2455 2462 70
1255 1251 70
241 1646 70
309 308 70
534 539 70
866 873 70
827 829 70
829 799 70
397 400 70
926 927 70
803 800 70
1921 146 70
1757 1753 70
1753 1758 70
251 1621 70
1621 1608 70
1795 1790 70
1717 1718 70
1793 1792 70
1839 1832 70
144 138 70
709 708 70
268 267 70
728 726 70
1879 1931 70
743 741 70
2092 2197 70
2343 2347 70
2422 2423 70
2423 2399 70
2399 2428 70
2100 2090 70
2942 2941 70
2825 2818 70
2668 2616 70
1076 1106 70
2685 2709 70
1668 1672 70
5490 5489 70
5535 5576 70
2473 2464 70
1975 2087 70
2888 2882 70
2087 2106 70
1985 191 70
2266 2398 70
2600 2560 70
2037 2051 70
2579 2561 70
1972 2037 70
316 172 70
441 426 70
1954 1893 70
864 880 70
2617 2622 70
1220 1250 70
210 1920 70
1250 1220 70
601 600 70
720 721 70
601 597 70
721 720 70
229 230 70
229 1623 70
742 1027 70
734 729 70
1121 1036 70
209 190 70
997 255 70
1897 1901 70
2933 2945 70
2934 2933 70
1881 1880 70
8730 8731 70
413 389 70
2028 2027 70
2881 2946 70
2084 1979 70
1970 1969 70
1971 1972 70
2028 1880 70
3497 3504 70
3201 3200 70
3146 3147 70
7433 7441 70
8733 8732 70
8834 8824 70
8118 8117 70
6324 6448 70
6302 6329 70
6398 6399 70
1495 1497 70
207 231 70
717 396 70
978 980 70
1857 1863 70
1863 1852 70
1670 1669 70
139 141 70
170 168 70
258 264 70
571 670 70
507 515 70
515 505 70
1434 1428 70
546 545 70
468 462 70
367 385 70
385 383 70
998 1212 70
965 964 70
587 420 70
1000 1006 70
1283 1279 70
1295 1293 70
1053 1062 70
1187 1184 70
748 736 70
2613 2614 70
260 269 70
1857 1863 70
1739 1726 70
1857 1868 70
1767 1772 70
1772 1771 70
524 527 70
618 602 70
1702 1705 70
1705 1673 70
573 570 70
518 520 70
520 463 70
703 691 70
625 628 70
1923 1913 70
146 114 70
114 156 70
2052 2034 70
2178 2165 70
2353 2378 70
2292 2294 70
2294 2297 70
2269 2270 70
2891 2892 70
2892 3041 70
2810 2809 70
2874 2875 70
2875 2890 70
1272 1276 70
1401 1403 70
1065 1066 70
1189 1195 70
1195 1194 70
823 815 70
1222 1223 70
1121 1130 70
1148 1145 70
1145 1141 70
2779 2700 70
2582 2581 70
2397 2441 70
1436 1435 70
1435 1437 70
2701 2702 70
117 357 70
1948 1922 70
1905 1958 70
2081 2053 70
2054 2053 70
2400 2440 70
2398 2395 70
2806 2803 70
2480 2479 70
2357 2364 70
1882 1912 70
1912 2050 70
2536 2568 70
2533 2545 70
714 736 70
1457 1210 70
5490 5489 70
5535 5576 70
1463 1469 71
2599 2604 71
2305 2289 71
1300 1302 71
1555 1566 71
893 885 71
781 796 71
633 650 71
1387 1429 71
1122 883 71
883 1123 71
1940 1943 71
595 572 71
1161 1157 71
172 173 71
172 173 71
391 389 71
2045 2030 71
2462 2397 71
1929 1888 71
1251 1291 71
308 1437 71
396 725 71
539 597 71
7186 7330 71
275 281 71
230 235 71
873 874 71
874 895 71
799 817 71
927 930 71
800 801 71
801 860 71
1758 1754 71
1608 1618 71
1790 1799 71
1799 1798 71
1718 1719 71
1792 1701 71
1832 1851 71
138 132 71
708 694 71
267 258 71
726 722 71
1931 1945 71
741 735 71
2197 2196 71
2347 2234 71
2428 2392 71
2090 2111 71
2941 2944 71
1919 1879 71
2818 2824 71
1106 1095 71
2709 2710 71
5576 5536 71
5536 5537 71
2021 1982 71
2464 2453 71
2106 2084 71
191 195 71
2560 2455 71
2357 2311 71
1902 1931 71
2357 2379 71
2561 2578 71
395 391 71
1974 1973 71
316 979 71
850 879 71
2609 2563 71
1250 1251 71
1220 1211 71
1426 1427 71
1427 1426 71
230 188 71
304 271 71
1027 1026 71
729 391 71
1014 1047 71
1087 1095 71
2732 2476 71
2609 2559 71
434 404 71
2026 2027 71
2505 2504 71
2391 2390 71
133 146 71
3054 3056 71
10419 10434 71
3504 3130 71
3200 3430 71
7441 7182 71
6507 6316 71
8824 8834 71
6329 6301 71
6399 6400 71
6441 6440 71
6368 6369 71
1497 1503 71
396 397 71
1852 1856 71
1669 1646 71
122 131 71
141 126 71
168 174 71
264 256 71
670 675 71
505 512 71
545 544 71
544 425 71
462 467 71
383 380 71
1212 1211 71
995 1012 71
964 958 71
420 421 71
1006 1221 71
1279 1285 71
1293 1273 71
1062 1064 71
1184 1186 71
1093 1089 71
1893 1919 71
269 263 71
1426 1435 71
1863 1854 71
1726 1728 71
1868 1853 71
1771 1697 71
1697 1696 71
166 161 71
527 522 71
602 604 71
1673 1676 71
570 567 71
463 469 71
628 600 71
608 603 71
1913 1899 71
156 148 71
2034 2056 71
2165 2153 71
2378 2377 71
2297 2290 71
2270 2268 71
7186 7199 71
2817 2820 71
2809 2808 71
2763 2615 71
1276 1291 71
1291 1292 71
1403 2929 71
1332 1347 71
1194 1188 71
1223 1229 71
1130 1126 71
1141 1134 71
2581 2567 71
2567 2583 71
2441 2430 71
1437 1438 71
2702 2683 71
1922 146 71
1958 1931 71
1975 1969 71
1914 2002 71
2053 2081 71
2440 2024 71
2803 2802 71
2364 2369 71
2050 2039 71
2568 2416 71
2533 2511 71
8069 8076 71
1404 2894 71
995 1210 71
1980 1972 71
356 455 71
111 220 71
1970 1971 71
5576 5536 71
5536 5537 71
1469 1461 72
2604 2560 72
2377 2378 72
2748 2781 72
1302 1334 72
1334 1329 72
1566 1565 72
885 869 72
869 881 72
796 792 72
650 651 72
1123 840 72
1943 1965 72
572 568 72
1157 1152 72
173 174 72
173 174 72
2397 2441 72
2441 2430 72
1888 256 72
597 599 72
281 276 72
235 229 72
162 389 72
895 884 72
817 816 72
816 808 72
400 395 72
930 923 72
860 815 72
1754 1752 72
1618 1615 72
1798 1800 72
1719 1713 72
1701 1700 72
1851 1834 72
132 158 72
694 691 72
258 1890 72
722 720 72
735 733 72
2196 2195 72
2392 2430 72
2111 2112 72
2112 2275 72
2939 2944 72
2824 2823 72
1095 1098 72
5489 5831 72
5537 5805 72
1982 1998 72
2453 2479 72
2087 2106 72
2882 2890 72
2266 1974 72
2455 2473 72
1900 1904 72
2311 2328 72
2379 2380 72
2051 2039 72
2578 2607 72
2037 2051 72
172 978 72
391 977 72
977 978 72
1893 1973 72
880 881 72
2622 2614 72
1955 1894 72
1251 1270 72
1920 1886 72
220 218 72
1211 1210 72
1427 1445 72
600 625 72
721 741 72
597 539 72
1426 1425 72
720 725 72
1623 1624 72
229 228 72
1026 1037 72
391 389 72
1036 1047 72
1878 1884 72
1776 1788 72
3057 3058 72
2084 2083 72
10431 2207 72
1901 1878 72
1855 1867 72
1741 1742 72
2026 2388 72
7185 2881 72
2945 2946 72
389 134 72
2911 2912 72
1969 1979 72
3020 3037 72
3147 3634 72
8117 8116 72
8834 8833 72
6301 6326 72
6320 6388 72
6400 6401 72
6401 6402 72
6440 6442 72
1503 1506 72
231 232 72
397 400 72
980 977 72
1856 1866 72
131 126 72
126 131 72
174 178 72
675 664 72
512 513 72
425 352 72
467 466 72
380 374 72
1211 1215 72
958 966 72
421 431 72
431 422 72
162 389 72
1221 1226 72
1285 1284 72
1273 1292 72
1064 1066 72
1186 1185 72
1089 1079 72
1079 1083 72
736 723 72
2614 2640 72
263 256 72
1435 1437 72
162 389 72
1854 1861 72
1728 1733 72
1853 1805 72
1696 1690 72
161 158 72
522 510 72
604 605 72
1676 1812 72
567 572 72
469 465 72
600 602 72
603 606 72
1899 1919 72
148 155 72
2056 2068 72
2377 2368 72
2290 2301 72
2268 2273 72
2773 2745 72
2820 2821 72
2808 2807 72
2929 2926 72
1347 1348 72
1066 1163 72
1188 1172 72
1229 1221 72
1126 1156 72
1134 1142 72
357 336 72
1931 1930 72
2002 1974 72
2053 2054 72
154 146 72
2024 2076 72
2020 1978 72
2395 2401 72
2479 2453 72
2369 2366 72
2039 2051 72
2416 2415 72
2545 2546 72
8118 8073 72
736 748 72
389 146 72
188 220 72
2026 2894 72
742 748 72
5489 5831 72
5537 5805 72
6499 6488 72
1461 1263 73
2378 2353 73
2781 2749 73
1329 1502 73
1565 1564 73
792 771 73
651 635 73
840 849 73
1965 177 73
568 664 73
1152 1150 73
174 178 73
174 180 73
1965 177 73
2030 2031 73
2430 2024 73
1291 1292 73
599 601 73
7330 1581 73
884 842 73
842 843 73
808 823 73
395 391 73
923 6313 73
1800 1801 73
1713 1721 73
1700 1699 73
1741 1745 73
1834 1850 73
158 161 73
691 702 73
702 701 73
1945 1938 73
733 721 73
2195 2194 73
1098 1173 73
2710 2711 73
346 360 73
5831 5496 73
5496 5497 73
1998 1999 73
2106 2084 73
2802 2738 73
2768 2735 73
2890 2887 73
2084 2088 73
195 200 73
2328 2261 73
1931 1879 73
2380 2327 73
1972 2037 73
2508 2540 73
2039 2050 73
2607 2420 73
977 978 73
1973 1893 73
979 978 73
978 979 73
1973 1974 73
881 863 73
879 863 73
2563 2562 73
1886 1896 73
625 614 73
741 970 73
539 540 73
1425 305 73
725 396 73
188 189 73
1624 1611 73
271 270 73
228 218 73
389 132 73
1884 190 73
1047 1036 73
190 1884 73
1344 1345 73
255 1897 73
1095 1175 73
1867 1612 73
8058 2836 73
2559 2560 73
1880 1879 73
404 403 73
389 413 73
2027 2028 73
2504 2503 73
949 905 73
2027 2026 73
2390 2026 73
1972 1980 73
146 1878 73
3130 3120 73
3430 3056 73
8116 8115 73
5483 6355 73
6402 6403 73
6442 6419 73
6369 6320 73
1506 1508 73
232 229 73
977 392 73
1866 1859 73
126 141 73
131 122 73
178 179 73
664 669 73
513 482 73
352 427 73
427 428 73
466 461 73
374 378 73
1012 1013 73
966 979 73
422 443 73
1284 1280 73
1280 1274 73
1066 1163 73
1185 1179 73
1083 1088 73
1919 1879 73
723 720 73
2640 2671 73
256 1888 73
1861 1602 73
1733 1727 73
1805 1811 73
158 132 73
510 511 73
605 601 73
465 470 73
606 604 73
604 602 73
1919 1879 73
155 147 73
2068 2069 73
2368 2369 73
2301 2310 73
2310 2222 73
2273 2274 73
2821 2822 73
2807 2802 73
2926 2912 73
1348 1358 73
1358 1359 73
1163 1176 73
1172 1180 73
1221 1219 73
1156 1160 73
1142 1137 73
2700 2717 73
2583 2601 73
2683 2728 73
146 141 73
1969 2001 73
1974 2001 73
2054 2030 73
2081 2017 73
1978 1976 73
2401 2352 73
2802 2814 73
2366 2370 73
1912 1986 73
2051 2037 73
2415 2414 73
2511 2540 73
2546 2547 73
8073 8123 73
8076 8402 73
1972 1971 73
455 356 73
1971 1972 73
5831 5496 73
5496 5497 73
6488 6412 73
10764 10506 74
1263 1262 74
141 124 74
2560 2472 74
2353 2354 74
2749 2782 74
2782 2750 74
1502 1501 74
1564 1553 74
771 784 74
635 542 74
849 841 74
177 180 74
664 669 74
1150 1149 74
178 317 74
180 177 74
177 180 74
256 263 74
725 720 74
601 600 74
1581 1582 74
1582 1583 74
276 278 74
843 838 74
391 389 74
6313 6359 74
1615 1611 74
1801 1797 74
1721 1720 74
1699 1692 74
1745 1744 74
1850 1833 74
701 697 74
1890 1938 74
1938 1890 74
721 720 74
2194 2200 74
2944 2940 74
2823 2816 74
1173 1182 74
2711 2721 74
5497 5488 74
1999 2000 74
2479 2480 74
1911 1947 74
2088 2096 74
200 190 74
2473 2464 74
1904 1989 74
2261 2242 74
1879 1928 74
2327 2331 74
2540 2511 74
2050 1912 74
2508 2532 74
2051 2039 74
978 977 74
1893 1954 74
978 977 74
2614 2613 74
1894 2029 74
1896 1878 74
1210 1197 74
1445 1471 74
970 959 74
396 412 74
189 195 74
218 217 74
1037 1043 74
1047 1014 74
1788 1804 74
3058 3059 74
2083 2277 74
6531 6530 74
2207 2289 74
1878 1884 74
1742 1685 74
2476 2389 74
2388 2389 74
1414 1440 74
1879 1878 74
8731 8730 74
134 133 74
2391 2560 74
146 1878 74
2946 2945 74
1979 1969 74
2912 2894 74
7186 3037 74
1979 2084 74
3037 7186 74
2911 2933 74
3057 3610 74
3634 3337 74
8833 8826 74
6326 6327 74
6355 6354 74
6403 6404 74
6419 6420 74
6320 6370 74
1508 1509 74
400 395 74
392 391 74
1859 1867 74
1867 1648 74
1646 1655 74
122 119 74
669 676 74
676 666 74
482 489 74
428 429 74
429 351 74
378 371 74
1215 1214 74
1013 960 74
979 172 74
443 446 74
446 451 74
1226 1265 74
1274 1292 74
1163 1176 74
1179 1178 74
1088 1090 74
2671 2631 74
1602 1600 74
1727 1734 74
1734 1735 74
1811 1808 74
1690 1688 74
132 138 74
511 505 74
1812 1807 74
470 475 74
602 604 74
602 600 74
147 149 74
2069 2035 74
2153 2158 74
2369 2373 74
2222 2221 74
2274 2275 74
2822 2816 74
2802 2940 74
2615 2616 74
1359 1349 74
1176 1175 74
1180 1169 74
1219 1230 74
1160 1144 74
1144 1143 74
1137 1133 74
2717 2719 74
2601 2580 74
2728 2620 74
2369 2366 74
336 1672 74
1930 1929 74
2001 1974 74
2001 1969 74
146 1922 74
2017 1988 74
2421 2081 74
2076 2034 74
1976 1975 74
2814 2940 74
2453 2464 74
1986 2015 74
2540 2508 74
2547 2522 74
2894 2026 74
1210 1457 74
748 742 74
220 111 74
455 406 74
1210 995 74
220 188 74
2894 1404 74
748 736 74
5497 5488 74
8729 8896 74
6412 6411 74
720 723 75
1262 1247 75
124 121 75
961 1020 75
2354 2359 75
2750 2797 75
1501 1500 75
1553 1576 75
542 662 75
162 389 75
841 815 75
180 174 75
669 676 75
676 666 75
1149 1145 75
177 1965 75
180 174 75
2031 2024 75
2024 2031 75
263 269 75
720 721 75
1583 1579 75
278 312 75
838 815 75
6359 6358 75
6358 6357 75
1611 1600 75
1720 1724 75
1724 1714 75
1692 1698 75
1744 1740 75
1833 1828 75
161 166 75
697 688 75
1938 1916 75
720 721 75
720 722 75
2200 2199 75
2940 2814 75
2816 2822 75
2616 2615 75
1182 1169 75
2721 2720 75
360 326 75
162 389 75
5488 5476 75
2000 1977 75
2084 2088 75
2735 2736 75
2887 2886 75
1947 1878 75
190 1959 75
2464 2453 75
2242 2262 75
2266 2263 75
2331 2320 75
2037 2051 75
2511 2533 75
2420 2448 75
2039 2050 75
2508 2533 75
978 172 75
979 316 75
1974 1969 75
863 879 75
863 881 75
2562 2453 75
2613 2612 75
1683 1674 75
1197 315 75
1471 1470 75
614 327 75
959 958 75
305 297 75
1611 1662 75
270 1885 75
132 135 75
949 905 75
190 209 75
1036 1121 75
1884 1878 75
1345 1300 75
1897 1901 75
1175 1068 75
2946 2881 75
413 403 75
2503 2502 75
2026 2390 75
1980 2024 75
10434 10433 75
1880 1878 75
3120 3057 75
3610 3142 75
3056 3199 75
8115 2833 75
8826 8831 75
6327 6373 75
6388 6503 75
6354 6353 75
6353 6336 75
6404 6472 75
6420 6371 75
6370 6371 75
1509 1500 75
229 250 75
395 391 75
1648 1661 75
1661 1649 75
1655 1649 75
1649 1661 75
179 255 75
666 665 75
489 490 75
490 491 75
351 354 75
371 358 75
1214 1235 75
960 963 75
1480 1486 75
172 173 75
815 841 75
451 456 75
1265 1268 75
1292 1275 75
1176 1175 75
1178 1177 75
1090 1148 75
1148 1145 75
2631 2622 75
1888 1929 75
1600 1611 75
1735 1736 75
1808 1806 75
1688 1694 75
138 144 75
505 512 75
1807 1695 75
572 580 75
475 471 75
471 464 75
604 606 75
606 603 75
149 141 75
2035 2071 75
2158 1830 75
1830 2153 75
2373 2372 75
2221 2219 75
2816 2823 75
2940 2944 75
2890 2948 75
2616 2626 75
1175 1169 75
1230 1170 75
1143 1133 75
1133 1143 75
2719 2720 75
2580 2601 75
2366 2387 75
1969 1975 75
2030 2035 75
1988 1990 75
2034 2067 75
1975 1982 75
2352 2344 75
2940 2944 75
2464 2473 75
2414 2413 75
2508 2633 75
8123 8120 75
8402 8399 75
6860 6841 75
1971 1970 75
1972 1980 75
5488 5476 75
6411 6298 75
724 720 76
219 227 76
723 736 76
426 425 76
121 125 76
1020 1023 76
2472 2459 76
2359 2364 76
2797 2785 76
1500 1509 76
881 869 76
1576 1532 76
784 771 76
662 661 76
661 634 76
174 173 76
666 665 76
317 260 76
1965 1887 76
389 391 76
174 173 76
269 260 76
600 628 76
1579 1584 76
1584 1585 76
312 304 76
815 822 76
6357 6314 76
1600 1602 76
1698 1686 76
1740 1742 76
1742 1743 76
1828 1848 76
166 978 76
688 687 76
687 682 76
1916 1931 76
1890 258 76
722 726 76
1879 1931 76
2814 2807 76
2822 2821 76
2615 2625 76
2720 2719 76
389 384 76
2231 2236 76
5476 5500 76
5500 5830 76
2480 2497 76
2088 2097 76
2886 2885 76
2096 2122 76
2453 2479 76
1989 2003 76
2262 2263 76
1928 1884 76
2620 2621 76
1912 1882 76
2050 1912 76
977 391 76
1954 1892 76
977 389 76
426 441 76
2029 2045 76
1878 1903 76
218 219 76
327 326 76
1554 1544 76
412 411 76
195 1899 76
1662 1867 76
217 111 76
1014 960 76
1804 1599 76
1884 190 76
1612 1622 76
2836 2835 76
2389 2476 76
1440 1457 76
2560 2391 76
403 413 76
2028 1881 76
133 146 76
905 778 76
2026 2027 76
2945 2933 76
1969 1970 76
1878 1880 76
3142 3484 76
3199 3086 76
3337 3330 76
6316 6295 76
8831 8832 76
6373 6325 76
6503 6420 76
6336 6319 76
6472 6471 76
6371 6370 76
6371 6420 76
1500 1501 76
391 395 76
1649 1655 76
1661 1648 76
119 112 76
255 263 76
256 263 76
491 488 76
354 355 76
358 455 76
1235 1238 76
963 962 76
1486 1516 76
1516 1518 76
173 174 76
841 849 76
389 393 76
1268 1278 76
1278 1273 76
1275 1268 76
1291 1273 76
1175 1169 76
1177 1169 76
1145 1149 76
1879 1931 76
2622 2617 76
389 391 76
1611 1615 76
1736 1679 76
1806 1693 76
1694 1689 76
144 137 76
1695 1686 76
580 579 76
603 608 76
600 628 76
1879 1931 76
2071 2036 76
2153 2166 76
2372 2371 76
2371 2365 76
2219 2207 76
2823 2824 76
2944 2939 76
2626 2670 76
2670 2669 76
1170 1183 76
1183 1169 76
1133 1137 76
1143 1144 76
1144 1160 76
2720 2721 76
2721 2711 76
2601 2583 76
2583 2567 76
2387 2386 76
1929 1901 76
2768 2754 76
1974 2002 76
1922 1959 76
1990 1987 76
2344 2343 76
2944 2961 76
2473 2455 76
2274 2275 76
2015 1987 76
2037 1972 76
2413 2335 76
2522 2509 76
2037 1972 76
8120 8121 76
8399 8405 76
6841 6844 76
742 961 76
406 404 76
188 1969 76
356 357 76
736 714 76
5476 5500 76
5500 5830 76
8896 8897 76
6298 6343 76
720 722 77
227 221 77
736 740 77
1247 1239 77
125 148 77
1023 1016 77
2557 2515 77
2459 2475 77
2364 2357 77
1509 1508 77
1508 1506 77
1532 1524 77
239 221 77
771 792 77
1428 1429 77
486 487 77
173 172 77
665 668 77
1145 1148 77
260 257 77
173 172 77
2024 2430 77
2031 2030 77
721 735 77
628 625 77
1585 1554 77
304 1433 77
6314 6356 77
1602 1861 77
1686 1694 77
1743 1682 77
1848 1830 77
978 980 77
682 685 77
685 686 77
1931 1879 77
721 735 77
258 267 77
726 728 77
2275 2250 77
3041 3042 77
3042 3043 77
2944 2957 77
1931 1916 77
2807 2808 77
2821 2820 77
2625 2624 77
1672 336 77
326 1668 77
2236 2276 77
5830 5492 77
5805 5541 77
1977 1974 77
2497 2501 77
2097 2114 77
2736 2738 77
2885 2883 77
2076 2024 77
2003 2004 77
2263 2234 77
1884 1968 77
2320 2315 77
2051 2039 77
2621 2643 77
2533 2535 77
2448 2418 77
172 316 77
316 178 77
1969 2087 77
879 850 77
978 977 77
881 880 77
2453 2468 77
2612 2611 77
2045 2030 77
1674 1673 77
1903 1888 77
219 240 77
315 314 77
1470 1479 77
326 356 77
958 984 77
297 314 77
1544 1545 77
411 380 77
1899 1918 77
1867 1860 77
1885 1881 77
111 120 77
135 120 77
905 857 77
1121 1120 77
1878 1901 77
1300 1309 77
2277 2289 77
1901 1878 77
1068 996 77
2389 2388 77
2933 2911 77
2881 2946 77
2933 2934 77
1878 146 77
8730 8729 77
403 404 77
2502 2506 77
2390 2391 77
2353 2364 77
2560 2561 77
1878 1879 77
2894 2026 77
3037 3020 77
2024 2026 77
145 1897 77
3057 3618 77
3484 3143 77
8731 8944 77
6295 6294 77
8832 8825 77
6388 6503 77
6325 950 77
6319 6318 77
6471 6406 77
6370 6320 77
1501 1502 77
1502 1329 77
250 254 77
395 400 77
1655 1646 77
1648 1867 77
141 139 77
112 212 77
263 256 77
263 255 77
488 483 77
355 454 77
454 455 77
455 454 77
1238 1236 77
962 968 77
1518 1515 77
174 180 77
849 840 77
456 406 77
1273 1293 77
1169 1177 77
1169 1175 77
1149 1150 77
1931 1944 77
2617 8871 77
1929 1878 77
815 860 77
1615 1618 77
1679 1680 77
1693 1686 77
1686 1694 77
579 581 77
581 582 77
608 611 77
628 625 77
1931 1916 77
2036 2032 77
2365 2329 77
2329 2330 77
2850 2851 77
2944 2941 77
2824 2818 77
2948 2947 77
2669 2668 77
1137 1142 77
2711 2710 77
1438 1435 77
2386 2385 77
1901 1935 77
1975 2087 77
2035 2033 77
1987 2009 77
2067 2066 77
1982 2021 77
2343 2347 77
2455 2560 77
2275 1981 77
2335 2318 77
2633 2634 77
2509 2507 77
8405 8143 77
6844 6861 77
2026 2024 77
1970 1969 77
111 357 77
995 960 77
1404 1440 77
1980 2024 77
5830 5492 77
5805 5541 77
722 726 78
221 239 78
3074 2185 78
740 763 78
128 114 78
1239 1249 78
148 150 78
1016 1024 78
2515 2548 78
2475 2455 78
2785 2786 78
1506 1503 78
869 885 78
1524 1527 78
792 796 78
1429 1387 78
487 492 78
492 483 78
665 666 78
172 979 78
668 671 78
1148 1090 78
1887 1949 78
391 392 78
172 979 78
2030 2045 78
735 741 78
625 616 78
1433 1438 78
823 838 78
6356 6306 78
1861 1854 78
1694 1688 78
1682 1681 78
686 679 78
679 585 78
1879 1918 78
735 741 78
267 268 78
2453 2474 78
2250 2237 78
3043 3044 78
3044 3045 78
1916 1881 78
2808 2809 78
2820 2817 78
2624 2763 78
2857 2862 78
2862 2863 78
2912 2932 78
2932 2929 78
1169 1183 78
1183 1170 78
2719 2718 78
2718 2717 78
2961 2962 78
5492 5491 78
5541 5537 78
5537 5536 78
1974 2002 78
2501 2477 78
2114 2116 78
1878 1963 78
2122 2131 78
1959 1922 78
2479 2480 78
2565 2600 78
2004 2005 78
2234 2233 78
2263 2262 78
1968 1960 78
2315 2339 78
2039 2050 78
2643 2642 78
2535 2515 78
2418 2410 78
1912 1989 78
391 395 78
2027 280 78
1892 1891 78
441 449 78
178 1964 78
880 864 78
978 969 78
2611 2609 78
2030 2031 78
2453 2562 78
1673 1645 78
1888 256 78
240 241 78
1479 1480 78
984 317 78
1545 1520 78
380 345 78
1881 1956 78
120 135 78
120 111 78
960 985 78
209 188 78
3059 3060 78
1901 1897 78
2289 2277 78
190 209 78
1457 1210 78
2028 2027 78
413 389 78
1881 1880 78
2027 2028 78
1970 1971 78
2933 2945 78
5478 7167 78
10440 10421 78
1878 146 78
3618 3619 78
3143 3156 78
3086 3211 78
3330 3335 78
8732 8795 78
950 956 78
6420 6419 78
6318 6384 78
6406 6469 78
6420 6419 78
8071 8114 78
1329 1334 78
391 392 78
1867 1859 78
1859 1866 78
139 117 78
212 211 78
256 264 78
255 179 78
483 492 78
492 487 78
1504 1512 78
1512 1505 78
455 358 78
358 371 78
454 355 78
968 975 78
1515 1519 78
180 177 78
840 1123 78
406 408 78
393 386 78
1273 1292 78
1268 1265 78
1293 1295 78
1177 1178 78
1175 1176 78
1150 1152 78
1944 1930 78
720 730 78
8871 2620 78
391 395 78
860 801 78
1618 1608 78
1680 1684 78
1686 1694 78
137 117 78
1694 1688 78
582 583 78
1916 1881 78
2032 2028 78
2330 2331 78
2851 2852 78
2852 2839 78
2818 2825 78
2947 2957 78
2668 2594 78
1169 1180 78
1169 1175 78
1169 1182 78
1142 1134 78
1160 1156 78
2710 2709 78
2567 2581 78
1435 1436 78
2620 2686 78
141 117 78
1935 1948 78
2002 1914 78
2066 2064 78
2021 2244 78
2347 2234 78
2560 2600 78
1987 1971 78
1972 1995 78
2634 2635 78
1972 1994 78
8121 8122 78
6861 6922 78
1457 1440 78
961 960 78
146 1878 78
404 714 78
714 404 78
5492 5491 78
5541 5537 78
5537 5536 78
8897 9047 78
726 728 79
239 335 79
2185 2183 79
763 761 79
114 146 79
1726 1728 79
1748 1764 79
1249 1242 79
1044 1055 79
150 151 79
1024 1018 79
2548 2541 79
2455 2473 79
2403 2399 79
2946 2994 79
2786 2789 79
1236 1246 79
885 893 79
1527 1517 79
221 219 79
796 781 79
634 661 79
483 488 79
389 391 79
979 966 79
671 672 79
1090 1083 79
1949 1929 79
979 978 79
616 614 79
1438 1451 79
838 843 79
6306 6308 79
1854 1852 79
1688 1690 79
1681 1684 79
980 977 79
585 584 79
584 583 79
741 743 79
268 298 79
2474 2461 79
2430 2442 79
2442 2470 79
2237 2249 79
3045 3046 79
3046 3047 79
2817 2743 79
2763 2762 79
2863 2864 79
2864 2859 79
2929 1403 79
1170 1230 79
2717 2700 79
384 346 79
2276 2268 79
5536 5576 79
2116 2083 79
2738 2739 79
2883 2884 79
2131 2151 79
2024 2440 79
2600 2560 79
2508 2607 79
2005 1984 79
2233 2239 79
2262 2235 79
2050 1912 79
2642 2614 79
1882 1902 79
2532 2531 79
1989 1893 79
316 317 79
389 384 79
850 836 79
977 390 79
2468 2444 79
1645 1666 79
256 257 79
314 257 79
356 345 79
314 317 79
1918 1956 79
1817 1860 79
1860 1817 79
111 217 79
857 851 79
1120 809 79
1599 1622 79
1309 1219 79
1878 1884 79
1622 2085 79
1685 1855 79
2388 2026 79
2835 2816 79
2476 2732 79
2911 1414 79
2881 7185 79
2391 2390 79
146 133 79
521 553 79
2680 8751 79
2506 2561 79
146 1878 79
2391 2560 79
2364 2365 79
1879 1880 79
2933 2911 79
2026 2024 79
3020 2946 79
2026 2894 79
1880 2028 79
5483 6292 79
10433 2289 79
3156 3144 79
3211 3332 79
2833 2816 79
8825 8830 79
956 6450 79
6384 6333 79
6469 6477 79
6320 6369 79
6419 6442 79
1334 1302 79
1302 1300 79
254 219 79
400 397 79
1646 1669 79
1866 1856 79
117 106 79
211 215 79
264 258 79
179 178 79
487 486 79
1428 1429 79
1505 1513 79
371 377 79
377 378 79
355 354 79
354 351 79
1236 1465 79
975 971 79
1519 1481 79
177 1965 79
1123 883 79
408 405 79
386 414 79
414 418 79
1292 1274 79
1265 1226 79
1295 1307 79
1178 1179 79
1176 1163 79
1152 1157 79
1930 1929 79
1878 1963 79
395 400 79
801 800 79
1608 1621 79
1684 1690 79
625 630 79
1694 1688 79
1688 1690 79
583 584 79
584 585 79
1881 1934 79
229 232 79
2166 2179 79
2331 2320 79
7199 7186 79
2839 2842 79
2941 2942 79
2942 2913 79
2825 2826 79
2957 2956 79
2594 2603 79
1180 1172 79
1175 1176 79
1176 1163 79
1182 1173 79
1134 1141 79
1156 1126 79
2709 2685 79
2685 2729 79
2581 2582 79
1436 1426 79
2686 2687 79
2385 2384 79
2266 2234 79
1914 1899 79
2087 2106 79
2033 2027 79
1959 190 79
2009 1984 79
2064 2033 79
2234 2233 79
2600 2565 79
1981 2006 79
1971 2011 79
1995 2409 79
2318 2409 79
2635 2636 79
2037 1972 79
8122 8829 79
8143 8134 79
2024 1980 79
1440 1404 79
960 995 79
1969 188 79
357 356 79
960 961 79
1969 1970 79
357 111 79
1440 1457 79
2024 2026 79
5536 5576 79
8151 8147 80
728 715 80
335 342 80
2183 2187 80
761 762 80
146 1922 80
1764 1763 80
1242 1243 80
1554 1585 80
1055 1056 80
151 158 80
1018 1017 80
1017 1025 80
2541 2542 80
2422 2423 80
2423 2399 80
2399 2423 80
2423 2422 80
2994 2968 80
2789 2739 80
1246 1237 80
893 1122 80
1517 1521 80
219 254 80
2086 2084 80
781 788 80
788 787 80
1387 1391 80
661 662 80
662 542 80
488 491 80
666 676 80
1429 1434 80
1457 1454 80
540 557 80
966 958 80
572 595 80
1083 1079 80
1079 1089 80
392 977 80
978 980 80
2045 2029 80
614 623 80
1451 1450 80
843 842 80
6308 6381 80
977 392 80
464 471 80
583 582 80
1918 1905 80
298 257 80
2234 2265 80
2265 2241 80
2461 2457 80
2457 2469 80
2249 2248 80
3047 3039 80
3039 2893 80
2957 2951 80
1881 1885 80
2809 2810 80
2743 2796 80
2762 2741 80
2859 2755 80
1403 1401 80
1230 1219 80
2700 2779 80
336 357 80
1668 1672 80
815 849 80
5576 5535 80
5535 5534 80
2002 1914 80
2508 2633 80
2477 2806 80
2083 2091 80
2884 2875 80
1963 1884 80
2151 2123 80
1922 146 80
2440 2400 80
2480 2497 80
2560 2455 80
2235 2261 80
1960 1959 80
2339 2338 80
2614 2618 80
2515 2556 80
2410 2447 80
2531 2514 80
1893 1899 80
2533 2545 80
280 279 80
317 257 80
1891 1890 80
384 379 80
449 450 80
1964 1887 80
2087 2084 80
864 747 80
969 970 80
2617 2622 80
2031 2024 80
241 1646 80
1480 1521 80
345 380 80
317 314 80
317 984 80
1520 1521 80
345 356 80
1860 1867 80
1956 1918 80
135 132 80
985 983 80
188 1979 80
1897 255 80
996 995 80
190 1884 80
1457 1440 80
404 434 80
8733 8751 80
2027 2026 80
389 134 80
404 778 80
1880 1879 80
1971 1972 80
2945 2946 80
1897 995 80
3619 3517 80
3144 3306 80
3332 3331 80
3335 3334 80
8944 8795 80
8795 8944 80
8830 8829 80
6450 6386 80
6419 6390 80
6477 6475 80
6369 6368 80
6442 6440 80
8114 8113 80
1300 1301 80
392 977 80
397 396 80
1669 1670 80
1856 1852 80
106 105 80
215 213 80
258 265 80
178 174 80
1429 1387 80
1513 1514 80
1514 1503 80
378 374 80
351 429 80
1465 1466 80
971 976 80
1481 1479 80
1965 1943 80
883 1122 80
405 407 80
418 415 80
1274 1280 80
1226 1221 80
1307 1309 80
1179 1185 80
1163 1066 80
1157 1161 80
1929 1949 80
730 729 80
800 803 80
1621 251 80
251 246 80
630 631 80
631 632 80
117 118 80
585 679 80
611 478 80
1934 2044 80
2028 2044 80
232 236 80
2179 2160 80
2320 2324 80
2956 2946 80
2946 2975 80
2842 2848 80
2913 2927 80
2826 2819 80
2603 2606 80
1172 1188 80
1163 1066 80
1173 1098 80
1141 1145 80
1126 1130 80
2729 2705 80
2582 2661 80
1426 1385 80
2687 2682 80
2384 2383 80
117 357 80
1948 1922 80
1905 1958 80
2106 2084 80
1984 2008 80
2244 2251 80
2565 2577 80
2006 1970 80
2011 1983 80
2409 2318 80
2409 1995 80
2636 2637 80
1994 2411 80
714 736 80
961 742 80
1457 1210 80
404 406 80
10478 10429 80
5576 5535 80
5535 5534 80
8730 8921 81
8147 8137 81
715 714 81
342 357 81
2187 2180 81
762 764 81
1922 1921 81
1728 1738 81
1688 1690 81
1763 1766 81
1243 1241 81
1585 1584 81
1056 1054 81
158 161 81
1025 1063 81
2542 2543 81
2473 2468 81
2399 2428 81
1961 1916 81
2357 2311 81
2422 2421 81
2357 2364 81
2968 2958 81
1237 1247 81
1503 1497 81
2084 2093 81
787 780 81
1391 293 81
542 635 81
491 490 81
676 669 81
1434 310 81
310 307 81
557 556 81
391 392 81
958 964 81
595 592 81
1026 1047 81
1089 1093 81
1929 1930 81
977 980 81
260 314 81
623 622 81
622 621 81
842 884 81
884 895 81
6381 6507 81
1684 1690 81
392 391 81
471 475 81
582 581 81
743 962 81
257 314 81
2241 2231 81
2469 2471 81
2470 2468 81
2199 2203 81
2248 2236 81
2893 2891 81
2745 2744 81
2744 2774 81
2951 2952 81
1885 1936 81
2810 2804 81
2796 2797 81
2797 2750 81
2741 2761 81
2755 2756 81
1401 1412 81
1219 1221 81
2268 2089 81
5491 5511 81
5534 5543 81
1914 1913 81
2806 2803 81
2091 2092 81
2739 2731 81
2875 2874 81
2123 2152 81
2400 2398 81
2497 2501 81
2455 2473 81
1984 2007 81
2421 2234 81
2261 2328 81
1959 1922 81
2338 2337 81
1912 1882 81
2618 2637 81
2556 2537 81
1902 1931 81
2447 2411 81
1899 1913 81
1890 1889 81
450 370 81
1887 1953 81
390 729 81
747 748 81
970 957 81
2444 2392 81
2609 2563 81
2024 2392 81
2562 2563 81
1666 1646 81
257 314 81
1646 1666 81
257 256 81
1521 1520 81
1521 1480 81
356 326 81
1956 1881 81
1918 1899 81
132 389 81
217 218 81
851 808 81
809 808 81
3060 3061 81
2289 2207 81
1884 190 81
2277 2083 81
209 188 81
2085 1979 81
2946 2945 81
2934 2733 81
2390 2026 81
553 435 81
2561 2560 81
2365 2561 81
2028 1881 81
2561 2365 81
1880 1881 81
404 403 81
2024 1980 81
2084 1979 81
3517 3516 81
3331 3095 81
3334 3623 81
7430 7445 81
8829 8122 81
6386 6294 81
6390 6391 81
6333 6316 81
6316 6448 81
6475 6435 81
6440 6441 81
8113 8070 81
1301 1328 81
219 221 81
977 980 81
396 717 81
1670 1671 81
1852 1863 81
105 107 81
213 230 81
265 266 81
174 168 81
1387 1388 81
374 380 81
380 383 81
429 428 81
428 427 81
1466 1461 81
976 980 81
1479 1485 81
1943 1940 81
1122 1125 81
415 410 81
1280 1284 81
1284 1285 81
1185 1186 81
1066 1064 81
1161 1159 81
729 402 81
1963 1924 81
400 397 81
803 852 81
246 243 81
1690 1688 81
632 615 81
615 624 81
118 357 81
679 686 81
686 685 81
478 477 81
2044 1934 81
236 1626 81
2324 2323 81
2975 2972 81
2972 2969 81
7186 7330 81
2848 2847 81
2927 2915 81
2915 2926 81
2819 2853 81
1292 1276 81
1188 1194 81
1066 1065 81
1098 1095 81
1145 1148 81
1130 1121 81
2705 2647 81
2647 2679 81
2661 2611 81
1385 1389 81
2682 2701 81
2383 2505 81
1922 146 81
1958 1931 81
2234 2233 81
2754 2742 81
1899 1879 81
190 200 81
2008 1974 81
2251 2252 81
2233 2239 81
2331 2316 81
2577 2568 81
1983 2239 81
2318 2336 81
1995 1972 81
2637 2618 81
1972 1995 81
2411 2447 81
8829 8830 81
8134 8136 81
1980 1972 81
1404 2894 81
995 1210 81
1878 1880 81
356 455 81
1970 1971 81
111 220 81
406 455 81
10429 10471 81
5534 5543 81
6347 6322 81
8921 8912 82
8137 8140 82
823 808 82
357 118 82
2180 2186 82
162 389 82
764 784 82
1921 1908 82
1738 1737 82
1766 1751 82
1241 1222 82
1584 1579 82
161 166 82
1063 1065 82
2543 2514 82
2468 2463 82
2463 2471 82
567 572 82
2428 2392 82
1916 1945 82
2311 2325 82
2421 2396 82
2364 2359 82
2958 3019 82
2739 2731 82
1247 1254 82
895 884 82
1497 1495 82
1122 1131 82
1521 1495 82
254 250 82
365 356 82
780 714 82
635 651 82
490 489 82
669 664 82
307 306 82
1454 1464 82
556 547 82
964 965 82
1047 1048 82
1930 1944 82
980 978 82
980 977 82
2029 1894 82
621 620 82
620 331 82
1450 1457 82
895 874 82
874 873 82
1752 1754 82
475 470 82
581 579 82
579 580 82
962 963 82
2231 2236 82
2471 2468 82
2468 2463 82
2203 2202 82
2236 2231 82
2891 2882 82
2774 2773 82
2952 2764 82
1936 1937 82
2804 2811 82
2750 2782 82
2761 2740 82
2756 2757 82
1412 1404 82
1221 1229 82
2779 2780 82
2780 2740 82
849 809 82
2962 2979 82
5511 5513 82
5513 5515 82
5543 5568 82
2633 2634 82
2803 2802 82
2752 2734 82
2092 2197 82
2731 2800 82
2874 2873 82
1884 1928 82
2152 2132 82
146 156 82
2501 2477 82
2007 1970 82
2239 1983 82
2328 2311 82
2337 2336 82
2355 2356 82
2637 2636 82
2411 1994 82
2514 2580 82
2545 2546 82
279 271 82
257 272 82
379 411 82
1953 1889 82
729 730 82
2622 2614 82
1955 1894 82
1646 241 82
314 315 82
1666 1645 82
256 1888 82
380 411 82
984 958 82
1881 1885 82
1867 1662 82
218 228 82
1043 1037 82
983 255 82
1979 2085 82
1622 2085 82
1219 996 82
995 997 82
1884 1878 82
1855 1867 82
2732 2731 82
1210 995 82
7182 7183 82
1440 1414 82
434 443 82
8751 2680 82
133 134 82
134 133 82
1879 1878 82
1878 1879 82
2560 2561 82
2911 2912 82
2894 2912 82
4369 4370 82
3056 3613 82
145 188 82
146 389 82
3623 3333 82
7445 7342 82
6391 6392 82
6448 6363 82
6435 6434 82
6368 6321 82
1328 1315 82
980 978 82
717 716 82
1863 1818 82
107 109 82
230 231 82
266 270 82
168 170 82
1388 1385 82
383 385 82
427 352 82
1461 1462 82
980 977 82
1485 1462 82
1940 1939 82
1125 1127 82
1127 1124 82
407 410 82
1285 1279 82
1221 1006 82
1309 1323 82
1186 1184 82
1064 1062 82
1159 1155 82
1949 1887 82
402 391 82
1924 1886 82
852 914 82
243 245 82
624 617 82
685 682 82
477 472 82
2044 2028 82
1626 1634 82
2323 2349 82
2969 3012 82
2847 2846 82
2926 2932 82
2606 2593 82
1276 1272 82
1194 1195 82
1195 1189 82
1065 1062 82
1095 1106 82
1148 1090 82
1121 1129 82
2679 2655 82
1389 1386 82
2505 2517 82
357 336 82
1931 1930 82
2084 2088 82
2252 2239 82
2239 2252 82
1970 2007 82
1972 2037 82
2618 2614 82
1995 2409 82
2447 2410 82
8830 8825 82
8136 8140 82
188 220 82
736 748 82
742 748 82
2026 2894 82
5543 5568 82
6322 6344 82
8912 8917 83
8140 8139 83
808 816 83
714 780 83
118 117 83
2186 2169 83
389 391 83
1908 210 83
1737 1729 83
1690 1696 83
1751 1762 83
1222 1004 83
1579 1583 83
1482 1472 83
1054 1058 83
166 165 83
1065 1066 83
2471 2469 83
572 595 83
2392 2430 83
1945 1938 83
2325 2326 83
2396 2407 83
3019 3005 83
1254 1253 83
884 842 83
1495 1521 83
1131 1156 83
1495 1497 83
2158 2157 83
356 326 83
2093 2109 83
714 716 83
293 294 83
651 650 83
650 633 83
489 482 83
664 675 83
306 302 83
1464 1467 83
547 586 83
461 466 83
392 977 83
965 963 83
592 588 83
1048 1052 83
1944 1931 83
977 392 83
331 328 83
873 866 83
1754 1758 83
1852 1863 83
1690 1688 83
391 389 83
1690 1688 83
470 465 83
580 572 83
963 965 83
2236 2248 83
2468 2470 83
2463 2471 83
2202 2192 83
2231 2241 83
2882 2888 83
2773 2772 83
2772 2771 83
2764 2733 83
1937 285 83
285 282 83
2748 2781 83
2811 2812 83
2782 2749 83
2740 2731 83
2757 2758 83
1404 1407 83
1407 1442 83
1442 1441 83
1229 1223 83
2740 2731 83
357 117 83
346 360 83
809 810 83
810 814 83
2089 2101 83
6532 6818 83
5515 5583 83
5568 5580 83
5580 5834 83
1913 1923 83
2634 2635 83
2508 2607 83
2734 2735 83
2197 2196 83
2800 2801 83
2768 2769 83
2873 2872 83
2119 2143 83
1928 1879 83
2132 2161 83
2398 2400 83
2398 2395 83
2473 2464 83
1970 2006 83
2311 2357 83
1922 146 83
2336 2318 83
2356 2361 83
2636 2635 83
2537 2536 83
1931 1879 83
1994 1972 83
1913 1923 83
2546 2547 83
271 272 83
1889 1953 83
411 370 83
370 411 83
748 720 83
957 961 83
2392 2024 83
2563 2562 83
2392 2444 83
2563 2609 83
1520 1545 83
314 297 83
958 959 83
1480 1479 83
326 327 83
1899 195 83
1457 1450 83
389 391 83
1037 1026 83
255 983 83
190 209 83
1897 255 83
188 1979 83
1979 188 83
1867 1612 83
2026 2027 83
2026 2390 83
8751 8733 83
778 905 83
778 404 83
1881 1880 83
1881 2028 83
403 413 83
1972 1980 83
1980 1972 83
2946 3020 83
4370 4381 83
4722 4721 83
3516 3082 83
3306 3307 83
3095 3093 83
3333 3336 83
3057 3120 83
7342 7435 83
6294 6295 83
2816 2833 83
8122 8121 83
6294 6386 83
6503 6421 83
6392 6393 83
6363 6506 83
6321 6319 83
8070 8112 83
2961 2991 83
1315 1314 83
221 239 83
716 714 83
1671 329 83
1818 1831 83
109 108 83
231 183 83
270 275 83
170 169 83
169 166 83
1385 1397 83
1503 1498 83
385 367 83
352 425 83
977 392 83
1462 1461 83
1939 1890 83
1124 1132 83
410 415 83
410 407 83
1279 1283 83
1006 1000 83
1323 1322 83
1184 1187 83
1062 1053 83
1155 1162 83
391 392 83
1886 1920 83
397 396 83
914 921 83
245 219 83
617 1709 83
357 342 83
512 505 83
682 687 83
472 465 83
2028 2032 83
1934 1881 83
1634 1622 83
2349 2350 83
3012 3018 83
2846 2845 83
2932 2895 83
2593 2575 83
1272 1252 83
1189 1196 83
1106 1076 83
1090 1082 83
1129 1154 83
2655 2676 83
2611 2676 83
1386 2898 83
2517 2509 83
146 141 83
2233 2239 83
1879 1928 83
2088 2096 83
200 195 83
1974 1985 83
2252 2251 83
2316 2313 83
2007 1984 83
2336 2337 83
2614 2642 83
2409 2318 83
2410 2418 83
8825 8832 83
1972 1971 83
1971 1972 83
455 356 83
10471 10487 83
5568 5580 83
5580 5834 83
6344 6297 83
6297 6348 83
8139 8067 84
816 817 84
780 786 84
2169 2170 84
210 220 84
1729 1746 84
1762 1755 84
1755 1753 84
475 470 84
1004 1005 84
1583 1582 84
1472 1473 84
1058 1167 84
165 980 84
1066 1163 84
2514 2529 84
2469 2458 84
595 592 84
2430 2442 84
1938 1890 84
2326 2331 84
2407 2351 84
2359 2354 84
3005 3004 84
2731 2788 84
1253 1252 84
842 843 84
1521 1517 84
1156 1147 84
1497 1503 84
250 229 84
2157 1835 84
2109 2117 84
716 717 84
294 296 84
633 566 84
482 513 84
302 303 84
1467 1463 84
586 546 84
466 467 84
977 980 84
588 589 84
1052 1018 84
978 979 84
392 391 84
1894 1957 84
741 970 84
328 326 84
866 868 84
1758 1753 84
1863 1857 84
389 162 84
1688 1694 84
465 469 84
965 964 84
2248 2249 84
2249 2237 84
2470 2435 84
2471 2469 84
2192 2194 84
2241 2265 84
2888 2889 84
2771 2770 84
2733 2742 84
282 289 84
2781 2749 84
2749 2752 84
2731 2739 84
2758 2759 84
1441 1446 84
1223 1222 84
2731 2739 84
814 1133 84
2979 2981 84
2101 2102 84
6818 6955 84
5834 5583 84
1923 190 84
2635 2636 84
2802 2807 84
2196 2195 84
2738 2739 84
2746 2738 84
2768 2736 84
2801 2746 84
2769 2770 84
2143 2124 84
2161 2160 84
156 157 84
2477 2806 84
2464 2453 84
2006 1981 84
1983 2011 84
2361 2357 84
1882 1902 84
2635 2634 84
2536 2568 84
2580 2579 84
1923 190 84
2547 2522 84
272 271 84
411 379 84
1889 1890 84
730 720 84
2024 2031 84
2614 2613 84
2444 2468 84
1894 2029 84
241 240 84
315 1197 84
1645 1673 84
1888 1903 84
1545 1544 84
297 305 84
1479 1470 84
327 614 84
1885 270 84
1662 1611 84
195 189 84
228 229 84
1026 1027 84
808 809 84
2085 1622 84
808 851 84
2085 1979 84
3061 1751 84
2207 10431 84
10429 10430 84
2083 2084 84
2207 2289 84
1878 1901 84
2816 2815 84
1414 1440 84
2945 2933 84
1414 2911 84
443 432 84
134 389 84
133 146 84
1878 146 84
2560 2391 84
1879 1880 84
2912 2894 84
2946 2945 84
2912 2911 84
1979 1969 84
4381 4368 84
4721 4722 84
4722 4724 84
2028 2476 84
7167 7186 84
7186 6530 84
6292 949 84
3307 3309 84
3336 3203 84
7435 7432 84
2833 8115 84
8121 8120 84
6386 6450 84
6506 6379 84
6434 6312 84
6321 6319 84
6319 6310 84
2991 2962 84
1314 1311 84
978 979 84
714 780 84
329 328 84
1831 1824 84
108 345 84
183 187 84
275 281 84
166 165 84
1397 1394 84
1498 1496 84
367 384 84
425 544 84
392 391 84
1461 1468 84
1890 1938 84
1132 1128 84
415 418 84
407 405 84
1283 1286 84
1000 996 84
996 1017 84
1322 1321 84
1187 1311 84
1053 1060 84
1162 1154 84
1887 1965 84
1920 210 84
396 717 84
921 915 84
342 335 84
335 238 84
505 511 84
687 688 84
465 470 84
2032 2036 84
1881 1916 84
1622 2128 84
2160 2161 84
2350 2348 84
2207 2219 84
7330 7334 84
2845 2844 84
2895 2901 84
2901 2902 84
1252 1264 84
1264 1253 84
1196 1310 84
1062 1051 84
1076 1071 84
1082 1084 84
1154 1055 84
2676 2623 84
2676 2623 84
2898 2905 84
2701 2684 84
2509 2517 84
336 1672 84
1930 1929 84
2239 2252 84
2742 2778 84
195 191 84
2239 2233 84
2251 2244 84
2313 2568 84
2568 2313 84
2239 2233 84
2337 2338 84
2037 2038 84
2642 2643 84
2318 2335 84
2507 2509 84
2418 2448 84
8140 8139 84
6922 6842 84
2894 2026 84
1210 1457 84
1880 2028 84
220 111 84
455 406 84
748 742 84
748 736 84
220 188 84
1210 995 84
2894 1404 84
5834 5583 84
6348 6473 84
8917 8957 85
817 799 85
822 823 85
786 404 85
117 137 85
2170 2171 85
391 395 85
220 222 85
1746 1741 85
1696 1697 85
1753 1761 85
470 473 85
2268 2270 85
1005 1000 85
1582 1577 85
1473 1471 85
1167 1164 85
1164 1165 85
980 978 85
1163 1176 85
2529 2513 85
2458 2465 85
1830 1848 85
592 594 85
2442 2435 85
2351 2348 85
2354 2353 85
3004 3003 85
1252 1272 85
843 838 85
1517 1527 85
1147 1153 85
1503 1506 85
1835 1842 85
2117 2085 85
717 396 85
296 279 85
566 565 85
513 512 85
675 670 85
2931 1419 85
303 262 85
262 298 85
1463 1462 85
546 545 85
467 462 85
162 389 85
980 976 85
963 967 85
589 587 85
1018 1017 85
1931 1879 85
979 172 85
1957 1905 85
1905 1958 85
970 968 85
968 959 85
868 872 85
872 867 85
1753 1757 85
1757 1751 85
1857 1816 85
469 463 85
964 985 85
2237 2250 85
2250 2275 85
2435 2446 85
2446 2397 85
2469 2457 85
2889 2775 85
2770 2769 85
2742 2737 85
289 280 85
2749 2752 85
2752 2734 85
2812 2813 85
2752 2734 85
2739 2738 85
2759 2752 85
1446 1458 85
1222 1227 85
2739 2738 85
117 143 85
360 326 85
162 389 85
1133 1151 85
2102 2084 85
1349 1376 85
6955 6951 85
5583 5834 85
190 1960 85
2636 2637 85
2735 2736 85
2195 2194 85
2768 2735 85
2770 2771 85
2872 2880 85
2124 2149 85
1879 1919 85
2160 2159 85
2421 2081 85
2400 2440 85
2395 2401 85
2806 2803 85
2453 2479 85
1981 2275 85
2011 1971 85
2357 2364 85
146 156 85
2318 2409 85
2357 2379 85
2634 2633 85
2568 2416 85
1972 2037 85
2579 2561 85
190 1959 85
272 257 85
1953 1887 85
370 450 85
2084 2087 85
379 384 85
1890 1891 85
720 748 85
720 730 85
2562 2453 85
2613 2612 85
2609 2611 85
240 219 85
1673 1674 85
1903 1878 85
1544 1554 85
411 412 85
959 970 85
270 271 85
1611 1624 85
1450 1451 85
391 729 85
1027 742 85
255 1897 85
996 995 85
209 188 85
6530 6531 85
255 997 85
1979 2085 85
997 255 85
2731 2815 85
7183 7184 85
7185 7184 85
2390 2391 85
435 432 85
2561 2506 85
2365 2364 85
2028 2027 85
413 389 85
1980 2024 85
3060 3061 85
2277 2083 85
1972 1971 85
4368 4367 85
3613 3340 85
10427 10429 85
6528 6529 85
3309 3310 85
3120 3066 85
7432 7442 85
8795 8732 85
8944 8731 85
6450 956 85
6393 6394 85
6312 6360 85
6319 6310 85
8112 8129 85
2304 2303 85
2962 2976 85
1311 1114 85
328 326 85
326 356 85
1824 1849 85
1849 1826 85
345 348 85
187 2085 85
281 291 85
165 980 85
1394 1413 85
1496 1494 85
1494 1499 85
384 387 85
1468 1466 85
1938 1916 85
1128 1044 85
418 414 85
405 408 85
408 406 85
1286 1329 85
1321 1320 85
1311 1317 85
1317 1327 85
1060 1061 85
1154 1044 85
392 977 85
717 716 85
915 911 85
219 223 85
511 510 85
688 697 85
697 701 85
2036 2071 85
1916 1931 85
2128 2129 85
2161 2123 85
2348 2351 85
2219 2221 85
7334 3013 85
2844 2843 85
2902 2909 85
2909 2900 85
2853 2854 85
2575 2609 85
1253 1254 85
1254 1247 85
1310 1309 85
1051 1049 85
1071 1075 85
1075 1082 85
1084 1087 85
1055 1128 85
1128 1044 85
2623 2609 85
2623 2609 85
2905 2897 85
2684 2663 85
2517 2505 85
2252 2251 85
2565 2600 85
2778 2777 85
1928 1884 85
2096 2122 85
191 1985 85
1985 191 85
2081 2017 85
2233 2234 85
2568 2577 85
2313 2316 85
1984 2005 85
2233 2234 85
2338 2339 85
2643 2621 85
2509 2522 85
2448 2420 85
2508 2533 85
8832 8831 85
8139 8067 85
1971 1970 85
1972 1980 85
10487 10490 85
6473 6307 85
8730 8911 86
8850 8841 86
799 829 86
823 841 86
404 440 86
137 144 86
2171 2172 86
395 400 86
222 218 86
1697 1771 86
1771 1772 86
1761 1760 86
1646 1669 86
572 567 86
473 472 86
2270 2269 86
1000 996 86
1577 7330 86
1471 1444 86
1165 1166 86
978 979 86
1176 1175 86
2513 2567 86
2465 2419 86
1848 1828 86
594 596 86
2435 2445 86
1890 258 86
2331 2320 86
2348 2350 86
2353 2378 86
3003 3018 86
1272 1276 86
1042 1044 86
838 823 86
1527 1524 86
1153 1152 86
1506 1508 86
229 232 86
324 314 86
1842 1843 86
326 328 86
2085 187 86
396 397 86
279 291 86
565 559 86
512 505 86
670 571 86
1419 1424 86
298 257 86
1462 1483 86
545 544 86
544 425 86
462 468 86
389 391 86
967 961 86
587 420 86
1017 996 86
1327 1317 86
172 173 86
391 389 86
1958 1931 86
959 958 86
867 871 86
871 870 86
1751 1766 86
1816 1820 86
1830 1848 86
1688 1694 86
1694 1691 86
463 520 86
985 988 86
988 989 86
2397 2441 86
2457 2461 86
2194 2195 86
2775 2776 86
2769 2768 86
280 290 86
2734 2735 86
2813 2738 86
2734 2735 86
2752 2734 86
1227 1213 86
389 384 86
1151 1146 86
2981 2998 86
1376 1359 86
5834 5580 86
5583 5515 86
2637 2618 86
2807 2808 86
2194 2192 86
2739 2765 86
2771 2772 86
2768 2754 86
2880 2879 86
2159 2153 86
2440 2024 86
2401 2352 86
2803 2802 86
2961 2944 86
1971 1987 86
2364 2369 86
2409 1995 86
2379 2380 86
1902 1931 86
2633 2508 86
2416 2415 86
2561 2578 86
2522 2509 86
271 279 86
1887 1964 86
450 449 86
1891 1892 86
730 729 86
2031 2030 86
2468 2453 86
2029 2045 86
1197 1210 86
1674 1683 86
1878 1896 86
412 396 86
540 539 86
305 1425 86
970 741 86
1470 1471 86
614 625 86
1624 1623 86
189 188 86
1451 1425 86
729 734 86
809 1120 86
1622 1599 86
851 857 86
1979 188 86
983 985 86
10430 10432 86
2084 1979 86
5572 1078 86
1901 1897 86
188 209 86
1612 1622 86
2815 2731 86
1440 1457 86
2933 2911 86
2027 2028 86
389 413 86
8729 8730 86
2391 2390 86
1880 1881 86
404 403 86
2561 2560 86
1880 1879 86
2945 2933 86
1969 1970 86
4367 4366 86
995 1095 86
3093 3094 86
7496 7495 86
8120 8123 86
6507 6308 86
6320 6505 86
956 950 86
6421 6370 86
6394 5599 86
6379 6296 86
6360 6311 86
6310 6352 86
2303 2302 86
2302 2301 86
2976 2963 86
1114 1096 86
979 987 86
1826 1828 86
348 356 86
2085 2110 86
291 279 86
980 977 86
1413 1404 86
1499 1484 86
387 388 86
544 545 86
545 546 86
391 389 86
1466 1465 86
1916 1931 86
414 386 86
386 393 86
406 456 86
1329 1335 86
1017 1018 86
1320 1316 86
1061 1045 86
210 220 86
716 715 86
911 907 86
223 218 86
1688 1694 86
1797 1801 86
1688 1690 86
238 239 86
510 522 86
701 702 86
702 691 86
2071 2035 86
1931 1879 86
2129 2144 86
2351 2407 86
2221 2222 86
3013 3014 86
2843 2837 86
2900 2896 86
2854 2837 86
1247 1237 86
1237 1246 86
1309 1307 86
1049 1050 86
1082 1090 86
1087 1081 86
1044 1042 86
2897 2910 86
2663 2662 86
2505 2383 86
1929 1901 86
2251 2244 86
2600 2560 86
2777 2776 86
1884 1968 86
1978 1975 86
191 195 86
2017 1988 86
2244 2021 86
2316 2331 86
2005 2004 86
2339 2315 86
2621 2620 86
2335 2413 86
2522 2547 86
8831 8826 86
406 404 86
742 961 86
736 714 86
188 1969 86
356 357 86
10490 10473 86
5583 5515 86
7182 7441 86
6307 6349 86
8957 8956 87
829 827 87
720 721 87
724 720 87
841 849 87
440 456 87
144 138 87
2172 2145 87
2605 2606 87
400 397 87
1741 1745 87
1772 1767 87
1760 1759 87
1669 1670 87
567 570 87
146 1922 87
2282 2284 87
2084 2088 87
2269 2283 87
2610 2673 87
996 1017 87
7330 7186 87
1166 1072 87
1174 1169 87
2567 2581 87
2419 2432 87
1828 1836 87
596 591 87
2445 2451 87
162 389 87
258 267 87
267 268 87
2350 2349 87
2378 2377 87
1276 1291 87
823 808 87
1524 1532 87
1152 1070 87
1508 1509 87
232 231 87
314 318 87
1843 1828 87
328 329 87
187 183 87
397 400 87
291 281 87
559 564 87
571 578 87
1424 1415 87
1415 1414 87
257 261 87
1483 1484 87
425 352 87
468 535 87
976 971 87
961 1030 87
996 1000 87
1383 1355 87
1327 1317 87
1317 1311 87
146 1898 87
173 174 87
1931 1879 87
870 770 87
770 768 87
1766 1756 87
1848 1828 87
1828 1833 87
1694 1691 87
1691 1695 87
1695 1807 87
520 518 87
989 1009 87
1009 1198 87
2441 2430 87
2461 2474 87
2195 2196 87
2776 2777 87
2768 2735 87
290 295 87
2735 2737 87
2735 2737 87
2738 2737 87
2734 2735 87
1458 1460 87
1213 1212 87
2738 2737 87
143 146 87
326 1668 87
1146 1153 87
2998 2997 87
1359 1358 87
1358 1348 87
6951 6825 87
5580 5567 87
1960 1924 87
2618 2614 87
2808 2809 87
2736 2738 87
2735 2736 87
2772 2773 87
2149 2134 87
1919 1899 87
2153 2157 87
154 146 87
2024 2076 87
2479 2480 87
2275 2274 87
2369 2366 87
156 157 87
1995 1972 87
2380 2327 87
2415 2414 87
2037 2051 87
2578 2607 87
2509 2507 87
257 317 87
279 280 87
2087 1969 87
384 389 87
748 747 87
2030 2045 87
2453 2468 87
2612 2611 87
2045 2030 87
2611 2612 87
219 218 87
1210 1211 87
1896 1886 87
1270 1251 87
539 597 87
625 600 87
271 304 87
188 230 87
734 741 87
742 741 87
1897 1901 87
985 960 87
995 997 87
10431 10432 87
188 1979 87
2085 1622 87
209 190 87
2815 2816 87
2881 2946 87
2911 2933 87
2733 2934 87
432 435 87
2680 2610 87
2391 2560 87
146 1878 87
432 443 87
146 133 87
2506 2502 87
1879 1878 87
389 134 87
2894 2026 87
2024 2026 87
3020 3037 87
4724 4725 87
389 521 87
3310 3311 87
3094 3162 87
3066 3145 87
7495 7494 87
7442 7434 87
8732 8733 87
8123 8073 87
950 6325 87
6370 6320 87
5599 5483 87
6296 6381 87
6311 6468 87
6310 6352 87
6352 6351 87
6321 6319 87
8129 8111 87
2375 2367 87
2301 2298 87
2963 2995 87
1096 1113 87
987 993 87
356 365 87
1828 1843 87
356 360 87
2110 2109 87
279 296 87
977 392 87
1404 1412 87
1484 1483 87
388 389 87
546 586 87
389 162 87
1465 1236 87
1931 1905 87
393 389 87
456 458 87
1335 1330 87
1018 1052 87
1052 1048 87
1316 1314 87
1044 1045 87
220 222 87
715 718 87
907 897 87
239 221 87
522 527 87
691 694 87
691 694 87
2035 2069 87
2144 2146 87
2146 2123 87
2123 2151 87
2407 2396 87
2896 292 87
1246 1236 87
1307 1306 87
1050 1048 87
1090 1148 87
1081 1085 87
1085 1080 87
2662 2665 87
2665 2610 87
1672 336 87
1901 1935 87
2560 2455 87
2776 2775 87
1968 1963 87
2122 2131 87
1985 1974 87
1988 1990 87
2234 2347 87
2577 2565 87
2004 2003 87
2234 2263 87
2413 2414 87
2420 2607 87
8826 8833 87
1970 1969 87
2026 2024 87
111 357 87
1980 2024 87
995 960 87
1404 1440 87
10473 10694 87
6349 6304 87
8956 8952 88
8911 8929 88
8841 8843 88
827 830 88
720 725 88
849 840 88
456 458 88
458 449 88
138 132 88
2145 2149 88
2149 2134 88
2606 2641 88
2641 2595 88
218 223 88
326 330 88
1745 1744 88
1767 1770 88
1759 1769 88
1646 1653 88
1670 1671 88
486 504 88
425 426 88
472 479 88
2284 2277 88
2088 2096 88
2283 2285 88
1017 1022 88
1444 1446 88
1072 1074 88
1074 1073 88
979 966 88
1175 1169 88
1169 1175 88
2581 2582 88
1836 1844 88
1844 1845 88
591 561 88
2451 2431 88
389 388 88
143 139 88
268 298 88
2320 2324 88
2349 2323 88
2377 2368 88
3018 3017 88
1559 1558 88
1291 1273 88
808 818 88
1532 1576 88
1576 1553 88
1070 1105 88
1509 1500 88
714 716 88
318 992 88
1828 1826 88
329 1671 88
183 231 88
281 275 88
642 641 88
564 563 88
505 515 88
578 577 88
1414 1401 88
261 255 88
1484 1499 88
352 427 88
427 428 88
535 538 88
391 392 88
971 975 88
1030 1029 88
420 421 88
1000 1006 88
1355 1350 88
1317 1311 88
1311 1187 88
174 180 88
958 966 88
768 767 88
1756 1787 88
1820 1819 88
1833 1850 88
1807 1812 88
1812 1676 88
518 519 88
141 143 88
1198 315 88
2275 2112 88
2430 2427 88
2474 2453 88
2196 2197 88
2777 2778 88
2735 2737 88
295 292 88
2738 2737 88
2735 2737 88
1460 1457 88
1153 1152 88
2997 1542 88
2231 2236 88
866 868 88
1348 1347 88
5567 5566 88
5515 5513 88
1924 1963 88
2614 2642 88
2809 2810 88
2508 2565 88
2192 2202 88
2765 2766 88
2736 2738 88
2773 2774 88
2134 2150 88
2352 2344 88
2802 2814 88
2944 2940 88
2274 2271 88
1987 2015 88
1972 2037 88
2327 2331 88
1931 1879 88
2508 2540 88
2607 2420 88
1959 1922 88
1964 178 88
449 441 88
1892 1954 88
729 390 88
961 957 88
2045 2029 88
2611 2609 88
2453 2562 88
2030 2031 88
218 220 88
1211 1220 88
1251 1250 88
396 725 88
597 601 88
1471 1445 88
1623 229 88
741 742 88
741 734 88
1120 1121 88
857 905 88
188 209 88
997 995 88
2289 2277 88
255 1897 88
1897 255 88
2731 2732 88
1457 1210 88
2028 1881 88
413 403 88
2390 2026 88
1881 2028 88
403 413 88
6294 949 88
2364 2353 88
2027 2026 88
3061 3063 88
2083 2084 88
1971 1970 88
1970 1971 88
4366 4364 88
4725 4726 88
188 10429 88
2289 10433 88
3203 3202 88
3145 3146 88
7494 7431 88
7544 7545 88
8115 8116 88
5755 5754 88
6325 6373 88
6381 6507 88
6468 6304 88
6304 6308 88
6352 6351 88
6351 6350 88
6319 6310 88
8111 8110 88
2579 2561 88
2367 2382 88
2298 2299 88
2995 2992 88
1113 1112 88
993 983 88
983 1002 88
1843 1842 88
1842 1835 88
360 356 88
2109 2093 88
296 294 88
392 391 88
1412 1401 88
1483 1462 88
586 547 88
1236 1238 88
389 162 88
458 449 88
1330 1332 88
1048 1047 88
1314 1311 88
1965 177 88
222 218 88
718 736 88
1694 1691 88
1801 1800 88
1690 1684 88
221 227 88
527 524 88
601 613 88
694 708 88
694 699 88
2069 2068 88
2396 2421 88
2222 2310 88
3014 3033 88
2837 2845 88
292 295 88
1236 1455 88
1455 1459 88
1306 1303 88
1048 1047 88
1148 1145 88
1080 1092 88
2610 2623 88
2383 2384 88
141 117 88
1935 1948 88
2244 2021 88
2455 2473 88
1978 1976 88
2775 2889 88
1963 1878 88
2131 2151 88
1975 2087 88
195 200 88
1990 1987 88
2347 2343 88
2003 1989 88
2263 2262 88
2315 2320 88
2547 2546 88
8833 8834 88
1457 1440 88
404 714 88
961 960 88
714 404 88
10694 10697 88
10482 10792 88
5515 5513 88
7441 7433 88
8952 8957 89
8843 8847 89
830 831 89
721 737 89
725 727 89
840 1123 89
449 445 89
995 1003 89
132 158 89
995 986 89
2134 2150 89
2595 2564 89
2799 2715 89
397 396 89
223 219 89
1744 1740 89
1770 1773 89
1769 1774 89
504 496 89
496 497 89
570 574 89
570 593 89
479 612 89
1922 1909 89
2277 2198 89
2096 2122 89
2285 2281 89
2673 2666 89
2731 2739 89
1022 1049 89
7186 7199 89
1446 1441 89
1073 1070 89
966 958 89
1169 1183 89
1183 1170 89
1175 1176 89
2582 2661 89
2432 2388 89
1845 1846 89
1846 1829 89
561 558 89
2431 2450 89
139 140 89
1003 994 89
298 257 89
219 254 89
2324 2323 89
2323 2324 89
2368 2382 89
3017 3033 89
1558 1554 89
1273 1293 89
1044 1128 89
818 811 89
1553 1564 89
1105 1106 89
1106 1095 89
231 207 89
716 717 89
992 997 89
1826 1849 89
1671 1667 89
400 395 89
275 270 89
641 656 89
563 562 89
515 507 89
507 530 89
577 560 89
1401 1412 89
255 259 89
259 1966 89
1499 1494 89
428 429 89
429 351 89
538 533 89
975 968 89
1029 1028 89
421 431 89
1006 1221 89
1350 1360 89
1187 1184 89
180 177 89
966 993 89
767 765 89
1787 1786 89
1786 1779 89
1819 1789 89
1850 1834 89
1691 1693 89
519 533 89
143 149 89
314 322 89
322 315 89
2112 2111 89
2111 2090 89
2427 2399 89
2197 2092 89
2265 2234 89
2778 2742 89
292 2896 89
1212 1211 89
384 346 89
1152 1070 89
1542 1540 89
2236 2276 89
2731 2739 89
868 872 89
872 881 89
1347 1346 89
1175 1062 89
6432 6431 89
5566 5565 89
5513 5511 89
5511 5491 89
1963 1878 89
2642 2643 89
2810 2804 89
2738 2813 89
2202 2203 89
2766 2743 89
2736 2738 89
2774 2744 89
2150 2151 89
146 1922 89
2076 2034 89
2344 2343 89
2814 2940 89
2480 2497 89
2940 2802 89
2271 2273 89
2015 1986 89
2370 2366 89
2366 2370 89
2331 2320 89
1879 1928 89
2540 2511 89
2414 2413 89
2051 2039 89
317 316 89
280 2027 89
178 316 89
1969 1974 89
389 977 89
747 864 89
390 977 89
836 850 89
957 970 89
2468 2444 89
2612 2613 89
220 210 89
1886 1920 89
725 720 89
1425 1426 89
741 721 89
1445 1427 89
600 601 89
304 1425 89
230 229 89
1425 304 89
1901 1878 89
1599 1804 89
1751 1776 89
960 1014 89
1979 2084 89
6531 1344 89
10432 10431 89
1979 188 89
1622 1612 89
1078 1087 89
3054 1741 89
1622 2085 89
2816 2835 89
2911 1414 89
7184 7185 89
7184 7183 89
435 553 89
2610 2609 89
2560 2559 89
1878 1879 89
443 434 89
133 134 89
2502 2503 89
2560 2391 89
134 133 89
2026 2024 89
2026 2894 89
2933 2911 89
2911 2933 89
3037 7186 89
4364 4348 89
4348 4345 89
4726 3099 89
6529 6530 89
949 403 89
3311 3079 89
3162 3161 89
3202 3201 89
7545 7546 89
7434 7433 89
6295 6316 89
8073 8118 89
6308 6304 89
6505 6292 89
6373 6327 89
6320 6302 89
6308 6381 89
6321 6319 89
6351 6350 89
6350 6507 89
8110 8109 89
2561 2597 89
2382 2368 89
2299 2300 89
2992 2959 89
1112 1111 89
1002 992 89
1835 2157 89
2093 2084 89
356 345 89
294 293 89
1401 1414 89
1462 1463 89
547 556 89
1462 1485 89
1238 1235 89
1044 1040 89
1332 1347 89
1047 1026 89
1311 1317 89
177 180 89
736 740 89
897 905 89
1691 1698 89
1800 1798 89
1684 1681 89
227 219 89
524 525 89
613 605 89
708 709 89
709 710 89
699 695 89
2068 2056 89
2421 2422 89
2310 2301 89
3018 3014 89
3033 3017 89
295 290 89
2837 2854 89
1459 1454 89
1454 1457 89
1303 1282 89
1047 1026 89
1145 1139 89
1092 1094 89
1976 1975 89
2889 2888 89
1974 2008 89
200 190 89
1987 2009 89
2021 1982 89
2565 2600 89
1989 1904 89
2262 2235 89
2414 2415 89
2546 2545 89
2607 2578 89
6842 7096 89
1969 188 89
2024 1980 89
1440 1404 89
357 356 89
960 995 89
2024 2026 89
1969 1970 89
960 961 89
1440 1457 89
357 111 89
10697 10695 89
10792 10787 89
5513 5511 89
5511 5491 89
7433 7436 89
6304 6308 89
8957 8951 90
8929 8930 90
8847 8842 90
10921 10922 90
10478 10429 90
831 825 90
737 744 90
727 399 90
1123 883 90
445 444 90
158 161 90
2564 2677 90
2715 2716 90
396 403 90
822 823 90
219 245 90
330 343 90
343 347 90
1773 1768 90
1774 1768 90
1768 1773 90
1653 1610 90
1671 1668 90
497 498 90
498 499 90
574 571 90
612 611 90
1909 1925 90
2198 2197 90
2122 2130 90
2281 2280 90
2666 2675 90
2739 2738 90
1049 1046 90
1441 1442 90
1070 1071 90
958 964 90
1170 1181 90
1176 1163 90
2661 2611 90
2388 2026 90
1829 1847 90
2450 2402 90
388 387 90
140 137 90
994 1203 90
257 262 90
2323 2349 90
2382 2374 90
3033 3014 90
1554 1585 90
2731 2739 90
1293 1295 90
1128 1154 90
811 819 90
819 828 90
881 869 90
1564 1565 90
1095 1110 90
1500 1501 90
717 396 90
997 982 90
1849 1824 90
1667 1670 90
231 230 90
395 391 90
270 266 90
540 557 90
656 635 90
562 557 90
530 531 90
560 558 90
558 557 90
1412 1404 90
1966 1898 90
1494 1496 90
351 354 90
392 977 90
968 962 90
672 671 90
431 422 90
1221 1226 90
1311 1314 90
1045 1060 90
1184 1186 90
177 1965 90
993 983 90
983 1002 90
765 766 90
766 762 90
1779 1778 90
1789 1791 90
1834 1851 90
1693 1806 90
1676 1673 90
533 534 90
149 147 90
315 1198 90
2090 2103 90
2399 2423 90
2423 2422 90
2092 2091 90
2234 2347 90
2347 2343 90
2742 2737 90
2896 2900 90
1668 1672 90
1540 1539 90
2739 2787 90
881 892 90
1346 1357 90
6825 6815 90
6431 6427 90
5565 5833 90
5833 5579 90
2643 2621 90
2804 2811 90
2813 2812 90
2203 2199 90
2743 2817 90
2738 2813 90
2738 2739 90
2744 2745 90
2151 2131 90
1899 1914 90
2034 2067 90
2343 2347 90
2041 2065 90
2940 2944 90
2331 2316 90
2497 2501 90
2273 2268 90
1986 1912 90
2366 2369 90
2037 2051 90
2511 2533 90
2413 2335 90
2039 2050 90
2420 2448 90
1922 146 90
316 172 90
441 426 90
1954 1893 90
864 880 90
970 969 90
2029 1894 90
2617 2622 90
2031 2024 90
2613 2614 90
210 1920 90
1220 1250 90
1920 210 90
1250 1220 90
720 721 90
601 600 90
721 720 90
601 597 90
229 230 90
229 1623 90
742 1027 90
734 729 90
1121 1036 90
209 190 90
997 255 90
995 996 90
1897 1901 90
255 997 90
190 1884 90
2933 2945 90
2934 2933 90
1881 1880 90
403 404 90
8730 8731 90
905 949 90
2028 2027 90
413 389 90
1878 146 90
2026 2390 90
2881 2946 90
2084 1979 90
1970 1969 90
1971 1972 90
10429 188 90
3161 3164 90
3201 3200 90
3146 3147 90
7431 7428 90
7433 7441 90
8733 8732 90
6316 6507 90
8116 8117 90
8118 8117 90
5754 5751 90
6327 6326 90
6302 6329 90
6319 6310 90
6350 6507 90
6310 6352 90
8109 2841 90
2597 2598 90
2598 2599 90
2368 2377 90
2300 2305 90
2959 1555 90
1111 1101 90
992 318 90
2157 2158 90
2084 2086 90
391 395 90
1414 1415 90
1463 1467 90
556 557 90
1485 1479 90
1235 1214 90
1040 1037 90
449 446 90
1347 1360 90
1317 1327 90
180 174 90
740 763 90
1698 1692 90
1798 1799 90
525 543 90
605 604 90
695 711 90
2056 2034 90
2422 2423 90
2423 2399 90
2301 2290 90
3017 3018 90
3018 3003 90
2845 2847 90
290 280 90
2854 2853 90
1282 1279 90
1139 1138 90
2910 2059 90
2623 2609 90
2384 2385 90
336 357 90
117 357 90
1948 1922 90
1905 1958 90
2473 2464 90
1975 2087 90
2888 2882 90
1878 1946 90
2151 2150 90
2087 2106 90
2008 1984 90
190 1959 90
2343 2344 90
1982 1975 90
2600 2560 90
2235 2261 90
2320 2331 90
2415 2416 90
2545 2533 90
2578 2561 90
2533 2545 90
8834 8824 90
7096 6859 90
2028 8058 90
714 736 90
404 406 90
10497 10908 90
961 742 90
1457 1210 90
7501 7500 90
7436 7432 90
6308 6381 90
8930 8932 91
8842 8848 91
10922 10899 91
10429 10471 91
744 738 91
399 397 91
883 1122 91
444 441 91
1003 998 91
161 166 91
986 991 91
2677 2632 91
2716 2627 91
2627 2628 91
403 407 91
823 838 91
1709 617 91
347 334 91
1740 1742 91
1742 1743 91
1768 1774 91
1773 1770 91
1610 247 91
499 509 91
593 558 91
611 608 91
1925 1924 91
229 232 91
2197 2206 91
2130 2133 91
2961 2966 91
2675 2668 91
2900 2903 91
1046 1059 91
1442 1407 91
1071 1075 91
964 965 91
1181 1171 91
1163 1066 91
1847 1831 91
1688 1690 91
558 557 91
2402 2432 91
387 384 91
137 368 91
1203 1202 91
254 250 91
2349 2350 91
2324 2320 91
2374 2376 91
2376 2375 91
1585 1584 91
2739 2789 91
1295 1307 91
1307 1306 91
1154 1162 91
828 832 91
1414 1410 91
2207 2219 91
1565 1566 91
1110 1101 91
1101 1111 91
1501 1502 91
1502 1329 91
207 201 91
396 397 91
982 987 91
1824 1831 91
230 213 91
266 265 91
557 562 91
557 540 91
531 523 91
1404 1413 91
1898 146 91
1496 1498 91
1498 1503 91
354 355 91
533 534 91
962 963 91
1028 1026 91
671 668 91
422 443 91
1360 1347 91
1314 1316 91
1060 1053 91
1186 1185 91
1002 992 91
762 761 91
1778 1785 91
1785 1784 91
1791 1777 91
1851 1832 91
1806 1808 91
147 155 91
459 451 91
1198 1009 91
2103 2100 91
2100 2113 91
2422 2421 91
2091 2083 91
2343 2344 91
2737 2735 91
2737 2742 91
2737 2736 91
146 1922 91
1070 1095 91
2276 2268 91
2787 2766 91
892 891 91
1357 1345 91
6427 6493 91
5579 5578 91
5491 5490 91
1878 1946 91
2621 2620 91
2421 2396 91
2811 2812 91
2812 2811 91
2199 2201 91
2817 2820 91
2813 2812 91
2738 2739 91
2754 2742 91
2879 2868 91
2131 2122 91
1974 2002 91
1922 1959 91
2347 2234 91
2944 2961 91
2501 2477 91
2802 2803 91
2268 2272 91
1912 1882 91
2369 2364 91
1879 1931 91
2320 2315 91
1928 1884 91
2335 2318 91
2050 1912 91
395 391 91
316 979 91
1974 1973 91
977 978 91
850 879 91
1894 1955 91
2444 2392 91
2609 2563 91
2562 2563 91
2024 2392 91
1250 1251 91
210 220 91
1220 1211 91
1426 1427 91
1427 1426 91
1425 1451 91
230 188 91
304 271 91
1027 1026 91
729 391 91
905 949 91
1014 1047 91
10432 10430 91
188 209 91
2277 2083 91
1087 1095 91
2085 1979 91
2732 2476 91
2946 2945 91
2609 2559 91
1879 1880 91
434 404 91
134 389 91
2505 2504 91
2026 2027 91
2503 2504 91
2391 2390 91
133 146 91
2024 1980 91
3063 3064 91
4345 4346 91
3099 3100 91
1095 6530 91
3079 3312 91
3164 3167 91
3200 3430 91
7428 7358 91
7546 7547 91
7441 7182 91
6507 6316 91
8117 8118 91
6304 6349 91
5751 5752 91
6326 6301 91
6329 6301 91
6381 6507 91
6441 6440 91
6352 6351 91
6533 7137 91
7167 6966 91
2599 2604 91
2305 2289 91
1555 1566 91
1101 1110 91
318 314 91
293 1391 91
395 400 91
1415 1424 91
1467 1464 91
557 540 91
1479 1481 91
1037 1026 91
446 443 91
1360 1350 91
174 173 91
763 761 91
761 762 91
1692 1699 91
1799 1790 91
1681 1682 91
543 540 91
604 602 91
711 712 91
2034 2052 91
1879 1919 91
2123 2146 91
2399 2428 91
2290 2297 91
3003 3004 91
3004 3005 91
2847 2848 91
280 289 91
2853 2819 91
1457 1460 91
1279 1287 91
1287 1281 91
1138 1136 91
2385 2386 91
1922 146 91
1958 1931 91
2021 1982 91
2464 2453 91
1946 1911 91
2150 2134 91
2106 2084 91
2009 1984 91
2344 2352 91
2560 2455 91
1904 1900 91
2261 2328 91
2416 2568 91
2561 2579 91
8824 8834 91
6368 6369 91
1980 1972 91
1404 2894 91
356 455 91
995 1210 91
406 455 91
10908 10468 91
1970 1971 91
111 220 91
10695 10701 91
10787 10784 91
5491 5490 91
7500 7432 91
7432 7500 91
9021 9023 92
8951 8955 92
8932 8928 92
8848 8838 92
10899 10900 92
738 751 92
751 752 92
397 419 92
1122 888 92
888 887 92
441 448 92
448 442 92
998 1007 92
1007 1008 92
166 165 92
991 990 92
2632 2615 92
2628 2615 92
407 373 92
838 844 92
245 243 92
622 623 92
146 114 92
617 624 92
334 341 92
341 340 92
1743 1682 92
1774 1769 92
1770 1767 92
247 244 92
1668 1672 92
509 506 92
571 670 92
558 557 92
567 572 92
608 603 92
1924 1927 92
2028 2044 92
2044 2043 92
232 236 92
2206 2142 92
2133 2129 92
2668 2669 92
2738 2754 92
2903 2907 92
1059 1042 92
1407 1404 92
1075 1084 92
965 963 92
1171 1296 92
1296 1299 92
1066 1065 92
2611 2676 92
2026 2059 92
1831 1818 92
557 540 92
384 367 92
368 369 92
1202 1209 92
262 297 92
162 389 92
2350 2348 92
2320 2331 92
3014 3013 92
1584 1579 92
1306 1303 92
1162 1155 92
832 826 92
1410 1409 92
869 885 92
1566 1555 92
1111 1112 92
1329 1334 92
397 400 92
987 979 92
1831 1818 92
1670 1669 92
213 215 92
265 258 92
562 563 92
635 651 92
523 534 92
557 540 92
1413 1394 92
1503 1514 92
355 454 92
454 455 92
977 980 92
963 960 92
859 860 92
1026 1037 92
668 665 92
443 446 92
1226 1265 92
1347 1332 92
1316 1320 92
1053 1062 92
1185 1179 92
992 318 92
761 763 92
763 736 92
1784 1777 92
1777 1784 92
1714 1724 92
1724 1720 92
1832 1839 92
1808 1811 92
534 540 92
155 148 92
451 456 92
1009 989 92
2113 2084 92
2421 2429 92
2083 2098 92
2344 2352 92
2742 2733 92
1539 1543 92
2766 2750 92
891 882 92
1345 1354 92
6815 6966 92
6493 6507 92
5578 5561 92
1946 1911 92
2396 2448 92
2448 2418 92
2812 2813 92
2811 2804 92
2802 2807 92
2820 2821 92
2812 2811 92
2739 2765 92
2868 2872 92
2122 2096 92
1914 2002 92
2067 2066 92
2234 2233 92
2065 2067 92
2316 2313 92
2272 2267 92
2364 2357 92
1931 1902 92
2051 2039 92
1884 1968 92
2533 2535 92
2448 2418 92
146 156 92
172 978 92
391 977 92
977 978 92
1893 1973 92
880 881 92
969 978 92
2622 2614 92
1955 1894 92
2614 2622 92
1920 1886 92
1251 1270 92
220 218 92
1211 1210 92
721 741 92
600 625 92
1427 1445 92
720 725 92
1426 1425 92
597 539 92
1451 1450 92
1623 1624 92
1026 1037 92
229 228 92
391 389 92
1036 1047 92
1878 1884 92
1804 1788 92
1776 1788 92
3057 3058 92
2084 2083 92
10431 2207 92
209 190 92
1612 1867 92
1901 1878 92
1741 1742 92
1884 1878 92
2026 2388 92
1210 995 92
7185 2881 92
2945 2946 92
553 521 92
404 434 92
2559 2609 92
389 134 92
146 133 92
2390 2391 92
2894 2912 92
1969 1979 92
2911 2912 92
4346 4333 92
6530 7186 92
10421 2505 92
4232 4233 92
3167 3168 92
3147 3634 92
7358 7437 92
7547 7350 92
8118 8073 92
8117 8116 92
5752 5750 92
6292 6330 92
6301 6329 92
6329 6302 92
6301 6326 92
6320 6388 92
6310 6352 92
6507 6381 92
6440 6442 92
6351 6350 92
7137 6951 92
6966 6815 92
2604 2560 92
2377 2378 92
2748 2781 92
1566 1565 92
1110 1095 92
314 324 92
345 108 92
1391 1387 92
1424 1419 92
1419 2930 92
1464 1454 92
1481 1519 92
1214 1215 92
443 422 92
1350 1355 92
173 172 92
762 766 92
1699 1700 92
1700 1701 92
1790 1795 92
1682 1743 92
602 618 92
712 713 92
1919 1899 92
2146 2144 92
2144 2129 92
2428 2392 92
2297 2294 92
3005 3035 92
2848 2838 92
2838 2849 92
289 282 92
1460 1458 92
1281 1288 92
1288 1289 92
1136 1119 92
1119 1118 92
1094 1092 92
2059 2026 92
2386 2387 92
357 336 92
1931 1930 92
1982 1998 92
2453 2479 92
2087 2106 92
2882 2890 92
2134 2149 92
1984 2009 92
1984 2008 92
1975 1976 92
2455 2473 92
2328 2311 92
2331 2327 92
1879 1931 92
2568 2536 92
2533 2532 92
2579 2580 92
2545 2546 92
8834 8833 92
6859 6858 92
188 220 92
188 220 92
736 748 92
10468 10876 92
2026 2894 92
742 748 92
10784 10783 92
8844 8845 92
6381 6507 92
8928 8953 93
10900 10901 93
10471 10469 93
752 749 93
419 415 93
887 886 93
1008 1001 93
165 980 93
990 985 93
2615 2628 93
2615 2629 93
784 783 93
844 845 93
243 246 93
623 614 93
624 615 93
340 344 93
1682 1681 93
1769 1759 93
1759 1760 93
1767 1772 93
244 1613 93
506 505 93
670 675 93
557 540 93
572 595 93
3054 3169 93
603 606 93
1927 1899 93
2043 2042 93
236 1626 93
2129 2128 93
2966 2960 93
2669 2670 93
2907 2904 93
2737 2760 93
1404 1413 93
1210 1218 93
1084 1087 93
963 967 93
1065 1063 93
2676 2623 93
2557 2515 93
1818 1857 93
1690 1684 93
2432 2388 93
367 366 93
369 381 93
1457 1456 93
1209 1208 93
297 299 93
389 391 93
2233 2253 93
250 229 93
2348 2351 93
2261 2242 93
3013 7334 93
7334 7330 93
1579 1583 93
2789 2786 93
1303 1282 93
1155 1158 93
826 833 93
1409 1416 93
2219 2218 93
885 893 93
1555 2959 93
1112 1113 93
1334 1302 93
1302 1300 93
201 2020 93
979 978 93
1818 1857 93
1669 1646 93
215 211 93
391 392 93
258 264 93
563 564 93
651 650 93
650 633 93
534 540 93
1394 1397 93
146 1898 93
1514 1513 93
455 358 93
358 371 93
534 540 93
980 976 93
960 1013 93
860 815 93
1037 1040 93
665 666 93
666 676 93
446 451 93
1265 1268 93
1332 1330 93
1320 1321 93
1062 1064 93
1179 1178 93
1898 177 93
318 324 93
736 718 93
1777 1791 93
1784 1785 93
1720 1721 93
1839 1825 93
1811 1805 93
148 156 93
156 114 93
456 440 93
989 988 93
2084 2086 93
2429 2439 93
2098 2097 93
2352 2401 93
2401 2395 93
2735 2768 93
2733 2764 93
2736 2738 93
2738 2739 93
1922 1948 93
346 360 93
1543 1521 93
2268 2089 93
882 1038 93
1354 1324 93
1062 1045 93
6966 7171 93
5561 798 93
798 802 93
5490 5489 93
2231 2241 93
2418 2410 93
2813 2738 93
2804 2810 93
2821 2822 93
2811 2804 93
2739 2731 93
2872 2873 93
2096 2088 93
2002 1914 93
2002 1974 93
2066 2064 93
2067 2034 93
2313 2568 93
2477 2806 93
2803 2806 93
2357 2311 93
2234 2233 93
2039 2050 93
2315 2339 93
1968 1960 93
2535 2515 93
2318 2409 93
1912 1989 93
2418 2410 93
977 978 93
979 978 93
1973 1893 93
978 979 93
1973 1974 93
881 863 93
879 863 93
2392 2024 93
2563 2562 93
2563 2609 93
2392 2444 93
2622 2617 93
1886 1896 93
741 970 93
625 614 93
725 396 93
1425 305 93
539 540 93
188 189 93
1624 1611 93
271 270 93
228 218 93
389 132 93
1884 190 93
190 1884 93
1047 1036 93
255 1897 93
10430 10429 93
1344 1345 93
996 1219 93
1095 1175 93
997 995 93
1979 188 93
8058 2836 93
7183 7182 93
1880 1879 93
2559 2560 93
1880 1881 93
404 403 93
389 413 93
2504 2503 93
2027 2028 93
2027 2026 93
2504 2505 93
949 905 93
2390 2026 93
1980 1972 93
2933 2945 93
1972 1980 93
4333 4323 93
3100 3103 93
2476 7186 93
8058 2028 93
6530 6529 93
10433 10434 93
3430 3056 93
7437 7351 93
7350 7551 93
8073 8123 93
8116 8115 93
6349 6307 93
5750 5749 93
6330 6331 93
6448 6324 93
6302 6425 93
6352 6351 93
6507 6381 93
6381 6308 93
6442 6419 93
6350 6507 93
6951 6952 93
6815 6816 93
6911 6574 93
2378 2353 93
2781 2749 93
1565 1564 93
1095 1106 93
108 109 93
1387 1429 93
400 397 93
1454 1457 93
1519 1515 93
1215 1211 93
1026 1028 93
422 431 93
1355 1383 93
172 979 93
218 223 93
766 765 93
765 767 93
218 222 93
222 220 93
1701 1792 93
1795 1794 93
1743 1742 93
618 1710 93
713 696 93
696 706 93
1899 1913 93
2129 2128 93
2392 2430 93
2294 2292 93
2292 2293 93
3035 3012 93
2849 2836 93
282 285 93
2930 2917 93
1458 1446 93
1289 1290 93
1290 1500 93
1118 1117 93
1117 824 93
1042 1044 93
1092 1080 93
2609 2623 93
2026 2388 93
2387 2366 93
357 117 93
146 141 93
1998 1999 93
2106 2084 93
2890 2887 93
2149 2124 93
2084 2088 93
2009 1987 93
1959 1922 93
2008 1974 93
2352 2401 93
2311 2357 93
2327 2380 93
1931 1902 93
2536 2537 93
2580 2514 93
2546 2547 93
6369 6320 93
6858 6859 93
1972 1971 93
455 356 93
10876 10472 93
1971 1972 93
10701 10696 93
10783 10854 93
5490 5489 93
7432 7436 93
7500 7501 93
9023 9024 94
8955 8947 94
8953 8924 94
8838 8831 94
10901 10902 94
749 753 94
886 882 94
1001 1010 94
980 978 94
985 964 94
2628 2627 94
2629 2677 94
373 372 94
905 907 94
783 764 94
845 846 94
950 956 94
614 616 94
114 128 94
128 129 94
615 632 94
344 339 94
1760 1761 94
1772 1771 94
1613 251 94
675 664 94
1673 1705 94
595 592 94
606 604 94
2042 2029 94
1626 1634 94
2142 2137 94
2128 2127 94
2670 2626 94
2754 2742 94
2904 2932 94
1413 1394 94
1218 1211 94
1087 1081 94
967 961 94
1063 1025 94
1025 1017 94
2623 2609 94
2557 2515 94
2059 2910 94
2515 2538 94
2357 2364 94
1857 1868 94
1684 1680 94
601 613 94
1980 2412 94
2388 2433 94
366 381 94
1456 1245 94
1208 1207 94
1207 320 94
299 300 94
2253 2246 94
2351 2407 94
2331 2326 94
2242 2235 94
7330 1581 94
1583 1582 94
2786 2785 94
1282 1308 94
1158 1057 94
833 824 94
1416 1406 94
2218 2210 94
893 1122 94
2959 2992 94
2992 2995 94
1113 1096 94
1096 1114 94
1300 1301 94
400 395 94
978 980 94
1857 1863 94
211 212 94
264 256 94
564 559 94
633 566 94
1397 1385 94
1513 1505 94
371 377 94
377 378 94
389 388 94
1013 1012 94
676 669 94
1268 1278 94
1278 1273 94
1321 1322 94
1064 1066 94
1178 1177 94
324 297 94
718 715 94
1785 1778 94
1778 1779 94
1721 1713 94
1825 1840 94
1805 1853 94
114 146 94
440 786 94
988 985 94
985 964 94
2439 2398 94
2097 2088 94
2395 2398 94
1948 1935 94
1554 7199 94
1095 1113 94
2857 2862 94
1038 1039 94
1324 1313 94
6507 6366 94
7171 7167 94
802 804 94
5489 5517 94
2241 2234 94
2810 2809 94
2807 2808 94
2822 2816 94
2804 2810 94
2765 2766 94
2731 2740 94
2742 2733 94
2088 2084 94
1914 1899 94
1974 2001 94
1959 190 94
2064 2033 94
2233 2239 94
2034 2076 94
2568 2577 94
2806 2803 94
2607 2577 94
2806 2477 94
1882 1902 94
2311 2328 94
1902 1882 94
2050 1912 94
2620 2621 94
2409 1995 94
1989 1893 94
156 157 94
978 977 94
978 977 94
1893 1954 94
2024 2031 94
2614 2613 94
2444 2468 94
1894 2029 94
1896 1878 94
1210 1197 94
970 959 94
1445 1471 94
396 412 94
1450 1457 94
189 195 94
1037 1043 94
218 217 94
1047 1014 94
1788 1776 94
1788 1804 94
3058 3059 94
2083 2277 94
2207 2289 94
6531 6530 94
2083 2084 94
1867 1855 94
1878 1884 94
1742 1685 94
1878 1901 94
2476 2389 94
2835 2836 94
2388 2389 94
2945 2933 94
1414 1440 94
995 1210 94
1879 1878 94
434 443 94
8731 8730 94
949 6294 94
134 133 94
2391 2560 94
146 1878 94
2946 2945 94
2912 2911 94
3064 3065 94
1979 1969 94
2912 2894 94
7186 3037 94
4323 4235 94
3103 3101 94
3312 3313 94
3168 3069 94
3634 3337 94
7351 7444 94
7444 7356 94
7182 7440 94
7551 7215 94
6307 6473 94
6331 6328 94
6324 6418 94
6425 6320 94
6326 6327 94
6351 6350 94
6381 6308 94
6419 6420 94
6531 6568 94
6952 6954 94
6574 6573 94
141 124 94
2560 2472 94
2353 2354 94
2749 2782 94
2782 2750 94
1564 1553 94
1106 1105 94
1105 1070 94
109 107 94
1429 1428 94
397 396 94
1515 1518 94
1028 1029 94
431 421 94
979 978 94
223 219 94
767 768 94
220 212 94
1792 1793 94
1794 1789 94
1742 1740 94
1710 1712 94
706 707 94
1913 1923 94
2128 1622 94
2293 2278 94
3012 2969 94
2836 2849 94
285 1937 94
1937 1936 94
2917 2914 94
2914 2911 94
1500 1336 94
824 833 94
833 826 94
1080 1085 94
1085 1081 94
2388 2432 94
2366 2369 94
336 1672 94
1930 1929 94
1999 2000 94
2508 2633 94
2479 2480 94
1911 1947 94
2088 2096 94
1976 1978 94
2473 2464 94
2380 2379 94
2537 2556 94
2532 2531 94
2547 2522 94
8833 8826 94
6320 6370 94
6859 6856 94
220 111 94
2894 2026 94
7447 7182 94
220 111 94
455 406 94
748 742 94
1210 1457 94
10472 10905 94
2894 1404 94
748 736 94
1210 995 94
220 188 94
5489 5517 94
8845 8846 94
7436 7433 94
6507 6296 94
9024 9026 95
8947 8954 95
8924 8925 95
10902 10429 95
10469 10934 95
141 139 95
753 864 95
415 417 95
882 890 95
1010 1011 95
978 979 95
2627 2716 95
2677 2564 95
764 762 95
846 847 95
847 850 95
956 954 95
246 251 95
616 625 95
129 130 95
632 631 95
339 338 95
1681 1684 95
1761 1753 95
1747 1749 95
1771 1697 95
251 252 95
237 1639 95
505 511 95
664 669 95
1705 1702 95
540 534 95
592 594 95
3169 3500 95
604 602 95
1899 1893 95
1634 1622 95
2137 2136 95
2626 2616 95
2932 2926 95
2760 2783 95
2748 2781 95
1407 1442 95
1394 1398 95
1026 1047 95
1211 1228 95
1081 1085 95
961 1020 95
1017 1018 95
1868 1853 95
1680 1679 95
613 607 95
2412 2398 95
2433 2057 95
381 369 95
381 366 95
1245 1240 95
320 315 95
300 1231 95
391 402 95
229 232 95
2407 2396 95
2326 2325 95
1581 1582 95
1582 1577 95
1577 7330 95
2893 3047 95
2961 2966 95
2785 2796 95
1457 1454 95
1308 1305 95
1312 1319 95
1057 1054 95
824 1117 95
1406 1423 95
1453 1457 95
1122 1131 95
2995 2963 95
2963 2976 95
1114 1311 95
1301 1328 95
395 391 95
1863 1852 95
1646 1655 95
212 112 95
392 977 95
256 263 95
559 565 95
565 566 95
566 565 95
1385 1388 95
1505 1512 95
1512 1504 95
378 374 95
976 971 95
1012 995 95
815 841 95
1040 1044 95
669 664 95
451 456 95
1330 1335 95
1322 1323 95
1066 1163 95
1177 1169 95
177 180 95
715 716 95
1791 1789 95
1779 1786 95
1713 1719 95
1719 1718 95
1840 1831 95
1853 1868 95
146 1922 95
786 780 95
1905 1919 95
964 965 95
2398 2395 95
2088 2084 95
2764 2952 95
2739 2731 95
360 326 95
162 389 95
1521 1503 95
2089 2101 95
2750 2749 95
2862 2863 95
1039 1045 95
1313 1325 95
6366 6367 95
7167 6814 95
804 805 95
5517 5518 95
2410 2398 95
2738 2754 95
2809 2808 95
2808 2809 95
2810 2809 95
2766 2743 95
2745 2744 95
2740 2780 95
2873 2874 95
2001 1969 95
2027 2033 95
2239 2252 95
2076 2024 95
2803 2802 95
2577 2568 95
2477 2481 95
2328 2261 95
2233 2239 95
2339 2338 95
1960 1959 95
2621 2643 95
2515 2556 95
1995 1972 95
1893 1899 95
2410 2447 95
978 172 95
979 316 95
1974 1969 95
863 879 95
863 881 95
2562 2453 95
2613 2612 95
2609 2611 95
1683 1674 95
1197 315 95
959 958 95
614 327 95
1471 1470 95
305 297 95
1611 1662 95
270 1885 95
132 135 95
949 905 95
190 209 95
1884 1878 95
1036 1121 95
1897 1901 95
1345 1300 95
1219 1309 95
190 1884 95
1741 3054 95
1175 1068 95
995 996 95
2946 2881 95
2609 2610 95
1881 2028 95
413 403 95
2503 2502 95
2026 2390 95
133 134 95
1972 1971 95
2945 2946 95
1980 2024 95
4503 4236 95
6529 6528 95
3069 3054 95
3056 3199 95
7356 7182 95
7440 7439 95
8123 8120 95
8115 2833 95
5749 5781 95
6328 6303 95
5483 6355 95
6418 6365 95
6320 6388 95
6327 6373 95
6388 6503 95
6350 6507 95
6308 6304 95
6420 6371 95
6568 7078 95
6954 6825 95
6816 6817 95
6573 6572 95
124 121 95
2354 2359 95
2750 2797 95
1553 1576 95
1070 1152 95
107 105 95
396 717 95
540 534 95
1518 1516 95
1029 1030 95
421 420 95
978 980 95
219 245 95
768 770 95
212 210 95
210 1908 95
1793 1796 95
1740 1744 95
1712 1711 95
707 690 95
1622 1634 95
2278 2279 95
2969 2972 95
2972 2975 95
2975 2946 95
2849 2838 95
1936 1885 95
2819 2826 95
2911 2913 95
1336 1337 95
1337 1338 95
826 832 95
1081 1087 95
2623 2676 95
2432 2402 95
117 143 95
2000 1977 95
2084 2088 95
2887 2886 95
1947 1878 95
2124 2143 95
1987 1990 95
1922 146 95
1974 1985 95
2401 2395 95
2464 2453 95
2379 2357 95
1902 1882 95
2531 2514 95
2514 2531 95
8826 8831 95
6370 6371 95
6856 7087 95
1971 1970 95
10905 10485 95
1972 1980 95
10854 10432 95
5517 5518 95
8846 8827 95
7433 7441 95
8954 8950 96
8925 8731 96
864 889 96
417 416 96
825 831 96
890 889 96
1011 999 96
964 958 96
2150 2134 96
2716 2715 96
2564 2595 96
372 378 96
907 911 96
815 860 96
762 761 96
850 837 96
954 951 96
251 1621 96
1621 1608 96
625 630 96
130 123 96
631 630 96
338 336 96
1818 1831 96
1753 1755 96
1646 1652 96
1749 1750 96
1697 1696 96
252 1623 96
1639 1623 96
511 510 96
1702 1706 96
534 533 96
594 596 96
3500 3501 96
602 600 96
2029 2063 96
1622 2128 96
2136 2125 96
2127 2126 96
2126 2178 96
2960 2976 96
2616 2615 96
2742 2778 96
2926 2915 96
2783 2750 96
1932 1885 96
2781 2749 96
1442 1441 96
1398 1418 96
7199 7186 96
1047 1048 96
1228 1220 96
1085 1080 96
1080 1092 96
1020 1023 96
1018 1024 96
1024 1016 96
2515 2538 96
2910 2900 96
2538 2539 96
2364 2369 96
1853 1870 96
1797 1801 96
1679 1723 96
607 609 96
2398 2439 96
369 368 96
366 367 96
1240 1244 96
1231 325 96
402 398 96
2246 2243 96
2243 2237 96
232 236 96
2396 2421 96
2325 2311 96
2235 2346 96
1582 1583 96
7330 7334 96
7334 3013 96
2796 2797 96
1454 1459 96
1305 1302 96
1319 1318 96
1266 1260 96
1054 1058 96
1117 1118 96
1423 1422 96
1131 1156 96
2976 2996 96
2996 2962 96
1311 1314 96
1328 1315 96
980 977 96
1852 1856 96
1655 1649 96
112 119 96
977 980 96
263 255 96
566 633 96
565 559 96
1388 1387 96
374 380 96
380 383 96
388 387 96
971 975 96
841 849 96
1044 1128 96
664 568 96
1273 1292 96
1335 1329 96
1323 1309 96
1163 1176 96
1169 1175 96
180 174 96
297 301 96
716 717 96
1789 1819 96
1786 1787 96
1787 1756 96
1718 1717 96
1831 1818 96
1818 1857 96
1868 1818 96
780 714 96
965 963 96
2395 2401 96
2398 2439 96
2952 2951 96
2731 2741 96
1935 1901 96
389 384 96
2101 2102 96
2863 2864 96
1325 1301 96
6367 6448 96
6814 7175 96
805 806 96
806 807 96
5518 6421 96
2398 2400 96
2808 2807 96
2809 2810 96
2816 2823 96
2809 2808 96
2743 2817 96
2744 2774 96
2780 2779 96
2733 2764 96
2874 2875 96
2084 2106 96
1899 1879 96
1969 1975 96
190 200 96
2033 2041 96
2081 2017 96
2252 2251 96
2577 2565 96
1902 1931 96
2261 2242 96
2239 1983 96
2266 2263 96
1882 1912 96
1912 1882 96
2338 2337 96
1959 1922 96
2421 2331 96
2643 2642 96
2556 2537 96
2508 2540 96
1899 1913 96
2447 2411 96
977 391 96
977 389 96
1954 1892 96
426 441 96
2031 2030 96
2468 2453 96
2029 2045 96
1878 1903 96
218 219 96
327 326 96
412 411 96
1554 1544 96
195 1899 96
1662 1867 96
217 111 96
1014 960 96
1776 1751 96
1804 1599 96
2084 1979 96
1855 1685 96
1884 190 96
1901 1897 96
188 209 96
2836 2835 96
2389 2476 96
1440 1457 96
1210 1457 96
2560 2391 96
443 432 96
403 413 96
389 413 96
2028 1881 96
133 146 96
905 778 96
404 403 96
2026 2027 96
2945 2933 96
1969 1970 96
3101 4380 96
521 659 96
3313 3315 96
3199 3086 96
3337 3330 96
7439 7438 96
7215 7183 96
7186 7505 96
6316 6295 96
8120 8121 96
6473 6348 96
5781 5748 96
6303 6332 96
6355 6426 96
6373 6325 96
6503 6420 96
6308 6306 96
6371 6370 96
6507 6381 96
7078 6565 96
6825 6816 96
6572 6571 96
6533 7137 96
219 227 96
426 425 96
121 125 96
2472 2459 96
2359 2364 96
2797 2785 96
1576 1532 96
1152 1153 96
105 106 96
717 716 96
534 533 96
1516 1486 96
1486 1480 96
1211 1212 96
1030 961 96
420 587 96
770 870 96
870 871 96
1796 1788 96
1744 1745 96
1711 1708 96
1923 190 96
1634 1626 96
2279 2280 96
2946 2957 96
2957 2956 96
2838 2842 96
2842 2839 96
1885 1881 96
2826 2825 96
1338 1339 96
832 828 96
828 819 96
1044 1128 96
2676 2655 96
2655 2679 96
2402 2449 96
1929 1901 96
2633 2634 96
2480 2497 96
2088 2097 96
2886 2885 96
2768 2754 96
2143 2119 96
2096 2122 96
1990 1988 96
2395 2398 96
2453 2479 96
2556 2515 96
2522 2509 96
8831 8832 96
6371 6420 96
7087 7114 96
406 404 96
742 961 96
356 357 96
10485 10904 96
736 714 96
188 1969 96
10696 10703 96
5518 6421 96
8827 8834 96
8831 8836 96
7441 7182 96
6296 6379 96
9026 9025 97
8950 8946 97
10934 10935 97
139 116 97
889 890 97
831 830 97
889 864 97
979 966 97
958 966 97
2134 2149 97
2715 2799 97
2595 2641 97
2641 2606 97
378 362 97
911 915 97
860 801 97
761 763 97
763 736 97
837 848 97
951 953 97
1608 1618 97
630 631 97
123 119 97
630 625 97
336 337 97
1831 1824 97
1684 1690 97
1755 1762 97
1750 1748 97
1696 1690 97
1623 1639 97
1623 252 97
510 522 97
669 663 97
1706 1707 97
540 557 97
596 591 97
3501 3091 97
1893 1989 97
2063 2039 97
2128 2129 97
2125 2150 97
2178 2165 97
2165 2163 97
2840 2850 97
2615 2625 97
2778 2795 97
2915 2927 97
2750 2782 97
2749 2782 97
2782 2750 97
1441 1446 97
1418 1396 97
1048 1050 97
1220 1213 97
1092 1094 97
1023 1016 97
1016 1023 97
2539 2511 97
2621 2686 97
2369 2366 97
1870 1873 97
1873 1864 97
1646 1652 97
1723 1722 97
540 534 97
609 610 97
540 557 97
2057 2034 97
368 137 97
367 384 97
1211 1215 97
1244 1234 97
315 1231 97
325 315 97
398 401 97
2237 2250 97
236 185 97
2421 2422 97
2311 2357 97
2346 2345 97
1583 1579 97
3013 3014 97
2966 2985 97
2797 2750 97
1459 1455 97
1302 1300 97
1318 1315 97
1260 1264 97
1058 1167 97
1118 1119 97
1422 1408 97
1457 1460 97
1156 1147 97
2962 2991 97
2991 2961 97
1314 1315 97
1315 1314 97
1856 1866 97
1866 1859 97
1649 1661 97
119 122 97
980 165 97
633 650 97
559 564 97
540 557 97
540 534 97
1387 1429 97
383 385 97
540 557 97
387 384 97
975 968 97
995 1003 97
849 840 97
1128 1132 97
1958 1931 97
456 406 97
1292 1274 97
1329 1286 97
1309 1307 97
1176 1175 97
174 173 97
301 305 97
6507 6308 97
1819 1820 97
1756 1765 97
1717 1732 97
1857 1868 97
1922 1959 97
714 715 97
963 962 97
2401 2352 97
2439 2429 97
2951 2956 97
1672 326 97
326 1668 97
2102 2084 97
2749 2752 97
2864 2859 97
1301 1315 97
7175 5526 97
6347 6322 97
807 816 97
816 808 97
5534 5535 97
2234 2233 97
2754 2737 97
2807 2802 97
2810 2804 97
2823 2824 97
2808 2807 97
2817 2827 97
2774 2773 97
2779 2747 97
2764 2952 97
2875 2884 97
2041 2035 97
2017 1988 97
2251 2244 97
2802 2814 97
2481 2496 97
2242 2262 97
2355 2356 97
2337 2336 97
2642 2614 97
1972 2037 97
2540 2511 97
2411 1994 97
172 316 97
316 178 97
1969 2087 97
879 850 97
978 977 97
881 880 97
2030 2045 97
2453 2468 97
2612 2611 97
2611 2612 97
2045 2030 97
1903 1888 97
1674 1673 97
219 240 97
315 314 97
958 984 97
326 356 97
1470 1479 97
411 380 97
297 314 97
1544 1545 97
1899 1918 97
1867 1860 97
1885 1881 97
111 120 97
135 120 97
905 857 97
1878 1901 97
1121 1120 97
1901 1878 97
2277 2289 97
1300 1309 97
1884 1878 97
1068 996 97
209 190 97
2389 2388 97
2836 8058 97
2933 2911 97
2881 2946 97
2933 2934 97
1878 146 97
2610 2680 97
8730 8729 97
403 404 97
2502 2506 97
2390 2391 97
2353 2364 97
134 389 97
2560 2561 97
1878 1879 97
2911 2933 97
3065 2277 97
1979 2084 97
2894 2026 97
3037 3020 97
2024 2026 97
4380 4376 97
10434 10419 97
4233 542 97
3335 3334 97
7438 7444 97
7505 7233 97
8731 8944 97
6295 6294 97
6348 6297 97
6507 6299 97
6332 6333 97
6365 6317 97
6388 6503 97
6325 950 97
6306 6305 97
6304 6468 97
6370 6320 97
6381 6308 97
6565 6567 97
6816 6817 97
6817 6818 97
6571 6802 97
227 221 97
125 148 97
2557 2515 97
2459 2475 97
2364 2357 97
1532 1524 97
1153 1147 97
106 117 97
716 714 97
1428 1429 97
486 487 97
1480 1489 97
1212 998 97
961 967 97
587 589 97
980 977 97
245 240 97
871 867 97
1788 1789 97
1789 1788 97
1745 1741 97
1708 1703 97
1703 1707 97
190 1959 97
1626 236 97
2280 2281 97
2281 2286 97
3014 3013 97
2839 2850 97
1881 1933 97
2825 2818 97
1446 1441 97
1441 1442 97
1339 1340 97
1340 1341 97
819 811 97
1128 1154 97
1087 1082 97
2679 2647 97
2449 2452 97
143 146 97
1672 336 97
1901 1935 97
1977 1974 97
2634 2635 97
2497 2501 97
2097 2114 97
2885 2883 97
2266 1974 97
146 156 97
1985 191 97
2357 2361 97
1882 1912 97
2515 2535 97
2514 2580 97
2531 2532 97
2509 2507 97
8832 8825 97
7114 6530 97
111 357 97
1970 1969 97
2026 2024 97
111 357 97
1404 1440 97
1980 2024 97
995 960 97
10432 10442 97
8834 8860 97
6379 6506 97
8946 8734 98
8731 8945 98
10935 10495 98
116 137 98
890 882 98
416 385 98
830 827 98
864 753 98
966 958 98
966 979 98
2149 2145 98
2145 2172 98
2799 2700 98
2606 2605 98
362 361 98
915 921 98
801 800 98
800 803 98
736 723 98
848 839 98
953 952 98
1618 1615 98
631 632 98
119 122 98
625 616 98
337 335 98
1824 1849 98
1690 1688 98
1762 1751 98
1652 1654 98
1639 237 98
252 251 98
522 527 98
663 674 98
570 573 98
1707 1703 98
557 558 98
533 537 98
692 710 98
591 561 98
3091 3171 98
2039 2049 98
2129 2144 98
2163 2173 98
2850 2851 98
2625 2624 98
2795 2794 98
2927 2913 98
2782 2749 98
1885 1936 98
2750 2783 98
1446 1444 98
1396 1395 98
7186 7330 98
1050 1049 98
1291 1273 98
1213 1227 98
1016 1024 98
1023 1020 98
2538 2539 98
2539 2532 98
2686 2683 98
2366 2387 98
1864 1869 98
1801 1800 98
1722 1715 98
534 533 98
610 611 98
557 558 98
2439 2429 98
2429 2421 98
2034 2056 98
384 387 98
1234 1216 98
1231 300 98
784 783 98
2250 2275 98
185 183 98
2422 2423 98
2423 2426 98
2345 2347 98
1579 1584 98
3047 3046 98
2985 2960 98
2750 2782 98
1455 1236 98
1300 1301 98
1264 1253 98
1167 1164 98
1119 1136 98
1147 1153 98
1315 1328 98
1314 1311 98
391 392 98
977 392 98
1859 1867 98
1661 1648 98
784 771 98
165 166 98
255 179 98
650 651 98
564 563 98
557 558 98
534 523 98
1429 1434 98
385 367 98
384 367 98
968 962 98
840 1123 98
1132 1124 98
1124 1127 98
1931 1945 98
568 572 98
406 408 98
1274 1280 98
1286 1283 98
1307 1295 98
1175 1169 98
1175 1176 98
173 172 98
717 396 98
1820 1816 98
1765 1766 98
1766 1751 98
1732 1731 98
1731 1730 98
1868 1853 98
1959 190 98
715 728 98
1919 1879 98
962 743 98
2352 2344 98
2084 2095 98
2095 2113 98
2429 2421 98
1901 1929 98
1113 1311 98
1503 1500 98
2752 2759 98
2859 2755 98
1315 1316 98
6322 6297 98
808 815 98
5535 5576 98
2400 2436 98
2737 2735 98
2607 2577 98
2804 2811 98
2824 2818 98
2807 2802 98
2827 2828 98
2773 2772 98
2952 2951 98
2884 2883 98
2106 2087 98
1879 1928 98
1975 2087 98
200 195 98
2035 2030 98
1988 1990 98
2266 2234 98
2024 2440 98
2565 2600 98
2814 2940 98
2568 2313 98
1931 1879 98
1983 2011 98
2356 2361 98
1922 146 98
2614 2618 98
2537 2536 98
2511 2533 98
1913 1923 98
1994 1972 98
391 395 98
2027 280 98
1892 1891 98
178 1964 98
441 449 98
880 864 98
978 969 98
2045 2029 98
2611 2609 98
2453 2562 98
2030 2031 98
1888 256 98
1673 1645 98
240 241 98
984 317 98
1479 1480 98
380 345 98
1545 1520 98
1881 1956 98
120 135 98
120 111 98
960 985 98
209 188 98
1901 1897 98
3059 3060 98
2289 2277 98
1309 1300 98
190 209 98
1078 5572 98
996 1068 98
1457 1210 98
2028 2027 98
413 389 98
413 403 98
1881 1880 98
403 413 98
2027 2028 98
1971 1970 98
1970 1971 98
2946 3020 98
4376 4373 98
403 389 98
3334 3623 98
3074 3072 98
3086 3211 98
3330 3335 98
7444 7351 98
7351 7437 98
8732 8795 98
8121 8122 98
6297 6337 98
6333 6316 98
6426 6382 98
950 956 98
6420 6419 98
6507 6381 98
6468 6311 98
6567 7069 98
6817 6818 98
7137 6951 98
2841 8109 98
221 239 98
3074 2185 98
128 114 98
1482 1470 98
148 150 98
2515 2548 98
2475 2455 98
2785 2786 98
1524 1527 98
1147 1156 98
1978 1979 98
117 139 98
714 780 98
1429 1387 98
487 492 98
492 483 98
665 666 98
533 538 98
538 535 98
998 1003 98
967 963 98
589 588 98
977 392 98
867 872 98
872 868 98
1908 1921 98
1789 1794 98
1788 1796 98
1707 1706 98
1959 1922 98
236 232 98
2286 2283 98
3013 7186 98
1933 1957 98
2818 2824 98
1442 1407 98
1407 1404 98
1341 1331 98
1331 1342 98
811 808 98
1154 1129 98
1082 1090 98
2647 2705 98
2705 2729 98
2452 2445 98
141 117 98
1935 1948 98
2961 2962 98
1974 2002 98
2635 2636 98
2501 2477 98
2114 2116 98
1878 1963 98
2122 2131 98
1988 2017 98
191 195 98
2398 2400 98
2479 2480 98
2361 2356 98
2535 2533 98
2532 2533 98
6420 6419 98
404 714 98
961 960 98
1457 1440 98
10432 10442 98
10904 10903 98
714 404 98
10703 10700 98
8860 8836 98
8836 8860 98
6506 6363 98
9025 8794 99
882 886 99
385 382 99
827 829 99
753 749 99
2900 2905 99
958 964 99
979 978 99
999 1010 99
2172 2171 99
2700 2714 99
361 360 99
921 914 99
803 852 99
723 720 99
839 836 99
952 955 99
1830 1848 99
632 615 99
616 614 99
335 342 99
1849 1826 99
1654 1650 99
1748 1764 99
1690 1688 99
237 229 99
251 1613 99
527 524 99
674 633 99
573 596 99
1703 1708 99
1690 1688 99
558 593 99
710 709 99
540 557 99
561 558 99
3171 3172 99
1989 1912 99
2049 1986 99
2144 2146 99
2150 2123 99
2173 2162 99
2162 2154 99
2976 2963 99
2851 2852 99
2852 2839 99
2624 2763 99
2794 2949 99
2913 2942 99
2749 2781 99
1936 1937 99
1937 285 99
2783 2735 99
1444 1471 99
1395 1399 99
1399 1386 99
1555 1548 99
1049 1051 99
1273 1298 99
1227 1222 99
1094 1092 99
1024 1018 99
1020 961 99
2532 2531 99
2900 2905 99
2511 2544 99
2544 2512 99
2683 2702 99
1869 1855 99
1652 1654 99
1800 1798 99
1715 1713 99
533 519 99
611 478 99
558 561 99
2421 2422 99
2056 2068 99
137 140 99
387 388 99
1215 1214 99
300 299 99
315 1207 99
401 730 99
783 766 99
2275 2112 99
183 187 99
2426 2403 99
2347 2265 99
1584 1585 99
1585 1554 99
3014 3033 99
2900 2903 99
2960 2962 99
2782 2749 99
1236 1246 99
1315 1328 99
1253 1258 99
1258 1257 99
1164 1163 99
1163 1176 99
1136 1138 99
1408 1415 99
1460 1458 99
1153 1152 99
1328 1301 99
1311 1114 99
392 391 99
1867 1648 99
1648 1867 99
122 131 99
771 792 99
166 170 99
179 178 99
651 635 99
563 562 99
634 661 99
1434 310 99
1898 1966 99
367 384 99
557 556 99
1003 998 99
1123 883 99
1127 1125 99
408 405 99
1280 1284 99
1284 1285 99
1283 1279 99
1291 1273 99
1295 1293 99
1169 1177 99
1176 1163 99
1044 1040 99
1044 1154 99
172 979 99
305 309 99
396 397 99
1816 1857 99
1751 1757 99
1730 1739 99
1853 1805 99
190 1923 99
2344 2343 99
2113 2100 99
2421 2422 99
2956 2944 99
2741 2763 99
384 346 99
572 580 99
2084 2086 99
2759 2758 99
2755 2756 99
1045 1062 99
1316 1193 99
1045 1039 99
6448 6316 99
5526 6540 99
6507 6492 99
5576 5536 99
2233 2239 99
2436 2075 99
2577 2568 99
2802 2803 99
2811 2812 99
2818 2825 99
2828 2818 99
2772 2771 99
2747 2700 99
2951 2946 99
2883 2885 99
2087 1975 99
2157 2153 99
195 191 99
1990 1987 99
2020 1978 99
2244 2021 99
2440 2400 99
2266 2234 99
2600 2560 99
2940 2944 99
2313 2316 99
2496 2480 99
2262 2263 99
2011 1971 99
2361 2357 99
2263 2262 99
1912 1986 99
1882 1902 99
2336 2318 99
154 146 99
2618 2637 99
2536 2568 99
2037 2038 99
1923 190 99
2508 2532 99
316 317 99
389 384 99
850 836 99
977 390 99
2468 2444 99
2612 2613 99
256 257 99
1645 1666 99
314 257 99
356 345 99
314 317 99
1918 1956 99
1817 1860 99
1860 1817 99
111 217 99
857 851 99
1751 3061 99
1599 1622 99
1120 809 99
1878 1884 99
1309 1219 99
1878 1901 99
1979 188 99
1685 1742 99
1685 1855 99
2388 2026 99
2835 2816 99
2476 2732 99
2911 1414 99
2881 7185 99
403 714 99
146 133 99
2391 2390 99
432 435 99
2680 8751 99
521 553 99
2506 2561 99
2391 2560 99
146 1878 99
2364 2365 99
389 413 99
1879 1880 99
2933 2911 99
2026 2024 99
3020 2946 99
2026 2894 99
4236 4235 99
7182 2933 99
3082 3057 99
5483 6292 99
3623 3333 99
3072 3116 99
3617 3616 99
3211 3332 99
7437 7358 99
7183 7577 99
8122 8829 99
2833 2816 99
6337 6298 99
5748 5781 99
6316 6448 99
6382 6383 99
6317 6374 99
6374 6389 99
956 6450 99
6381 6308 99
6311 6360 99
6320 6369 99
6308 6306 99
7069 6564 99
6818 6532 99
6802 6803 99
239 335 99
2185 2183 99
114 146 99
1726 1728 99
1470 1474 99
1044 1055 99
150 151 99
2548 2541 99
2455 2473 99
2403 2399 99
2946 2994 99
2786 2789 99
1527 1517 99
1156 1131 99
1131 1122 99
1979 207 99
780 787 99
483 488 99
535 468 99
1003 995 99
963 965 99
588 592 99
392 391 99
240 241 99
868 866 99
1794 1795 99
1796 1793 99
1706 1702 99
1922 146 99
232 229 99
2283 2269 99
1957 1904 99
1904 1919 99
2824 2823 99
1404 1412 99
1412 1401 99
1342 1332 99
808 823 99
1129 1121 99
1090 1148 99
2729 2685 99
2445 2397 99
2636 2637 99
2116 2083 99
2883 2884 99
2131 2151 99
2017 2081 99
156 157 99
2356 2355 99
2580 2579 99
8825 8830 99
6419 6442 99
357 356 99
6530 6869 99
1969 188 99
2024 1980 99
357 356 99
960 995 99
1440 1404 99
357 111 99
10903 10429 99
1440 1457 99
2024 2026 99
960 961 99
1969 1970 99
10442 10852 99
8836 8831 99
8860 8834 99
6363 6448 99
8794 8793 100
8151 8147 100
10495 10480 100
137 368 100
886 887 100
382 369 100
829 799 100
749 752 100
728 726 100
2905 2898 100
964 985 100
978 980 100
1010 1001 100
2171 2170 100
2714 2713 100
914 852 100
852 914 100
720 724 100
836 855 100
955 933 100
1615 1611 100
1848 1828 100
615 624 100
122 127 100
614 623 100
342 357 100
1826 1828 100
1650 1656 100
1656 1657 100
237 184 100
1646 1653 100
1764 1763 100
1672 1668 100
1613 244 100
524 525 100
633 645 100
596 591 100
1708 1711 100
593 570 100
537 536 100
709 708 100
557 558 100
1912 1986 100
1986 1912 100
2146 2123 100
2123 2146 100
2357 2364 100
2154 2155 100
2963 2977 100
2839 2842 100
1554 1587 100
2763 2762 100
2949 2955 100
2942 2941 100
2781 2748 100
285 282 100
282 289 100
1386 1390 100
1548 1547 100
1051 1062 100
1298 1297 100
1222 1223 100
1092 1080 100
1018 1017 100
1017 1025 100
961 967 100
2609 2623 100
2531 2530 100
2512 2553 100
2702 2701 100
2387 2386 100
162 389 100
1855 1865 100
1654 1650 100
1798 1799 100
1713 1721 100
519 518 100
478 477 100
561 591 100
2422 2423 100
2423 2399 100
2068 2069 100
140 139 100
388 389 100
1214 1216 100
1216 1214 100
299 297 100
1207 1208 100
766 765 100
2112 2111 100
187 2085 100
2403 2443 100
3033 3017 100
3046 3045 100
2903 2907 100
2962 2979 100
2749 2781 100
1246 1237 100
1301 1328 100
1328 1301 100
1257 1256 100
1176 1175 100
1094 1092 100
1138 1139 100
2912 2932 100
2932 2929 100
1458 1444 100
1152 1070 100
1301 1300 100
1114 1096 100
392 977 100
1648 1661 100
1867 1859 100
1859 1866 100
131 126 100
356 345 100
792 796 100
170 168 100
178 174 100
635 656 100
540 557 100
562 557 100
661 662 100
662 542 100
558 560 100
560 577 100
523 531 100
310 307 100
1966 259 100
384 387 100
367 385 100
962 963 100
998 1212 100
883 1122 100
1125 1122 100
1945 1938 100
572 595 100
405 407 100
1285 1279 100
1279 1285 100
1273 1293 100
1293 1273 100
1177 1178 100
1163 1066 100
1093 1089 100
1040 1037 100
1154 1162 100
979 966 100
309 308 100
397 400 100
6308 6306 100
1857 1863 100
1757 1753 100
1753 1758 100
1739 1726 100
1805 1811 100
1923 1913 100
728 726 100
1879 1931 100
743 741 100
2100 2090 100
2422 2423 100
2423 2399 100
2399 2428 100
1929 1930 100
1668 1672 100
1311 1315 100
580 579 100
2556 2511 100
2758 2757 100
1193 1192 100
1039 1038 100
6316 6333 100
6540 6539 100
6297 6473 100
6421 6370 100
5536 5537 100
5477 5539 100
2239 2252 100
2507 2509 100
2075 2074 100
2735 2734 100
2812 2813 100
2825 2826 100
2802 2814 100
2771 2770 100
2700 2717 100
2970 2972 100
2153 2159 100
1928 1884 100
2087 2106 100
191 1985 100
2030 2054 100
1987 2009 100
1978 1976 100
2560 2455 100
2331 2316 100
2944 2961 100
2316 2331 100
2480 2479 100
2274 2275 100
2263 2234 100
1971 1987 100
2262 2235 100
1986 2015 100
146 156 100
2637 2636 100
2568 2416 100
2533 2535 100
190 1959 100
1972 2037 100
280 279 100
317 257 100
384 379 100
1891 1890 100
1964 1887 100
449 450 100
2087 2084 100
864 747 100
969 970 100
2029 1894 100
2617 2622 100
2613 2614 100
2031 2024 100
241 1646 100
317 314 100
345 380 100
1480 1521 100
345 356 100
317 984 100
1520 1521 100
1860 1867 100
1956 1918 100
135 132 100
985 983 100
188 1979 100
1897 255 100
996 995 100
1068 1175 100
190 1884 100
1457 1440 100
8733 8751 100
2027 2026 100
389 134 100
403 404 100
404 778 100
1880 1879 100
413 389 100
1970 1969 100
2933 2945 100
1971 1972 100
4373 4374 100
659 4386 100
3333 3336 100
3116 3115 100
3332 3331 100
3335 3334 100
3054 3069 100
7358 7429 100
7577 7582 100
7582 7209 100
8944 8795 100
8795 8944 100
6299 6474 100
6383 6335 100
6389 6372 100
6450 6386 100
6419 6390 100
6360 6312 100
6369 6368 100
6306 6356 100
6564 6558 100
6818 6532 100
6803 1312 100
6951 6952 100
335 342 100
2183 2187 100
146 1922 100
1474 1463 100
1554 1585 100
1055 1056 100
151 158 100
2541 2542 100
2399 2423 100
2423 2422 100
2994 2968 100
2789 2739 100
1517 1521 100
1122 893 100
207 231 100
2086 2084 100
139 141 100
787 788 100
788 781 100
1387 1391 100
488 491 100
666 676 100
1457 1454 100
468 462 100
965 964 100
592 595 100
241 1646 100
866 873 100
1921 146 100
1795 1790 100
1793 1792 100
1702 1705 100
1705 1673 100
146 114 100
114 156 100
2269 2270 100
1401 1403 100
823 815 100
1121 1130 100
1148 1145 100
1145 1141 100
2685 2709 100
2397 2441 100
336 357 100
117 357 100
1948 1922 100
1905 1958 100
815 849 100
2002 1914 100
2637 2618 100
2477 2806 100
2083 2091 100
2884 2875 100
1963 1884 100
2151 2123 100
2081 2053 100
195 200 100
2400 2440 100
2480 2497 100
2357 2364 100
1912 2050 100
2579 2561 100
2533 2545 100
8830 8829 100
6442 6440 100
714 736 100
10442 10852 100
1457 1210 100
404 406 100
961 742 100
10852 10441 100
6421 6370 100
6448 6316 100
8793 8792 101
8945 8944 101
8147 8137 101
10429 10903 101
10480 10481 101
10506 10764 101
368 369 101
887 888 101
369 368 101
799 817 101
752 751 101
2898 1386 101
980 165 101
1001 1008 101
2170 2169 101
2713 2712 101
8748 8874 101
360 326 101
852 803 101
914 921 101
855 851 101
933 944 101
1611 1600 101
1828 1833 101
624 617 101
127 125 101
623 622 101
622 621 101
357 118 101
1688 1690 101
1828 1848 101
1657 1647 101
184 1638 101
1763 1766 101
1688 1694 101
1668 1671 101
244 247 101
525 543 101
645 638 101
591 590 101
1711 1712 101
1688 1694 101
536 514 101
708 694 101
558 593 101
558 557 101
3172 3159 101
1986 2049 101
1912 1989 101
1891 1967 101
1967 1942 101
2123 2150 101
2146 2144 101
2357 2360 101
2155 2167 101
2232 2255 101
2977 2964 101
2964 2978 101
2842 2838 101
1587 1586 101
2762 2741 101
2955 2950 101
2941 2944 101
289 280 101
2735 2737 101
1471 1473 101
1390 1392 101
1547 1549 101
1381 1383 101
1062 1065 101
1493 1481 101
1297 1294 101
1223 1229 101
1080 1085 101
1025 1063 101
967 963 101
1299 1296 101
2530 2529 101
2905 2906 101
2553 2657 101
2701 2729 101
2386 2385 101
389 394 101
1752 1754 101
1865 1647 101
1650 1666 101
1799 1790 101
1721 1720 101
518 520 101
591 596 101
648 649 101
2399 2428 101
2069 2035 101
139 143 101
1216 1234 101
1214 1215 101
297 262 101
1208 1209 101
730 731 101
765 767 101
2111 2090 101
2085 2094 101
2443 2424 101
2357 2364 101
2265 2241 101
3017 3018 101
3045 3044 101
3044 3043 101
2907 2904 101
2979 2980 101
2980 2981 101
2781 2748 101
1237 1247 101
1328 1315 101
1301 1300 101
1256 1261 101
1175 1169 101
1092 1080 101
1139 1145 101
2025 2047 101
1457 1456 101
1444 1400 101
2610 2651 101
1300 1302 101
1096 1113 101
977 980 101
391 395 101
1661 1649 101
1866 1856 101
126 141 101
796 781 101
168 174 101
174 168 101
656 641 101
557 562 101
557 540 101
542 635 101
577 578 101
531 530 101
307 306 101
259 255 101
387 388 101
556 547 101
385 383 101
1212 1211 101
1122 1125 101
1122 883 101
883 1123 101
1938 1890 101
595 592 101
407 410 101
1279 1283 101
1285 1284 101
1293 1295 101
1273 1292 101
1178 1179 101
1066 1064 101
1089 1079 101
1079 1083 101
1037 1026 101
1162 1155 101
966 958 101
308 1437 101
6306 6356 101
1863 1854 101
1758 1754 101
1726 1728 101
1811 1808 101
1913 1899 101
726 722 101
1931 1945 101
741 735 101
2090 2111 101
2428 2392 101
2763 2615 101
326 356 101
1500 1329 101
579 581 101
2757 2756 101
2756 2757 101
1192 1191 101
1038 882 101
6333 6332 101
6539 5574 101
6473 6307 101
6492 6427 101
6370 6320 101
5537 5541 101
5539 5804 101
2252 2251 101
2509 2522 101
2074 2078 101
2803 2806 101
2752 2734 101
2813 2738 101
2826 2834 101
2814 2940 101
2818 2824 101
2770 2769 101
2717 2718 101
2972 2975 101
2946 2975 101
2885 2886 101
1975 1969 101
2159 2160 101
1884 1968 101
2106 2084 101
2234 2347 101
1976 1975 101
2400 2398 101
2455 2473 101
2961 2944 101
2275 1981 101
2357 2311 101
2235 2261 101
1902 1931 101
2318 2409 101
146 1922 101
2636 2635 101
2416 2415 101
2535 2515 101
1890 1889 101
1887 1953 101
450 370 101
390 729 101
747 748 101
970 957 101
1894 1955 101
2444 2392 101
2609 2563 101
2562 2563 101
2024 2392 101
257 314 101
1666 1646 101
1646 1666 101
257 256 101
1521 1520 101
356 326 101
1521 1480 101
1956 1881 101
1918 1899 101
132 389 101
217 218 101
851 808 101
3060 3061 101
809 808 101
1884 190 101
2289 2207 101
2277 2083 101
1300 1345 101
1901 1897 101
188 209 101
209 188 101
2946 2945 101
2934 2733 101
2390 2026 101
435 553 101
553 435 101
2561 2560 101
2028 1881 101
2365 2561 101
413 403 101
2561 2365 101
1880 1881 101
404 403 101
2024 1980 101
2084 1979 101
4374 4378 101
10419 10434 101
10419 10438 101
3336 3345 101
3315 3313 101
3616 3615 101
3057 3120 101
3331 3095 101
3334 3623 101
7182 7356 101
7209 7601 101
7182 7440 101
7430 7445 101
7233 7254 101
8829 8830 101
6298 6411 101
6474 6307 101
5781 5743 101
6448 6367 101
6335 6319 101
6372 6294 101
6386 6294 101
6390 6391 101
6308 6304 101
6312 6361 101
6356 6314 101
6952 6954 101
342 357 101
2187 2180 101
1922 1921 101
1728 1738 101
1688 1690 101
1463 1469 101
1585 1584 101
1056 1054 101
158 161 101
2542 2543 101
2473 2468 101
1961 1916 101
2357 2311 101
2422 2421 101
2968 2958 101
893 885 101
2084 2093 101
141 126 101
781 796 101
1391 293 101
491 490 101
676 669 101
462 467 101
995 1012 101
964 958 101
595 572 101
1026 1047 101
391 389 101
873 874 101
874 895 101
1790 1799 101
1799 1798 101
1792 1701 101
1673 1676 101
156 148 101
2270 2268 101
7186 7199 101
1919 1879 101
2823 2816 101
1403 2929 101
1332 1347 101
1130 1126 101
1141 1134 101
2709 2710 101
2441 2430 101
146 1922 101
1922 146 101
1958 1931 101
1914 1913 101
2618 2614 101
2806 2803 101
2091 2092 101
2875 2874 101
2754 2742 101
2123 2152 101
200 190 101
2440 2024 101
2497 2501 101
2364 2369 101
2050 2039 101
2533 2511 101
2561 2578 101
8829 8122 101
6440 6441 101
356 455 101
1980 1972 101
356 455 101
995 1210 101
1404 2894 101
111 220 101
10852 10857 101
406 455 101
1970 1971 101
10441 10443 101
6370 6320 101
8834 8827 101
6316 6333 101
8137 8140 102
10481 10470 102
369 382 102
888 1122 102
817 816 102
751 738 102
726 722 102
1386 1389 102
985 990 102
165 166 102
1008 1007 102
2169 2186 102
2186 2180 102
2712 8875 102
8874 8875 102
803 800 102
921 915 102
851 856 102
944 932 102
1600 1602 102
1609 1608 102
617 1709 102
125 121 102
621 620 102
118 117 102
1848 1830 102
1647 1658 102
1638 1627 102
1653 1610 102
1766 1751 102
247 1610 102
543 541 102
638 652 102
590 551 102
1712 1710 102
570 567 102
514 506 102
694 691 102
593 570 102
557 540 102
3159 3173 102
2049 2039 102
1989 1893 102
1942 1941 102
2150 2125 102
2144 2129 102
2364 2369 102
2167 2166 102
2255 2231 102
2978 2959 102
2838 2849 102
1586 1580 102
2741 2761 102
2950 2953 102
2737 2736 102
280 290 102
2737 2742 102
1241 1243 102
1473 1472 102
1392 1391 102
7330 1581 102
1549 1550 102
1065 1066 102
1294 1299 102
1229 1221 102
1085 1081 102
1081 1087 102
1063 1065 102
963 965 102
1296 1171 102
2623 2676 102
2529 2583 102
2906 2899 102
2657 2658 102
2729 2685 102
2385 2384 102
2023 1997 102
1754 1758 102
1647 1666 102
1666 1647 102
1790 1795 102
1720 1724 102
520 463 102
477 472 102
596 594 102
649 646 102
2428 2392 102
143 149 102
389 162 102
1234 1244 102
1244 1240 102
1215 1211 102
262 257 102
1209 1202 102
1202 1203 102
731 732 102
767 758 102
2090 2103 102
2094 2099 102
2424 2438 102
2364 2359 102
2241 2245 102
3018 3003 102
3043 3042 102
3038 3040 102
2904 2895 102
2981 2982 102
1247 1254 102
1315 1318 102
1261 1251 102
1169 1180 102
1080 1091 102
1091 1100 102
895 884 102
1415 1414 102
2047 2048 102
2210 2226 102
1456 1458 102
2929 1403 102
1400 1417 102
2651 2650 102
1070 1105 102
1302 1334 102
1334 1329 102
1113 1112 102
980 978 102
395 400 102
1649 1655 102
1856 1852 102
141 139 102
781 788 102
174 178 102
168 170 102
641 642 102
562 563 102
635 651 102
578 571 102
530 507 102
306 302 102
255 261 102
1504 1512 102
1512 1505 102
388 389 102
547 586 102
383 380 102
963 960 102
1211 1215 102
1480 1486 102
1125 1127 102
1123 840 102
1890 1939 102
1939 1940 102
410 415 102
1283 1286 102
1284 1280 102
1280 1274 102
1295 1307 102
1179 1185 102
1064 1062 102
1083 1088 102
1155 1159 102
958 964 102
400 395 102
6356 6314 102
1854 1861 102
1754 1752 102
1728 1733 102
1808 1806 102
1899 1919 102
722 720 102
735 733 102
2111 2112 102
2112 2275 102
2392 2430 102
1930 1931 102
1315 1300 102
581 582 102
582 583 102
2756 2755 102
2757 2758 102
1062 1175 102
1191 1190 102
882 891 102
891 892 102
6332 6303 102
6303 6328 102
6307 6304 102
6427 6431 102
5541 5572 102
5804 5538 102
2251 2244 102
2522 2547 102
2078 2082 102
2734 2752 102
2568 2313 102
2806 2477 102
2734 2735 102
2834 2819 102
2940 2944 102
2768 2736 102
2824 2823 102
2769 2768 102
2718 2719 102
2975 2946 102
2886 2887 102
2160 2161 102
1968 1963 102
1985 1974 102
2009 1984 102
2347 2343 102
1975 1982 102
2021 1982 102
2234 2233 102
2331 2327 102
2479 2453 102
2234 2233 102
1987 2015 102
2311 2328 102
2261 2328 102
2015 1987 102
2409 1995 102
2355 2356 102
156 157 102
2635 2634 102
2415 2414 102
2037 2051 102
279 271 102
257 272 102
379 411 102
1953 1889 102
729 730 102
2622 2614 102
2614 2622 102
1955 1894 102
314 315 102
1646 241 102
1666 1645 102
256 1888 102
380 411 102
984 958 102
1881 1885 102
1867 1662 102
218 228 102
1043 1037 102
983 255 102
1979 2085 102
1622 2085 102
1219 996 102
209 190 102
995 997 102
1175 1095 102
1855 1867 102
1884 1878 102
2732 2731 102
2933 2945 102
1210 995 102
7182 7183 102
714 736 102
1440 1414 102
8751 2680 102
133 134 102
134 133 102
404 434 102
1879 1878 102
2560 2561 102
1878 1879 102
389 134 102
2911 2912 102
1969 1979 102
2945 2946 102
3020 3037 102
2894 2912 102
4378 4379 102
7186 7182 102
389 146 102
6292 949 102
4386 4235 102
542 521 102
3115 3114 102
3615 3056 102
3623 3333 102
7356 7444 102
7429 7544 102
7601 7604 102
7440 7439 102
7445 7342 102
7254 7253 102
8830 8825 102
6411 6412 102
6472 6404 102
6319 6318 102
6391 6392 102
6361 6434 102
6368 6321 102
6314 6500 102
6532 6962 102
6532 6819 102
6954 6825 102
8109 8110 102
357 118 102
2180 2186 102
1921 1908 102
1738 1737 102
1469 1461 102
1584 1579 102
161 166 102
2543 2514 102
2468 2463 102
2463 2471 102
567 572 102
1916 1945 102
2311 2325 102
2421 2396 102
2958 3019 102
2739 2731 102
1521 1495 102
885 869 102
869 881 102
231 232 102
365 356 102
126 131 102
796 792 102
490 489 102
669 664 102
1454 1464 102
467 466 102
958 966 102
572 568 102
1047 1048 102
895 884 102
1798 1800 102
1701 1700 102
1676 1812 102
148 155 102
2268 2273 102
2816 2822 102
2929 2926 102
1347 1348 102
1126 1156 102
1134 1142 102
357 336 102
1931 1930 102
849 809 102
2962 2979 102
2614 2642 102
2803 2802 102
2092 2197 102
2874 2873 102
1884 1928 102
2152 2132 102
2053 2054 102
154 146 102
190 1959 102
2024 2076 102
2501 2477 102
1900 1904 102
2369 2366 102
2039 2051 102
2578 2607 102
2545 2546 102
6869 6846 102
188 220 102
188 220 102
736 748 102
10857 10855 102
2026 2894 102
742 748 102
10443 2211 102
8831 8838 102
8827 8846 102
7482 7479 102
6333 6384 102
8792 8788 103
8944 8942 103
8140 8139 103
10903 10904 103
10764 10491 103
1122 883 103
368 137 103
816 808 103
738 744 103
722 720 103
1389 1385 103
990 991 103
166 161 103
1007 998 103
2180 2187 103
8875 8874 103
8875 2712 103
326 328 103
389 391 103
800 801 103
915 911 103
724 720 103
856 852 103
932 943 103
1602 1861 103
1833 1850 103
1608 1632 103
121 124 103
620 327 103
327 333 103
1690 1684 103
2193 2199 103
1830 2153 103
1688 1694 103
1751 1765 103
1658 1659 103
1659 1660 103
1627 1637 103
1610 1617 103
1751 1762 103
1694 1691 103
1610 1653 103
652 503 103
551 586 103
1694 1689 103
567 572 103
506 495 103
691 702 103
3173 3158 103
600 602 103
1941 1903 103
2125 2136 103
2129 2128 103
2369 2373 103
2360 2322 103
2166 2179 103
2231 2236 103
2959 2974 103
2849 2836 103
1580 1567 103
2761 2740 103
2953 2946 103
2944 2935 103
290 295 103
295 292 103
2742 2733 103
1243 1242 103
1472 1482 103
1581 1582 103
1550 1546 103
1383 1377 103
1481 1519 103
1299 1168 103
1221 1219 103
1087 1084 103
1065 1066 103
965 964 103
1171 1181 103
2676 2611 103
2583 2584 103
2390 2432 103
2899 1393 103
2658 2659 103
2685 2722 103
2722 2729 103
2730 2729 103
2384 2383 103
394 163 103
1997 1991 103
1758 1753 103
1666 1650 103
1647 1865 103
1795 1794 103
1724 1714 103
463 469 103
472 465 103
594 592 103
646 647 103
2392 2430 103
2035 2071 103
149 147 103
1240 1245 103
1203 994 103
732 721 103
758 750 103
2103 2100 103
2099 2096 103
2245 2258 103
3003 3004 103
3042 3041 103
3040 3041 103
3041 3042 103
2982 2983 103
1254 1253 103
1300 1302 103
1180 1172 103
1100 1109 103
884 842 103
2048 2073 103
2226 2218 103
1458 1444 103
1417 1421 103
2729 2690 103
2650 2649 103
1105 1106 103
1106 1095 103
1329 1502 103
1112 1111 103
1655 1646 103
1852 1863 103
139 117 103
345 108 103
788 787 103
178 179 103
170 169 103
169 166 103
563 564 103
651 650 103
650 633 103
571 670 103
507 515 103
515 505 103
302 303 103
261 257 103
1505 1513 103
389 162 103
586 546 103
380 374 103
960 1013 103
1486 1516 103
1516 1518 103
1127 1124 103
840 849 103
1940 1943 103
592 588 103
415 418 103
162 389 103
1286 1329 103
1274 1292 103
1307 1309 103
1185 1186 103
1062 1053 103
1088 1090 103
1026 1028 103
1159 1161 103
964 965 103
395 391 103
6314 6357 103
1861 1602 103
1733 1727 103
1806 1693 103
1919 1879 103
1945 1938 103
733 721 103
2430 2442 103
2442 2470 103
356 346 103
346 360 103
1329 1300 103
583 585 103
2758 2759 103
1190 1188 103
892 881 103
6328 6331 103
6431 6432 103
6320 6302 103
6302 6292 103
5489 5490 103
5572 5538 103
5538 5804 103
5538 5572 103
2620 2621 103
2404 2403 103
2082 2030 103
2313 2316 103
2477 2481 103
2738 2739 103
2944 2961 103
2823 2816 103
2768 2735 103
2719 2720 103
2975 2972 103
2887 2890 103
1969 2001 103
1963 1878 103
2084 2088 103
2054 2053 103
1984 2008 103
1982 1975 103
2398 2395 103
2473 2464 103
2316 2313 103
2327 2380 103
2944 2940 103
1981 2006 103
2015 1986 103
2328 2261 103
2328 2311 103
1931 1879 103
1995 1972 103
2356 2361 103
1922 1960 103
2634 2633 103
2515 2556 103
2507 2509 103
1959 1922 103
154 146 103
271 272 103
411 370 103
1889 1953 103
370 411 103
748 720 103
957 961 103
2392 2024 103
2563 2562 103
2622 2617 103
2563 2609 103
2392 2444 103
314 297 103
1520 1545 103
326 327 103
958 959 103
1480 1479 103
1899 195 103
1457 1450 103
389 391 103
1037 1026 103
255 983 103
190 209 103
1345 1344 103
1897 255 103
1742 1741 103
188 1979 103
1867 1612 103
8058 2836 103
2026 2027 103
8751 8733 103
2026 2390 103
404 403 103
778 905 103
778 404 103
1881 1880 103
403 404 103
1881 2028 103
403 413 103
1972 1980 103
1980 1972 103
4235 4386 103
10429 10427 103
3313 3312 103
3114 3113 103
3120 3066 103
3095 3093 103
3333 3336 103
3069 3168 103
7444 7351 103
7351 7437 103
7604 7210 103
7342 7435 103
7253 7260 103
6294 6295 103
8825 8832 103
2816 2833 103
6499 6488 103
6412 6413 103
6367 6366 103
6318 6384 103
6294 6386 103
6294 6372 103
6503 6421 103
6392 6393 103
6305 6304 103
6304 6349 103
6321 6319 103
6500 6362 103
6558 6801 103
6825 6816 103
8110 8111 103
8070 8112 103
118 117 103
2186 2169 103
1908 210 103
1737 1729 103
1690 1696 103
1461 1263 103
1579 1583 103
1482 1472 103
1054 1058 103
166 165 103
2471 2469 103
572 595 103
1945 1938 103
2325 2326 103
2396 2407 103
3019 3005 103
1495 1497 103
2961 2991 103
232 229 103
2158 2157 103
356 326 103
2093 2109 103
131 122 103
792 771 103
293 294 103
489 482 103
664 675 103
1464 1467 103
461 466 103
466 461 103
1012 1013 103
966 979 103
568 664 103
1048 1052 103
884 842 103
842 843 103
1800 1801 103
1700 1699 103
155 147 103
2273 2274 103
2822 2821 103
2926 2912 103
1348 1358 103
1358 1359 103
1156 1160 103
1142 1137 103
2710 2711 103
1922 1948 103
357 117 103
146 141 103
809 810 103
810 814 103
1913 1923 103
2642 2643 103
2197 2196 103
2768 2769 103
2873 2872 103
1928 1879 103
2132 2161 103
2054 2030 103
2366 2370 103
2051 2037 103
2511 2540 103
2607 2420 103
2546 2547 103
8122 8121 103
6846 6860 103
1972 1971 103
10855 10796 103
10429 10902 103
455 356 103
1971 1972 103
2211 2216 103
6320 6302 103
6302 6292 103
8838 8126 103
8846 8845 103
7479 7478 103
8139 8067 104
10904 10485 104
10470 10476 104
382 385 104
883 1123 104
744 737 104
720 721 104
1385 1426 104
991 986 104
161 158 104
998 1003 104
2187 2183 104
8874 8748 104
2712 2713 104
328 1668 104
801 860 104
911 907 104
720 723 104
852 916 104
943 942 104
1861 1854 104
1850 1834 104
1632 1624 104
124 141 104
333 332 104
117 139 104
1684 1681 104
2199 2201 104
2153 2156 104
1765 1763 104
1660 1675 104
1637 1636 104
1617 1609 104
1762 1755 104
1755 1753 104
1691 1695 104
1671 1667 104
1653 1646 104
541 554 104
554 553 104
503 489 104
586 546 104
1710 618 104
1689 1687 104
572 580 104
495 494 104
702 701 104
570 567 104
567 570 104
3158 3160 104
2039 2063 104
2063 2029 104
1893 1899 104
1903 1929 104
2136 2137 104
2128 1622 104
2373 2372 104
2322 2321 104
2179 2126 104
2236 2248 104
2974 2973 104
2836 2849 104
1567 3022 104
2740 2731 104
2736 2738 104
292 2896 104
2733 2792 104
1242 1249 104
1391 1387 104
1582 1583 104
1546 1522 104
1377 1362 104
1066 1163 104
1519 1491 104
1168 1172 104
1219 1230 104
1084 1075 104
1066 1163 104
964 958 104
1181 1170 104
2611 2661 104
2584 2585 104
2432 2419 104
1393 1392 104
2729 2701 104
2729 2705 104
2383 2505 104
163 164 104
1991 1992 104
1753 1757 104
1650 1654 104
1865 1855 104
1794 1789 104
469 465 104
465 469 104
647 659 104
2430 2442 104
2071 2036 104
147 155 104
1245 1457 104
257 298 104
994 1003 104
721 737 104
750 757 104
2100 2113 104
2096 2088 104
2359 2354 104
2258 2257 104
3004 3005 104
3041 3040 104
3042 3043 104
2895 2908 104
2908 2920 104
2983 2916 104
1253 1252 104
1318 1319 104
1302 1305 104
1251 1267 104
1172 1188 104
1309 1310 104
1109 1099 104
842 843 104
2073 2070 104
2218 2219 104
1444 1402 104
1403 1401 104
1421 1401 104
2690 2691 104
2649 2648 104
2648 2723 104
1095 1110 104
1502 1501 104
1111 1101 104
978 979 104
400 397 104
1646 1669 104
1669 1670 104
1863 1818 104
117 106 104
108 109 104
787 780 104
166 165 104
564 559 104
633 566 104
670 675 104
505 512 104
303 262 104
1513 1514 104
1514 1503 104
546 545 104
374 378 104
1013 1012 104
1215 1214 104
1518 1515 104
1124 1132 104
849 841 104
1943 1965 104
588 589 104
418 414 104
389 393 104
1329 1335 104
1292 1275 104
1186 1184 104
1053 1060 104
1090 1148 104
1148 1145 104
1028 1029 104
1161 1157 104
965 963 104
391 389 104
6357 6358 104
1602 1600 104
1727 1734 104
1734 1735 104
1693 1686 104
1938 1890 104
721 720 104
2615 2616 104
1931 1905 104
585 679 104
2511 2508 104
2755 2859 104
2759 2752 104
1188 1169 104
881 872 104
6331 6330 104
5574 5573 104
5490 5491 104
5804 5539 104
5572 5541 104
2244 2021 104
2547 2546 104
2621 2643 104
2403 2399 104
2316 2331 104
2735 2736 104
2767 2738 104
2816 2829 104
2720 2721 104
2946 2951 104
2972 2970 104
2768 2754 104
2001 1974 104
2161 2132 104
2088 2096 104
1974 2008 104
2053 2081 104
2008 1974 104
2343 2344 104
1982 2021 104
2233 2239 104
2464 2453 104
2313 2568 104
2380 2379 104
2940 2802 104
2453 2464 104
2267 2272 104
2006 1970 104
2233 2239 104
1986 1912 104
2261 2242 104
2311 2357 104
1987 1971 104
1879 1928 104
2361 2357 104
2633 2508 104
2414 2413 104
2556 2537 104
2509 2522 104
2532 2531 104
2051 2039 104
272 271 104
1889 1890 104
411 379 104
730 720 104
2024 2031 104
2614 2613 104
2444 2468 104
1894 2029 104
315 1197 104
241 240 104
1645 1673 104
1888 1903 104
297 305 104
1545 1544 104
327 614 104
1479 1470 104
1885 270 104
1662 1611 104
195 189 104
228 229 104
1026 1027 104
808 809 104
2085 1622 104
3061 3060 104
2085 1979 104
3061 1751 104
808 851 104
2207 10431 104
2083 2084 104
10429 10430 104
1095 1087 104
1878 1901 104
2816 2815 104
1414 1440 104
995 1210 104
2945 2933 104
995 960 104
736 748 104
1414 2911 104
134 389 104
553 521 104
133 146 104
434 443 104
2560 2391 104
1878 146 104
1879 1880 104
134 133 104
2391 2560 104
2912 2894 104
2946 2945 104
3037 7186 104
2912 2911 104
1979 1969 104
4379 4366 104
188 145 104
145 188 104
3345 3480 104
3113 3112 104
3056 3199 104
3336 3203 104
3168 3167 104
7437 7358 104
7210 7602 104
7439 7438 104
7435 7432 104
7260 7200 104
2833 8115 104
6488 6412 104
6413 6488 104
6307 6473 104
5743 5742 104
6507 6308 104
6366 6507 104
6384 6333 104
6386 6450 104
6304 6308 104
6349 6307 104
6321 6319 104
6434 6469 104
6319 6310 104
6362 6363 104
6962 6929 104
6819 6953 104
8111 8129 104
2169 2170 104
210 220 104
1729 1746 104
475 470 104
1263 1262 104
1583 1582 104
1472 1473 104
1058 1167 104
165 980 104
2514 2529 104
2469 2458 104
595 592 104
1938 1890 104
2326 2331 104
2407 2351 104
3005 3004 104
2731 2788 104
1497 1503 104
2991 2962 104
2157 1835 104
2109 2117 104
122 119 104
771 784 104
294 296 104
482 513 104
1467 1463 104
466 467 104
1013 960 104
979 172 104
664 669 104
1052 1018 104
843 838 104
1801 1797 104
1699 1692 104
1812 1807 104
147 149 104
2274 2275 104
2821 2820 104
1359 1349 104
1160 1144 104
1144 1143 104
1137 1133 104
2711 2721 104
1948 1935 104
336 1672 104
1930 1929 104
814 1133 104
2979 2981 104
1923 190 104
2643 2621 104
2802 2807 104
2196 2195 104
2769 2770 104
2742 2778 104
2161 2160 104
146 1922 104
2076 2034 104
2477 2806 104
1904 1989 104
2540 2508 104
2547 2522 104
8121 8120 104
6448 6316 104
455 406 104
6860 6841 104
220 111 104
8141 8138 104
220 111 104
455 406 104
748 742 104
1210 1457 104
2894 2026 104
220 188 104
10902 10901 104
1210 995 104
2894 1404 104
748 736 104
2216 2220 104
8729 8896 104
8845 8844 104
7478 7480 104
6384 6318 104
6318 6319 104
8788 8789 105
8942 8943 105
385 416 105
1123 840 105
137 116 105
808 823 105
737 721 105
986 995 105
1003 995 105
2183 2185 105
2713 2714 105
391 395 105
860 823 105
907 905 105
723 736 105
916 918 105
942 931 105
245 219 105
1854 1863 105
1834 1851 105
1624 1644 105
141 139 105
332 331 105
2201 2170 105
2156 2177 105
1694 1691 105
1763 1764 105
1675 1676 105
1636 1628 105
1609 1608 105
1753 1761 105
1695 1807 105
1667 1670 105
553 549 105
489 490 105
546 545 105
618 602 105
1687 1674 105
580 579 105
494 493 105
701 697 105
567 568 105
3160 3175 105
602 604 105
2029 2042 105
1899 1927 105
2137 2142 105
1622 1634 105
2372 2371 105
2321 2247 105
2533 2534 105
2126 2127 105
2248 2249 105
2973 2993 105
2993 2969 105
2849 2838 105
3022 3012 105
2946 2975 105
2935 2937 105
2896 2900 105
2792 2791 105
1249 1239 105
1482 1487 105
1387 1437 105
1583 1579 105
1522 1534 105
1362 1361 105
1163 1176 105
1491 1490 105
1172 1180 105
1230 1170 105
1075 1071 105
1163 1176 105
958 966 105
1170 1183 105
2585 2586 105
1430 1429 105
1392 1391 105
2659 2613 105
2705 2647 105
164 161 105
1992 1988 105
1757 1751 105
1654 1646 105
1855 1869 105
1789 1788 105
592 595 105
659 660 105
2442 2435 105
155 148 105
737 739 105
757 756 105
2113 2084 105
2088 2084 105
2354 2353 105
2257 2362 105
3005 3019 105
3040 3038 105
3043 3044 105
2920 2919 105
2916 2917 105
1252 1272 105
1319 1312 105
1305 1308 105
1188 1194 105
1310 1196 105
1196 1189 105
1169 1182 105
1099 1108 105
1108 1107 105
843 838 105
2070 2058 105
2289 2305 105
1402 1411 105
1401 1421 105
1401 1403 105
2691 2696 105
2723 2705 105
1110 1101 105
1501 1500 105
1101 1110 105
324 314 105
1670 1671 105
106 105 105
109 107 105
780 714 105
179 255 105
165 980 105
559 565 105
565 566 105
566 565 105
675 664 105
512 513 105
262 298 105
257 262 105
1503 1498 105
545 544 105
378 371 105
162 389 105
1012 995 105
1214 1235 105
1515 1519 105
1132 1128 105
841 815 105
1965 177 105
589 587 105
414 386 105
1335 1330 105
1275 1268 105
1309 1323 105
1184 1187 105
1060 1061 105
1145 1149 105
1029 1030 105
1157 1152 105
6358 6359 105
1600 1611 105
1735 1736 105
1686 1694 105
2470 2468 105
2616 2626 105
7199 1554 105
360 326 105
162 389 105
1300 1329 105
679 685 105
2508 2674 105
2556 2503 105
2859 2864 105
1349 1376 105
872 868 105
6330 6292 105
5573 5546 105
6304 6308 105
6292 6330 105
6330 6331 105
5539 5477 105
5541 5537 105
2546 2545 105
2643 2642 105
2399 2423 105
2565 2600 105
2481 2496 105
2739 2765 105
2961 2991 105
2735 2736 105
2721 2711 105
2768 2754 105
2890 2882 105
2132 2152 105
1878 1946 105
2008 1984 105
2344 2352 105
2021 2244 105
1975 1976 105
2395 2401 105
2076 2024 105
2239 2252 105
2453 2479 105
2568 2577 105
2379 2357 105
2464 2473 105
2272 2268 105
2239 1983 105
2370 2366 105
2242 2262 105
1972 2037 105
2357 2379 105
2413 2335 105
2522 2547 105
1922 146 105
2531 2514 105
2039 2050 105
146 1922 105
272 257 105
370 450 105
2084 2087 105
1953 1887 105
1890 1891 105
379 384 105
720 748 105
720 730 105
2613 2612 105
2562 2453 105
2609 2611 105
240 219 105
1673 1674 105
1903 1878 105
411 412 105
1544 1554 105
959 970 105
270 271 105
1611 1624 105
1450 1451 105
391 729 105
1027 742 105
255 1897 105
209 188 105
996 995 105
6530 6531 105
1344 6531 105
255 997 105
1897 1901 105
190 1884 105
1741 3054 105
997 255 105
1979 2085 105
2731 2815 105
2945 2946 105
7183 7184 105
7185 7184 105
2390 2391 105
435 432 105
2561 2506 105
2365 2364 105
2028 2027 105
413 389 105
1979 2084 105
2946 2881 105
2277 2083 105
3060 3061 105
1980 2024 105
2933 2945 105
1972 1971 105
4366 4367 105
7186 2476 105
10434 10433 105
10438 10439 105
3480 3356 105
3312 3079 105
3112 3110 105
3110 3111 105
3199 3614 105
7358 7428 105
7602 7566 105
7566 7206 105
7438 7182 105
7432 7442 105
8795 8732 105
8944 8731 105
8832 8831 105
6488 6499 105
5742 5734 105
6404 6403 105
6450 956 105
6372 6389 105
6389 6374 105
6393 6394 105
6308 6381 105
6319 6310 105
6469 6470 105
6363 6448 105
1312 1319 105
6816 6817 105
8112 8129 105
117 137 105
2170 2171 105
220 222 105
1746 1741 105
1696 1697 105
470 473 105
2268 2270 105
1262 1247 105
1582 1577 105
1473 1471 105
1167 1164 105
1164 1165 105
980 978 105
2529 2513 105
2458 2465 105
1830 1848 105
592 594 105
2351 2348 105
3004 3003 105
2304 2303 105
1503 1506 105
2962 2976 105
229 250 105
1835 1842 105
2117 2085 105
296 279 105
513 512 105
675 670 105
2931 1419 105
1463 1462 105
467 462 105
960 963 105
172 173 105
669 676 105
676 666 105
1018 1017 105
838 815 105
1692 1698 105
1807 1695 105
149 141 105
2820 2817 105
1143 1133 105
1133 1143 105
2721 2720 105
117 143 105
1133 1151 105
190 1960 105
2621 2620 105
2195 2194 105
2770 2771 105
2872 2880 105
2778 2777 105
1879 1919 105
2160 2159 105
2030 2035 105
2027 2033 105
1959 1922 105
2034 2067 105
2806 2803 105
2508 2633 105
2420 2448 105
6316 6333 105
6841 6844 105
1971 1970 105
10796 10863 105
10901 10900 105
1972 1980 105
2220 2224 105
6292 6330 105
6330 6331 105
4229 5486 105
6319 6335 105
6507 6502 106
8789 8768 106
8943 8738 106
10485 10905 106
2316 2320 106
2231 2241 106
416 417 106
840 849 106
823 841 106
721 720 106
721 735 106
1426 1431 106
724 720 106
158 132 106
2185 3074 106
2714 2700 106
1668 1672 106
395 400 106
823 808 106
905 913 106
736 740 106
918 914 106
931 948 106
1863 1857 106
1851 1832 106
1644 1625 106
1795 1790 106
331 328 106
139 141 106
1681 1682 106
2177 2176 106
1691 1693 106
1764 1748 106
1628 1641 106
1608 1632 106
1761 1760 106
1807 1812 106
1812 1809 106
1670 1669 106
1646 1669 106
549 548 106
490 491 106
545 544 106
602 604 106
1674 1677 106
579 581 106
493 484 106
697 688 106
570 593 106
3175 481 106
604 606 106
2042 2043 106
1929 1878 106
2142 2206 106
1634 1626 106
2371 2552 106
2247 2362 106
2534 2503 106
2127 2128 106
2249 2237 106
2969 3012 106
2838 2848 106
3012 2969 106
2975 2972 106
2738 2739 106
2937 2943 106
2791 2798 106
1239 1247 106
1487 1481 106
1579 1584 106
1534 1524 106
1361 1346 106
1176 1175 106
1490 1480 106
1180 1169 106
1170 1183 106
1071 1070 106
1176 1175 106
966 979 106
1183 1169 106
2661 2582 106
2586 2574 106
2419 2465 106
2701 2702 106
2647 2679 106
2511 2527 106
2505 2517 106
161 167 106
1988 2016 106
1646 241 106
1869 1858 106
1788 1796 106
465 472 106
469 463 106
595 572 106
660 658 106
658 655 106
2435 2445 106
2036 2032 106
148 156 106
298 268 106
739 748 106
756 748 106
2306 2256 106
2353 2378 106
3019 2958 106
3044 3045 106
2919 2918 106
2917 2914 106
1272 1276 106
1312 1326 106
1308 1282 106
1267 1265 106
1194 1195 106
1189 1195 106
1195 1194 106
1182 1173 106
1107 1097 106
838 823 106
2058 2910 106
2305 2300 106
2219 2225 106
1421 1417 106
1403 2929 106
2696 2697 106
2705 2647 106
2647 2646 106
1101 1111 106
1500 1509 106
1110 1095 106
979 987 106
314 318 106
397 396 106
1818 1831 106
105 107 106
107 105 106
714 716 106
255 263 106
980 977 106
566 633 106
565 559 106
664 669 106
513 482 106
298 257 106
262 303 106
1498 1496 106
544 425 106
371 358 106
389 391 106
1235 1238 106
1519 1481 106
1128 1044 106
815 860 106
177 180 106
587 420 106
386 393 106
393 389 106
393 386 106
1330 1332 106
1323 1322 106
1187 1311 106
1061 1042 106
1149 1150 106
1030 961 106
1152 1150 106
963 967 106
6359 6313 106
1611 1615 106
1736 1679 106
1694 1688 106
1890 258 106
2468 2463 106
2626 2670 106
2670 2669 106
346 384 106
389 384 106
1300 1315 106
2086 2084 106
2752 2749 106
1376 1359 106
868 866 106
6308 6507 106
6331 6328 106
5491 5492 106
5537 5536 106
2545 2535 106
2642 2614 106
2423 2422 106
2030 2055 106
2600 2560 106
2991 2962 106
2829 2830 106
2711 2710 106
2882 2888 106
1974 2002 106
2152 2123 106
1946 1911 106
2096 2122 106
2081 2017 106
1974 1985 106
2401 2352 106
2252 2251 106
2802 2803 106
2473 2455 106
2268 2273 106
1970 2007 106
2366 2369 106
1912 1882 106
2357 2361 106
1971 2011 106
1928 1884 106
2379 2380 106
1960 1924 106
2508 2540 106
2335 2318 106
2537 2536 106
2050 1912 106
2508 2533 106
271 279 106
450 449 106
1887 1964 106
1891 1892 106
730 729 106
2031 2030 106
2468 2453 106
2029 2045 106
146 153 106
1197 1210 106
1674 1683 106
1878 1896 106
305 1425 106
412 396 106
540 539 106
614 625 106
970 741 106
1470 1471 106
1554 1544 106
1624 1623 106
189 188 106
1451 1425 106
729 734 106
809 1120 106
1622 1599 106
983 985 106
1979 188 106
851 857 106
2084 1979 106
10430 10432 106
5572 1078 106
1612 1622 106
1901 1897 106
2815 2731 106
2836 2835 106
1440 1457 106
1210 1457 106
2933 2911 106
960 961 106
748 742 106
389 413 106
2027 2028 106
443 432 106
403 413 106
8729 8730 106
2391 2390 106
1880 1881 106
404 403 106
133 146 106
1880 1879 106
2561 2560 106
2945 2933 106
1969 1970 106
4386 659 106
6298 6297 106
4235 4236 106
3111 3076 106
3066 3145 106
3093 3094 106
3167 3164 106
7428 7431 106
7200 7250 106
8831 8826 106
6412 6411 106
6507 6308 106
6473 6348 106
5734 5733 106
6403 6402 106
956 950 106
6374 6317 106
6421 6370 106
6394 5599 106
6307 6473 106
6470 6471 106
6310 6352 106
6801 6797 106
8129 8112 106
137 144 106
2171 2172 106
222 218 106
1697 1771 106
1771 1772 106
473 472 106
2270 2269 106
1577 7330 106
1471 1444 106
1165 1166 106
978 979 106
2513 2567 106
2465 2419 106
1848 1828 106
594 596 106
1890 258 106
2331 2320 106
2348 2350 106
3003 3018 106
1042 1044 106
2303 2302 106
2302 2301 106
1506 1508 106
2976 2963 106
1842 1843 106
326 328 106
2085 187 106
119 112 106
279 291 106
512 505 106
670 571 106
1419 1424 106
1462 1483 106
462 468 106
963 962 106
173 174 106
666 665 106
1017 996 106
1327 1317 106
815 822 106
1698 1686 106
1695 1686 106
2817 2743 106
1133 1137 106
1143 1144 106
1144 1160 106
2720 2719 106
1935 1901 106
1929 1901 106
1151 1146 106
2981 2998 106
2807 2808 106
2194 2192 106
2771 2772 106
2880 2879 106
2777 2776 106
2159 2153 106
1978 1975 106
1922 1959 106
2033 2041 106
2803 2802 106
1989 2003 106
2037 1972 106
2522 2509 106
2037 1972 106
8120 8123 106
6320 6505 106
6333 6332 106
406 404 106
8067 8139 106
6844 6861 106
8138 8142 106
406 404 106
742 961 106
188 1969 106
10900 10921 106
356 357 106
736 714 106
10429 10391 106
6331 6328 106
8896 8897 106
7480 7481 106
6335 6336 106
6336 6353 106
10905 10472 107
2241 2263 107
417 415 107
849 841 107
116 139 107
841 849 107
442 441 107
735 741 107
1431 1432 107
720 722 107
132 138 107
400 397 107
896 894 107
808 818 107
913 908 107
740 763 107
914 917 107
948 949 107
219 223 107
1832 1839 107
1625 1601 107
1790 1794 107
139 117 107
328 326 107
141 124 107
1682 1743 107
2176 2175 107
1693 1806 107
1748 1750 107
1641 1624 107
1632 1624 107
1760 1759 107
1809 1872 107
1669 1646 107
1669 1670 107
548 552 107
544 425 107
604 605 107
1677 1673 107
581 582 107
688 687 107
687 682 107
568 575 107
540 534 107
481 480 107
606 603 107
2043 2044 107
1927 1924 107
1878 1917 107
2206 2197 107
1626 236 107
2552 2551 107
2503 2549 107
2237 2244 107
3012 3011 107
2848 2847 107
2946 2975 107
2969 2972 107
2972 2969 107
2943 2936 107
2798 2790 107
1247 1262 107
1481 1519 107
1584 1585 107
1524 1527 107
1527 1517 107
1346 1343 107
1292 1274 107
1480 1489 107
1169 1175 107
1183 1169 107
1070 1074 107
979 978 107
1169 1175 107
2582 2581 107
2574 2559 107
2465 2458 107
1429 1387 107
1391 1387 107
2613 2614 107
2702 2683 107
2679 2655 107
2527 2526 107
2517 2509 107
167 175 107
2016 2014 107
1751 1766 107
1857 1816 107
1858 1864 107
1796 1793 107
472 477 107
463 520 107
572 567 107
655 654 107
654 653 107
2445 2451 107
2032 2028 107
156 114 107
268 267 107
267 258 107
748 756 107
748 739 107
2256 2257 107
2084 2088 107
2378 2377 107
2362 2358 107
2958 2968 107
3045 3046 107
3046 3047 107
2918 2913 107
2914 2911 107
1276 1291 107
1282 1303 107
1265 1225 107
1194 1188 107
1173 1098 107
1097 1115 107
823 808 107
2300 2299 107
2225 2224 107
1411 1402 107
1402 1444 107
1417 1400 107
2929 2926 107
2697 2698 107
2646 2645 107
2645 2644 107
1111 1112 107
1509 1508 107
1508 1506 107
1095 1106 107
239 221 107
987 993 107
318 992 107
396 717 107
1671 329 107
1831 1824 107
107 109 107
105 106 107
716 717 107
263 256 107
633 650 107
559 564 107
669 676 107
676 666 107
482 489 107
257 261 107
303 302 107
1496 1494 107
425 352 107
540 534 107
358 455 107
995 1003 107
1238 1236 107
1481 1479 107
860 853 107
853 859 107
180 174 107
386 414 107
414 418 107
1332 1347 107
1268 1265 107
1322 1321 107
1311 1317 107
1317 1327 107
1150 1152 107
961 967 107
1150 1149 107
967 961 107
6313 923 107
923 930 107
1615 1618 107
1679 1680 107
1688 1690 107
258 267 107
2275 2250 107
2463 2471 107
2944 2941 107
2669 2668 107
326 1672 107
685 682 107
682 688 107
2503 2550 107
2864 2863 107
2749 2750 107
1169 1175 107
1359 1358 107
1358 1348 107
866 873 107
6292 6504 107
6504 6505 107
5546 5545 107
6328 6303 107
5536 5576 107
2021 1982 107
2614 2618 107
2422 2421 107
2055 2056 107
2560 2455 107
2496 2480 107
2736 2738 107
2201 2199 107
2199 2203 107
2765 2766 107
2961 2944 107
2962 2976 107
2736 2738 107
2830 2831 107
2710 2709 107
2951 2952 107
2888 2889 107
2123 2151 107
1984 2009 107
2017 1988 107
2352 2401 107
2244 2251 107
1976 1978 107
2251 2244 107
2479 2480 107
2577 2565 107
2357 2364 107
2455 2560 107
2007 1984 107
1983 2011 107
2369 2364 107
2262 2263 107
2361 2356 107
2011 1983 107
1884 1968 107
2037 2051 107
2380 2327 107
1924 1884 107
2331 2327 107
2540 2511 107
2536 2568 107
2547 2546 107
146 156 107
2514 2580 107
1922 1959 107
257 317 107
279 280 107
2087 1969 107
384 389 107
748 747 107
2030 2045 107
2612 2611 107
2453 2468 107
2611 2612 107
2045 2030 107
153 1901 107
1210 1211 107
219 218 107
1270 1251 107
1896 1886 107
539 597 107
625 600 107
1544 1545 107
271 304 107
188 230 107
734 741 107
742 741 107
1897 1901 107
3060 3059 107
985 960 107
188 1979 107
10431 10432 107
995 997 107
1901 1878 107
1884 1878 107
2085 1622 107
1087 1078 107
2815 2816 107
2911 2933 107
2733 2934 107
2680 2610 107
2391 2560 107
432 443 107
146 1878 107
146 133 107
2506 2502 107
1879 1878 107
389 134 107
2560 2561 107
2894 2026 107
2024 2026 107
4367 4368 107
3057 2364 107
3356 3340 107
3614 3204 107
3145 3146 107
3094 3162 107
3164 3161 107
7544 7545 107
7206 7208 107
7182 7441 107
7442 7434 107
8732 8733 107
8826 8833 107
6411 6298 107
6348 6297 107
6402 6401 107
6308 6304 107
6333 6316 107
950 6325 107
6317 6365 107
6365 6418 107
6370 6320 107
5599 5483 107
6381 6507 107
6473 6348 107
6310 6352 107
6471 6472 107
6352 6351 107
6448 6364 107
6321 6319 107
6797 7019 107
6929 7031 107
6953 6813 107
1319 1318 107
1318 1315 107
6817 6818 107
8112 8070 107
8129 8111 107
144 138 107
2172 2145 107
1741 1745 107
1772 1767 107
146 1922 107
2282 2284 107
2084 2088 107
2269 2283 107
2610 2673 107
1247 1239 107
7330 7186 107
1166 1072 107
2567 2581 107
2419 2432 107
1828 1836 107
596 591 107
162 389 107
258 267 107
267 268 107
2375 2367 107
2350 2349 107
2301 2298 107
1508 1509 107
2963 2995 107
250 254 107
1843 1828 107
328 329 107
187 183 107
112 212 107
291 281 107
571 578 107
1424 1415 107
1415 1414 107
1483 1484 107
468 535 107
962 968 107
174 180 107
665 668 107
996 1000 107
1383 1355 107
1327 1317 107
1317 1311 107
146 1898 107
1686 1694 107
1686 1694 107
2743 2796 107
1137 1142 107
143 146 107
1672 336 107
1901 1935 107
1672 326 107
1146 1153 107
2998 2997 107
1960 1924 107
2808 2809 107
2772 2773 107
2776 2775 107
1919 1899 107
2153 2157 107
2035 2033 107
2041 2035 107
1922 146 107
2067 2066 107
2003 2004 107
2633 2634 107
2448 2418 107
2509 2507 107
8123 8073 107
6332 6303 107
6861 6842 107
111 357 107
1970 1969 107
111 357 107
2026 2024 107
995 960 107
1404 1440 107
1980 2024 107
2224 2215 107
6328 6303 107
7481 7568 107
6353 6354 107
8733 8768 108
8768 8733 108
8731 8925 108
10472 10876 108
2320 2340 108
841 823 108
139 141 108
849 840 108
720 725 108
441 444 108
741 743 108
1451 1452 108
1432 1452 108
722 726 108
138 144 108
2700 2799 108
894 863 108
863 869 108
818 813 108
908 905 108
763 761 108
917 919 108
223 218 108
1839 1825 108
1601 1599 108
326 330 108
124 121 108
1743 1742 108
2170 2171 108
2175 2174 108
1806 1808 108
1676 1872 108
1624 1632 108
1624 1641 108
1759 1769 108
1872 1676 108
1646 1653 108
1670 1671 108
543 525 108
552 550 108
425 426 108
605 601 108
1673 1705 108
582 583 108
682 685 108
575 569 108
691 703 108
593 558 108
534 533 108
480 474 108
603 608 108
2044 2028 108
1924 1909 108
1917 1926 108
2197 2198 108
236 232 108
2551 2550 108
2362 2358 108
2549 2550 108
2128 2129 108
2244 1981 108
3011 3036 108
3036 3029 108
2847 2846 108
2846 2845 108
2975 2972 108
2972 2975 108
2969 3012 108
2739 2731 108
2936 2790 108
2790 2936 108
1262 1263 108
1519 1515 108
1585 1554 108
1517 1521 108
1343 1347 108
1274 1280 108
1175 1169 108
1489 1488 108
1074 1072 108
1175 1169 108
978 980 108
2581 2567 108
2458 2469 108
1387 1430 108
2614 2640 108
2683 2728 108
2655 2651 108
2509 2518 108
175 177 108
2014 1986 108
1766 1756 108
1816 1820 108
241 248 108
1864 1873 108
1714 1724 108
1793 1792 108
477 478 108
520 518 108
653 662 108
2451 2431 108
114 146 108
258 1890 108
756 757 108
739 737 108
2257 2258 108
2258 2245 108
2088 2096 108
2084 2095 108
2377 2368 108
1559 1558 108
2968 2994 108
3047 2893 108
2913 2911 108
2911 2913 108
1291 1273 108
1303 1304 108
1225 1219 108
1195 1189 108
1098 1095 108
1115 1095 108
808 818 108
2299 2298 108
2224 2215 108
1444 1458 108
1400 1444 108
2926 2912 108
2698 2682 108
2644 2654 108
1112 1113 108
1506 1503 108
1106 1105 108
993 983 108
983 1002 108
992 997 108
717 716 108
329 328 108
1824 1849 108
106 117 108
717 396 108
256 264 108
977 392 108
650 651 108
642 641 108
564 563 108
666 665 108
489 490 108
261 255 108
302 306 108
306 307 108
1494 1499 108
352 427 108
534 533 108
455 454 108
391 392 108
1479 1485 108
174 173 108
420 421 108
389 162 108
418 415 108
1347 1360 108
1265 1226 108
1321 1320 108
1152 1157 108
967 963 108
1149 1145 108
961 1030 108
930 927 108
1618 1608 108
1680 1684 108
267 268 108
2250 2237 108
2471 2469 108
2668 2594 108
1329 1500 108
688 697 108
2674 2618 108
2084 2095 108
2863 2862 108
1175 1169 108
1348 1347 108
873 866 108
6505 6368 108
6368 6320 108
6507 6492 108
5545 5556 108
6303 6332 108
6332 6333 108
5492 5493 108
5576 5535 108
1982 1998 108
1911 1947 108
2535 2515 108
2618 2637 108
2421 2396 108
2056 2034 108
2455 2473 108
2480 2479 108
2203 2202 108
2766 2743 108
2976 2990 108
2831 2832 108
2736 2738 108
2952 2764 108
2889 2775 108
2002 1914 108
2151 2131 108
2122 2131 108
2009 1987 108
1988 1990 108
1985 191 108
2352 2344 108
2024 2440 108
2364 2369 108
2961 2944 108
2803 2806 108
2560 2600 108
2273 2271 108
2011 1971 108
2364 2357 108
2263 2234 108
2356 2355 108
1983 2239 108
1968 1960 108
2327 2331 108
2327 2380 108
2511 2533 108
2318 2409 108
2568 2416 108
2546 2545 108
1912 1989 108
449 441 108
1964 178 108
1892 1954 108
729 390 108
961 957 108
2045 2029 108
2611 2609 108
2453 2562 108
2030 2031 108
1211 1220 108
218 220 108
1251 1250 108
396 725 108
597 601 108
1471 1445 108
1545 1520 108
1623 229 108
741 742 108
741 734 108
1120 1121 108
188 209 108
857 905 108
997 995 108
255 1897 108
1897 255 108
2731 2732 108
1457 1210 108
2946 3020 108
961 742 108
742 961 108
413 403 108
2028 1881 108
413 389 108
2028 2027 108
2390 2026 108
1881 2028 108
6294 949 108
403 413 108
2364 2353 108
2027 2026 108
2084 2083 108
2083 2084 108
3061 3063 108
2945 2946 108
1971 1970 108
1970 1971 108
4368 4381 108
4381 4370 108
659 521 108
389 403 108
146 1878 108
6297 6507 108
3079 3311 108
3076 3075 108
3189 3188 108
3203 3202 108
3161 3162 108
3333 3623 108
7431 7494 108
7545 7546 108
7208 7207 108
8833 8834 108
8115 8116 108
6298 6337 108
6297 6337 108
5733 5732 108
6401 6400 108
6316 6448 108
6325 6373 108
6348 6297 108
6352 6351 108
6351 6350 108
6319 6310 108
7019 7055 108
1315 1328 108
8111 8110 108
138 132 108
2145 2149 108
2149 2134 108
218 223 108
1745 1744 108
1767 1770 108
486 504 108
472 479 108
2284 2277 108
2088 2096 108
2283 2285 108
1239 1249 108
1444 1446 108
1072 1074 108
1074 1073 108
979 966 108
2581 2582 108
2579 2561 108
1836 1844 108
1844 1845 108
591 561 108
389 388 108
143 139 108
268 298 108
2320 2324 108
2367 2382 108
2349 2323 108
3018 3017 108
2298 2299 108
1509 1500 108
2995 2992 108
1828 1826 108
329 1671 108
183 231 108
212 211 108
281 275 108
505 515 108
578 577 108
1414 1401 108
1484 1499 108
535 538 108
968 975 108
180 177 108
668 671 108
1000 1006 108
1355 1350 108
1317 1311 108
1311 1187 108
1694 1688 108
1694 1688 108
2796 2797 108
2797 2750 108
1142 1134 108
1160 1156 108
2719 2718 108
2718 2717 108
1901 1929 108
141 117 108
1935 1948 108
1153 1152 108
2997 1542 108
2231 2236 108
866 868 108
1924 1963 108
2809 2810 108
2192 2202 108
1978 1976 108
2773 2774 108
2775 2889 108
1975 2087 108
2035 2030 108
2066 2064 108
2802 2814 108
2004 2005 108
1972 1995 108
2634 2635 108
2418 2410 108
1972 1994 108
6303 6328 108
404 714 108
6842 7096 108
8142 8147 108
404 714 108
961 960 108
1457 1440 108
10863 10869 108
714 404 108
2215 2207 108
10391 10449 108
6303 6332 108
6332 6333 108
8897 9047 108
6507 6297 108
6507 6297 108
6354 6355 108
6355 5483 108
10876 10468 109
10476 10438 109
10491 10486 109
2263 2262 109
415 419 109
141 124 109
840 1123 109
725 727 109
444 445 109
743 962 109
1452 1432 109
1452 1451 109
726 728 109
995 1003 109
144 137 109
995 986 109
2799 2715 109
397 396 109
869 867 109
813 820 109
761 762 109
919 920 109
218 222 109
1825 1840 109
1599 2167 109
1794 1789 109
1789 1819 109
117 118 109
121 125 109
1742 1740 109
2171 2172 109
2174 2124 109
1808 1811 109
1750 1749 109
1872 1809 109
1809 1812 109
1632 1608 109
1641 1628 109
1769 1774 109
1676 1675 109
525 524 109
550 430 109
1705 1702 109
583 584 109
685 686 109
569 576 109
703 704 109
558 557 109
533 519 109
474 464 109
464 471 109
677 666 109
608 611 109
1926 1907 109
2198 2277 109
232 229 109
2550 2549 109
2550 2551 109
2129 2133 109
3029 3004 109
3013 3009 109
2845 2844 109
2972 2969 109
2975 2946 109
2731 2739 109
3012 3023 109
2790 2798 109
2900 2903 109
2936 2943 109
2900 2896 109
1263 1461 109
1042 1041 109
2928 2913 109
1515 1533 109
1554 1558 109
1347 1332 109
1280 1284 109
1284 1285 109
1169 1180 109
1488 1484 109
1175 1176 109
1095 1098 109
1072 1166 109
1169 1183 109
1183 1170 109
980 165 109
1175 1176 109
2567 2513 109
2560 2472 109
2559 2574 109
2469 2471 109
1387 1391 109
2728 2686 109
2651 2610 109
2526 2510 109
2518 2519 109
1986 1912 109
1756 1787 109
1820 1819 109
248 242 109
1873 1870 109
1724 1720 109
1792 1701 109
478 611 109
518 519 109
2431 2450 109
146 1922 109
757 750 109
737 721 109
2245 2241 109
2096 2099 109
2095 2113 109
2368 2382 109
2358 2363 109
1558 1554 109
2994 2946 109
2911 2914 109
2913 2918 109
1273 1293 109
1304 1306 109
1306 1307 109
1219 1069 109
1189 1196 109
1188 1172 109
1095 1115 109
1095 1098 109
818 811 109
2298 2301 109
1458 1457 109
1444 1458 109
2654 2653 109
1113 1096 109
1096 1114 109
1105 1070 109
221 219 109
1002 992 109
997 982 109
716 714 109
1849 1826 109
109 108 109
264 258 109
392 391 109
651 635 109
641 656 109
563 562 109
490 491 109
255 259 109
307 310 109
1499 1484 109
427 428 109
454 355 109
1003 998 109
1236 1465 109
1485 1462 109
1044 1040 109
1044 1128 109
173 172 109
421 431 109
415 410 109
1360 1350 109
1226 1221 109
1320 1316 109
1157 1161 109
963 965 109
1030 1029 109
927 926 109
1608 1621 109
1684 1690 109
268 298 109
2237 2249 109
2469 2457 109
2941 2942 109
2942 2913 109
2594 2603 109
384 346 109
1315 1311 109
697 701 109
701 702 109
2357 2364 109
2095 2102 109
2550 2373 109
2862 2857 109
2750 2766 109
1169 1188 109
1175 1062 109
1347 1346 109
6333 6315 109
5493 5494 109
5535 5534 109
1998 1999 109
2637 2636 109
2396 2448 109
2448 2418 109
2034 2057 109
2738 2813 109
2202 2192 109
2743 2817 109
2944 2940 109
2990 3001 109
2738 2739 109
2832 2853 109
2709 2685 109
2764 2733 109
2775 2776 109
1914 1899 109
2131 2122 109
2131 2151 109
1990 1987 109
191 195 109
2401 2395 109
2251 2252 109
2020 2234 109
2344 2343 109
2440 2400 109
2244 2021 109
2480 2497 109
2565 2600 109
2331 2316 109
2369 2366 109
2806 2477 109
2600 2565 109
2271 2274 109
1984 2005 109
1971 1987 109
2357 2311 109
1882 1902 109
2239 2233 109
1879 1931 109
2051 2039 109
2331 2320 109
1884 1928 109
2380 2379 109
2409 1995 109
2545 2533 109
156 157 109
2580 2579 109
1989 1893 109
317 316 109
280 2027 109
1969 1974 109
178 316 109
389 977 109
747 864 109
390 977 109
836 850 109
957 970 109
2468 2444 109
2612 2613 109
220 210 109
1886 1920 109
1425 1426 109
725 720 109
600 601 109
741 721 109
1445 1427 109
304 1425 109
230 229 109
1425 304 109
1901 1878 109
1599 1804 109
960 1014 109
1751 1776 109
1979 2084 109
6531 1344 109
1979 188 109
10432 10431 109
6531 6530 109
1878 1884 109
1878 1901 109
1078 1087 109
1622 1612 109
1078 5572 109
1622 2085 109
3054 1741 109
2816 2835 109
2835 2816 109
2911 1414 109
7184 7185 109
7184 7183 109
2610 2609 109
2560 2559 109
443 434 109
1878 1879 109
432 435 109
2391 2390 109
133 134 109
2502 2503 109
146 1878 109
2560 2391 109
134 133 109
2026 2024 109
2026 2894 109
2933 2911 109
2911 2933 109
4370 4369 109
6530 6529 109
2026 2391 109
10433 2289 109
4236 4503 109
3146 3147 109
3162 3161 109
3202 3201 109
3623 3334 109
7207 7222 109
7441 7433 109
7434 7433 109
7250 7259 109
6295 6316 109
6308 6304 109
6337 6298 109
5732 6444 109
6434 6435 109
6304 6468 109
6373 6327 109
6418 6324 109
6320 6302 109
6507 6350 109
6297 6337 109
6321 6319 109
6351 6350 109
6350 6507 109
6364 6365 109
7031 6907 109
6813 6550 109
6550 6812 109
1328 1301 109
6818 6532 109
8070 8113 109
8110 8109 109
132 158 109
2134 2150 109
223 219 109
1744 1740 109
1770 1773 109
504 496 109
496 497 109
570 574 109
479 612 109
1922 1909 109
2277 2198 109
2096 2122 109
2285 2281 109
2673 2666 109
1249 1242 109
7186 7199 109
1446 1441 109
1073 1070 109
966 958 109
2582 2661 109
2432 2388 109
2561 2597 109
1845 1846 109
1846 1829 109
561 558 109
139 140 109
1003 994 109
298 257 109
219 254 109
2324 2323 109
2382 2368 109
2323 2324 109
3017 3033 109
1044 1128 109
2299 2300 109
2992 2959 109
254 219 109
1826 1849 109
1671 1667 109
211 215 109
275 270 109
515 507 109
507 530 109
577 560 109
1401 1412 109
1499 1494 109
538 533 109
975 971 109
177 1965 109
671 672 109
1006 1221 109
1350 1360 109
1187 1184 109
1688 1690 109
1688 1690 109
7199 7186 109
2750 2782 109
1134 1141 109
1156 1126 109
2717 2700 109
1152 1070 109
1542 1540 109
2236 2276 109
868 872 109
872 881 109
1963 1878 109
2810 2804 109
2202 2203 109
1976 1975 109
2774 2744 109
2889 2888 109
2033 2027 109
1959 190 109
146 156 109
2064 2033 109
2814 2940 109
2005 1984 109
1995 2409 109
2635 2636 109
2037 1972 109
8073 8118 109
6505 6292 109
6328 6331 109
8139 8140 109
7096 6859 109
357 356 109
1969 188 109
8147 8137 109
357 356 109
960 995 109
1440 1404 109
2024 1980 109
1969 1970 109
10869 10862 109
960 961 109
1440 1457 109
357 111 109
2024 2026 109
6333 6315 109
7568 7569 109
5483 5599 109
8768 8789 110
8925 8933 110
10468 10908 110
10478 10429 110
2340 2341 110
419 397 110
1123 883 110
727 399 110
445 459 110
1432 1439 110
1451 1449 110
728 715 110
137 117 110
2715 2716 110
396 403 110
867 871 110
820 812 110
762 764 110
920 906 110
949 948 110
222 220 110
1816 1857 110
1840 1831 110
2167 2155 110
1819 1820 110
118 357 110
330 343 110
343 347 110
125 127 110
1740 1744 110
2172 2145 110
2124 2145 110
1811 1805 110
1749 1747 110
1812 1807 110
1608 1609 110
1628 1636 110
1774 1768 110
1768 1773 110
1653 1610 110
1671 1668 110
524 527 110
430 352 110
1702 1706 110
584 585 110
686 679 110
576 678 110
704 705 110
557 540 110
519 518 110
471 475 110
485 500 110
666 676 110
611 612 110
1909 1922 110
1907 1948 110
2277 2284 110
2549 2503 110
2358 2363 110
2363 2288 110
2551 2552 110
2133 2130 110
3004 3003 110
3009 3030 110
8068 8107 110
2844 2843 110
2969 3012 110
2739 2738 110
3023 3016 110
2731 2740 110
2798 2791 110
2903 2907 110
2943 2937 110
2937 2938 110
2896 292 110
1461 1469 110
1041 1059 110
2913 2911 110
1533 1526 110
1558 1559 110
1521 1495 110
1332 1342 110
1285 1279 110
1180 1172 110
1484 1483 110
1176 1163 110
1169 1182 110
1098 1173 110
1166 1165 110
1170 1181 110
165 166 110
1176 1163 110
2513 2529 110
2574 2587 110
2471 2454 110
1391 1392 110
2640 2671 110
2686 2621 110
2610 2676 110
2510 2555 110
2519 2520 110
177 1965 110
1912 1989 110
1787 1786 110
1819 1789 110
242 249 110
1870 1853 110
1720 1721 110
1701 1700 110
519 533 110
662 661 110
661 637 110
2450 2402 110
1890 1938 110
750 758 110
721 732 110
2115 2087 110
2241 2265 110
2113 2100 110
2382 2374 110
2363 2307 110
1554 1585 110
2914 2917 110
2918 2919 110
1293 1295 110
1307 1295 110
1069 1068 110
1196 1310 110
1172 1180 110
1115 1097 110
1098 1173 110
811 819 110
819 828 110
2301 2302 110
2302 2303 110
1458 1460 110
2682 2689 110
2653 2652 110
1114 1311 110
881 869 110
1070 1152 110
219 254 110
1978 1979 110
992 318 110
982 987 110
714 780 110
328 326 110
1826 1828 110
108 345 110
117 139 110
396 397 110
258 265 110
540 557 110
635 542 110
656 635 110
562 557 110
491 488 110
259 1966 110
310 1434 110
1484 1483 110
428 429 110
533 538 110
355 354 110
392 977 110
998 1212 110
1465 1466 110
1462 1461 110
1040 1037 110
1128 1132 110
172 979 110
431 422 110
1350 1355 110
1316 1314 110
1161 1159 110
965 964 110
1145 1148 110
1029 1028 110
926 925 110
1621 251 110
251 246 110
298 257 110
2249 2248 110
2457 2461 110
2913 2927 110
2603 2606 110
384 389 110
1500 1503 110
702 691 110
2618 2614 110
2102 2101 110
1346 1357 110
6492 6427 110
5556 5534 110
6315 6367 110
5494 5557 110
5534 5557 110
1999 2000 110
1947 1878 110
2515 2556 110
2636 2635 110
2418 2410 110
2057 2433 110
2082 2078 110
2473 2464 110
2479 2453 110
2813 2812 110
2817 2820 110
2940 2802 110
3001 2967 110
2738 2813 110
2853 2854 110
2738 2739 110
2746 2767 110
2733 2742 110
2754 2742 110
2776 2777 110
2151 2150 110
1987 1990 110
1987 2009 110
2395 2398 110
2252 2239 110
2343 2347 110
2041 2065 110
2497 2501 110
2600 2560 110
2944 2940 110
2477 2481 110
2565 2577 110
2274 2275 110
2005 2004 110
2311 2328 110
2234 2233 110
2233 2234 110
1931 1902 110
1960 1959 110
2039 2050 110
1928 1879 110
2379 2357 110
2533 2535 110
1995 1972 110
2416 2415 110
2579 2561 110
1893 1899 110
1959 190 110
316 172 110
441 426 110
1954 1893 110
864 880 110
970 969 110
2029 1894 110
2617 2622 110
2613 2614 110
2031 2024 110
1220 1250 110
210 1920 110
1250 1220 110
1920 210 110
720 721 110
601 600 110
601 597 110
721 720 110
1520 1521 110
229 230 110
229 1623 110
742 1027 110
734 729 110
1121 1036 110
3059 3058 110
209 190 110
997 255 110
995 996 110
1897 1901 110
255 997 110
1457 1440 110
742 748 110
961 960 110
2933 2945 110
2934 2933 110
403 404 110
1881 1880 110
389 134 110
2027 2026 110
8730 8731 110
905 949 110
2028 2027 110
413 389 110
1878 146 110
2026 2390 110
2083 2277 110
2881 2946 110
2084 1979 110
2946 2881 110
1970 1969 110
1971 1972 110
4369 4377 110
145 1897 110
188 3057 110
521 356 110
3311 3310 110
3075 3109 110
3204 3205 110
3188 3187 110
3161 3164 110
3201 3200 110
3162 3094 110
3334 3335 110
7494 7495 110
7546 7580 110
7222 7223 110
7433 7436 110
7433 7441 110
7259 7258 110
8733 8732 110
6316 6507 110
8834 8824 110
8116 8117 110
6337 6322 110
6444 6464 110
6464 6436 110
6468 6311 110
6448 6315 110
6327 6326 110
6324 6448 110
6302 6329 110
6434 6435 110
6319 6310 110
6350 6507 110
6365 6317 110
6310 6352 110
7055 6912 110
1301 1300 110
8109 2841 110
158 161 110
822 823 110
219 245 110
1773 1768 110
497 498 110
498 499 110
574 571 110
612 611 110
1909 1925 110
2198 2197 110
2122 2130 110
2281 2280 110
2666 2675 110
1242 1243 110
1441 1442 110
1070 1071 110
958 964 110
2661 2611 110
2388 2026 110
2597 2598 110
2598 2599 110
1829 1847 110
388 387 110
140 137 110
994 1203 110
257 262 110
2323 2349 110
2368 2377 110
3033 3014 110
2731 2739 110
1128 1154 110
2300 2305 110
1500 1501 110
2959 1555 110
1849 1824 110
1667 1670 110
231 230 110
215 213 110
270 266 110
530 531 110
560 558 110
558 557 110
1412 1404 110
1494 1496 110
971 976 110
1965 1943 110
672 671 110
1221 1226 110
1311 1314 110
1045 1060 110
1184 1186 110
2782 2749 110
1141 1145 110
1126 1130 110
2700 2779 110
1929 1930 110
336 357 110
117 357 110
1948 1922 110
1905 1958 110
1540 1539 110
2731 2739 110
881 892 110
2804 2811 110
2203 2199 110
1975 2087 110
2744 2745 110
2888 2882 110
1899 1914 110
2087 2106 110
2030 2054 110
2940 2944 110
2409 2318 110
2636 2637 110
2410 2447 110
1994 2411 110
8118 8117 110
6331 6330 110
714 736 110
8140 8136 110
8137 8136 110
714 736 110
10862 10861 110
10921 10922 110
961 742 110
1457 1210 110
404 406 110
2207 2225 110
10449 10494 110
815 808 110
808 816 110
6315 6367 110
8126 8127 110
7569 7572 110
5599 6394 110
8789 8788 111
10908 10907 111
10429 10471 111
10486 10471 111
2341 2262 111
2262 2235 111
397 396 111
883 1122 111
399 397 111
459 451 111
962 963 111
1439 1426 111
1449 1447 111
715 714 111
1003 998 111
117 118 111
986 991 111
2716 2627 111
2627 2628 111
403 407 111
871 870 111
812 821 111
764 784 111
906 909 111
948 910 111
220 212 111
1857 1863 111
1831 1818 111
2155 2154 111
1820 1816 111
357 342 111
347 334 111
127 122 111
1744 1745 111
2145 2124 111
2124 2174 111
2145 2172 111
2172 2171 111
1805 1853 111
1807 1695 111
1609 1617 111
1636 1637 111
1773 1770 111
1610 247 111
527 522 111
1706 1707 111
1673 1677 111
585 679 111
679 585 111
678 689 111
705 696 111
518 520 111
500 483 111
676 669 111
612 479 111
1210 1218 111
1922 146 111
1948 1922 111
2284 2282 111
2288 2287 111
2552 2371 111
2130 2122 111
2122 2096 111
1981 2006 111
2280 2281 111
3003 3024 111
3030 3034 111
8107 8108 111
2843 2837 111
3012 3022 111
3016 3015 111
2791 2792 111
2907 2904 111
2938 2939 111
292 295 111
295 290 111
2961 2987 111
1469 1463 111
1059 1046 111
2911 2914 111
1526 1539 111
1559 1553 111
1495 1530 111
1554 1587 111
1342 1331 111
1279 1287 111
1172 1168 111
1483 1478 111
1163 1066 111
1182 1173 111
1173 1182 111
1165 1167 111
1181 1171 111
166 161 111
1163 1066 111
2529 2514 111
2472 2459 111
2454 2473 111
2671 2631 111
2621 2639 111
2555 2525 111
2520 2521 111
1965 1887 111
1989 1905 111
1786 1779 111
249 221 111
1853 1868 111
1721 1713 111
1700 1699 111
1699 1692 111
611 610 111
533 534 111
637 638 111
2402 2432 111
1922 1909 111
1938 1916 111
758 767 111
732 731 111
2087 2105 111
2099 2117 111
2100 2090 111
2374 2376 111
2376 2375 111
1585 1584 111
2917 2916 111
2919 2920 111
1295 1307 111
1307 1306 111
1295 1293 111
864 1034 111
1068 1067 111
1067 1065 111
1310 1309 111
1180 1169 111
1097 1107 111
1173 1182 111
828 832 111
2910 2059 111
2303 2304 111
1554 1585 111
1460 1457 111
2689 2687 111
2687 2681 111
2652 2655 111
1311 1314 111
1503 1497 111
1152 1153 111
1979 207 111
318 314 111
987 979 111
780 791 111
326 356 111
1828 1843 111
345 348 111
397 400 111
265 266 111
391 395 111
557 562 111
542 662 111
557 540 111
488 483 111
1966 1898 111
1434 1428 111
1483 1462 111
429 351 111
354 351 111
1212 1211 111
1466 1461 111
1461 1468 111
1037 1026 111
1132 1124 111
1124 1127 111
979 966 111
422 443 111
410 407 111
1355 1383 111
1221 1006 111
1314 1311 111
1159 1155 111
964 958 111
1148 1090 111
925 928 111
246 243 111
1690 1688 111
257 314 111
2248 2236 111
2461 2474 111
2927 2915 111
2915 2926 111
1311 1113 111
1827 1841 111
691 694 111
2364 2373 111
2101 2089 111
2766 2787 111
1357 1345 111
5534 5535 111
6367 6366 111
5557 5534 111
5557 5494 111
2000 1977 111
2556 2537 111
2635 2634 111
2078 2074 111
2464 2453 111
2812 2811 111
2192 2194 111
2813 2812 111
2819 2826 111
2739 2765 111
2854 2837 111
2685 2730 111
2767 2731 111
2754 2742 111
2777 2778 111
1899 1879 111
2119 2143 111
2122 2096 111
2150 2134 111
1911 1947 111
1990 1988 111
195 200 111
2347 2234 111
2400 2398 111
2370 2366 111
2501 2477 111
2560 2455 111
2366 2370 111
2940 2802 111
2577 2568 111
2275 1981 111
2004 2003 111
1987 2015 111
2328 2261 111
1902 1931 111
1959 1922 111
2050 1912 111
2320 2315 111
2535 2515 111
2415 2414 111
2561 2578 111
1899 1913 111
2533 2545 111
395 391 111
1974 1973 111
316 979 111
977 978 111
850 879 111
1894 1955 111
2609 2563 111
2444 2392 111
2562 2563 111
2024 2392 111
1901 153 111
1250 1251 111
1646 1666 111
1220 1211 111
210 220 111
1426 1427 111
1427 1426 111
1521 1480 111
1425 1451 111
230 188 111
304 271 111
1027 1026 111
729 391 111
1014 1047 111
905 949 111
10432 10430 111
188 209 111
1884 190 111
1901 1897 111
1087 1095 111
2085 1979 111
2732 2476 111
2609 2559 111
434 404 111
1879 1880 111
435 553 111
2390 2026 111
2505 2504 111
2026 2027 111
134 389 111
2503 2504 111
2391 2390 111
133 146 111
2561 2365 111
2024 1980 111
3063 3064 111
4377 460 111
1878 1880 111
3109 3078 111
3205 3228 111
3187 3196 111
3147 3634 111
3164 3167 111
3200 3430 111
3094 3093 111
3335 3330 111
7495 7496 111
7436 7430 111
7441 7182 111
7258 7249 111
6507 6316 111
8117 8118 111
8824 8834 111
6322 6344 111
6304 6349 111
6298 6411 111
6436 6435 111
6435 6436 111
6311 6360 111
6472 6404 111
6326 6301 111
6329 6301 111
6350 6351 111
6337 6322 111
6441 6440 111
6352 6351 111
6912 6911 111
6812 6811 111
8113 8114 111
161 166 111
823 838 111
1709 617 111
1740 1742 111
1742 1743 111
1768 1774 111
499 509 111
611 608 111
1925 1924 111
229 232 111
2197 2206 111
2130 2133 111
2961 2966 111
2675 2668 111
1243 1241 111
1442 1407 111
1071 1075 111
964 965 111
2599 2604 111
1847 1831 111
558 557 111
387 384 111
137 368 111
1203 1202 111
254 250 111
2349 2350 111
2324 2320 111
2739 2789 111
1154 1162 111
1414 1410 111
2305 2289 111
2207 2219 111
1501 1502 111
1502 1329 111
1555 1566 111
219 221 111
1824 1831 111
230 213 111
213 230 111
266 265 111
531 523 111
1404 1413 111
1496 1498 111
1498 1503 111
533 534 111
976 980 111
1943 1940 111
671 668 111
1360 1347 111
1314 1316 111
1060 1053 111
1186 1185 111
7186 7330 111
2749 2752 111
1145 1148 111
1130 1121 111
146 1922 111
1922 146 111
1958 1931 111
326 356 111
1070 1095 111
2276 2268 111
2739 2787 111
892 891 111
1878 1946 111
2811 2812 111
2199 2201 111
2879 2868 111
2106 2084 111
190 200 111
156 157 111
2944 2961 111
1984 2007 111
2318 2336 111
2637 2618 111
1972 1995 111
2447 2411 111
2411 2447 111
6368 6369 111
6330 6292 111
8136 8134 111
6859 6858 111
356 455 111
356 455 111
995 1210 111
1404 2894 111
1980 1972 111
1970 1971 111
10861 10859 111
10922 10899 111
111 220 111
406 455 111
10494 10488 111
816 807 111
6367 6366 111
6297 6298 111
6297 6298 111
7572 7571 111
6394 6393 111
6502 5491 112
8788 8792 112
8933 8850 112
8936 8935 112
10907 10482 112
2235 2341 112
823 808 112
1122 888 112
888 887 112
397 419 112
451 456 112
1426 1385 112
1447 1448 112
998 1007 112
1007 1008 112
118 357 112
991 990 112
2628 2615 112
1672 1668 112
407 373 112
870 770 112
770 768 112
821 1135 112
910 909 112
212 210 112
1863 1854 112
1818 1857 112
2154 2162 112
2162 2173 112
1816 1818 112
146 114 112
342 335 112
622 623 112
334 341 112
341 340 112
122 119 112
1745 1741 112
2174 2175 112
2171 2170 112
1853 1868 112
1695 1686 112
1617 1610 112
1637 1627 112
1770 1767 112
1675 1660 112
247 244 112
1668 1672 112
522 510 112
1707 1703 112
1677 1674 112
484 493 112
679 686 112
585 584 112
696 706 112
706 707 112
520 463 112
475 470 112
483 501 112
479 472 112
1218 1211 112
1211 1212 112
2028 2044 112
2044 2043 112
1922 146 112
2282 2280 112
2207 2219 112
2503 2534 112
2605 2593 112
2287 2281 112
2371 2372 112
2096 2088 112
2006 1970 112
2281 2286 112
3024 3006 112
8108 8119 112
2837 2835 112
3022 1567 112
2738 2754 112
3015 3014 112
2740 2761 112
2761 2741 112
2792 2733 112
2904 2932 112
2939 2944 112
290 280 112
1463 1474 112
1046 1049 112
2914 2917 112
1539 1522 112
1553 1560 112
1530 1531 112
1587 1586 112
1331 1341 112
1341 1340 112
1287 1281 112
1168 1299 112
1478 1477 112
1066 1065 112
1182 1169 112
1167 1058 112
1171 1296 112
1296 1299 112
161 158 112
1066 1065 112
2459 2456 112
2587 2589 112
2473 2455 112
1392 1393 112
2631 2622 112
2639 2630 112
2676 2611 112
2525 2504 112
2357 2364 112
2521 2524 112
1887 1949 112
1779 1778 112
1789 1791 112
221 217 112
1868 1818 112
1713 1715 112
1692 1698 112
610 609 112
638 652 112
1916 1952 112
767 765 112
731 730 112
2265 2233 112
2117 2085 112
2090 2111 112
2307 2309 112
1584 1579 112
2916 2983 112
2920 2895 112
1306 1303 112
1293 1273 112
1034 1033 112
1065 1062 112
1169 1175 112
1107 1108 112
1182 1169 112
832 826 112
1585 1584 112
1584 1579 112
2681 2703 112
2655 2651 112
1314 1315 112
869 885 112
1497 1495 112
1153 1147 112
254 250 112
207 231 112
314 324 112
1843 1842 112
348 356 112
139 141 112
266 270 112
395 400 112
562 563 112
662 661 112
661 634 112
635 651 112
483 492 112
492 487 112
1898 146 112
1428 1429 112
1462 1463 112
351 354 112
538 535 112
351 429 112
977 980 112
1211 1215 112
1461 1462 112
1468 1466 112
1127 1125 112
966 958 112
443 446 112
407 405 112
1006 1000 112
1311 1317 112
1155 1162 112
958 966 112
1090 1083 112
1028 1026 112
928 932 112
243 245 112
2236 2231 112
2474 2453 112
2926 2932 112
1503 1521 112
1113 1095 112
1841 1835 112
694 708 112
2614 2642 112
2787 2731 112
1188 1190 112
1345 1354 112
6320 6302 112
6427 6428 112
5535 5576 112
6366 6507 112
5534 5535 112
5494 5493 112
2634 2633 112
2410 2398 112
2433 2388 112
2478 2482 112
2074 2075 112
2453 2479 112
2453 2464 112
2811 2804 112
2820 2821 112
2802 2807 112
2812 2811 112
2826 2825 112
2739 2731 112
2731 2739 112
2742 2737 112
2778 2742 112
2143 2124 112
2096 2088 112
2134 2149 112
1947 1878 112
2009 1984 112
200 190 112
2398 2400 112
2239 2233 112
2234 2233 112
2065 2067 112
2021 1982 112
2366 2369 112
2455 2473 112
2316 2313 112
2481 2496 112
2003 1989 112
2261 2242 112
2233 2239 112
2234 2263 112
1902 1882 112
2355 2356 112
1879 1931 112
2357 2361 112
1972 2037 112
2533 2532 112
2578 2607 112
190 1923 112
172 978 112
391 977 112
1893 1973 112
977 978 112
880 881 112
969 978 112
2622 2614 112
2614 2622 112
1955 1894 112
153 146 112
1251 1270 112
1920 1886 112
1666 1645 112
1211 1210 112
220 218 112
1427 1445 112
721 741 112
600 625 112
597 539 112
720 725 112
1426 1425 112
1451 1450 112
1623 1624 112
1026 1037 112
229 228 112
391 389 112
1878 1884 112
1036 1047 112
1804 1788 112
1776 1788 112
3057 3058 112
2084 2083 112
209 190 112
10431 2207 112
1901 1878 112
1612 1867 112
1741 1742 112
2026 2388 112
1210 995 112
1440 1414 112
3020 3037 112
748 736 112
7185 2881 112
960 995 112
2945 2946 112
404 434 112
2559 2609 112
134 133 112
389 134 112
1878 1879 112
146 133 112
2390 2391 112
2894 2912 112
1969 1979 112
2911 2912 112
403 949 112
6529 6528 112
6507 949 112
7182 2028 112
3310 3309 112
3078 1779 112
3228 3518 112
3196 3186 112
3167 3168 112
3093 3095 112
7496 7465 112
7580 7205 112
7223 7583 112
7430 7445 112
7249 7246 112
8118 8073 112
8834 8833 112
6411 6412 112
6435 6434 112
6436 6464 112
6360 6312 112
6301 6329 112
6329 6302 112
6301 6326 112
6435 6436 112
6351 6352 112
6310 6352 112
6507 6381 112
6440 6442 112
6351 6350 112
6532 6819 112
8114 8071 112
166 165 112
838 844 112
245 243 112
617 624 112
1743 1682 112
1774 1769 112
509 506 112
571 670 112
567 572 112
608 603 112
1924 1927 112
232 236 112
2206 2142 112
2133 2129 112
2668 2669 112
1241 1222 112
1407 1404 112
1075 1084 112
965 963 112
2611 2676 112
2026 2059 112
2604 2560 112
1831 1818 112
557 540 112
384 367 112
368 369 112
1202 1209 112
262 297 112
162 389 112
2350 2348 112
2377 2378 112
2320 2331 112
3014 3013 112
2748 2781 112
1162 1155 112
1410 1409 112
1329 1334 112
1566 1565 112
1831 1818 112
1670 1669 112
213 215 112
230 231 112
265 258 112
523 534 112
557 540 112
1413 1394 112
1503 1514 112
980 977 112
1940 1939 112
859 860 112
668 665 112
1226 1265 112
1347 1332 112
1316 1320 112
1053 1062 112
1185 1179 112
2752 2734 112
1148 1090 112
1121 1129 112
2779 2780 112
2780 2740 112
1930 1931 112
357 336 112
1931 1930 112
1539 1543 112
2787 2766 112
891 882 112
1946 1911 112
2812 2813 112
2087 2106 112
2882 2890 112
2868 2872 112
1914 2002 112
2007 1970 112
2618 2614 112
1995 2409 112
2411 1994 112
2447 2410 112
8117 8116 112
6292 6330 112
6320 6388 112
736 748 112
8134 8164 112
188 220 112
8136 8131 112
736 748 112
10899 10900 112
742 748 112
2026 2894 112
2225 2223 112
10488 10496 112
807 806 112
806 805 112
6366 6507 112
8127 8128 112
7571 7240 112
6393 6392 112
8935 8939 113
10471 10489 113
10471 10429 113
2262 2263 113
2341 2317 113
396 725 113
808 816 113
887 886 113
419 415 113
456 440 113
963 965 113
1448 1232 113
714 780 113
1008 1001 113
357 342 113
990 985 113
2615 2629 113
1668 328 113
768 767 113
1135 1140 113
1140 1134 113
798 802 113
909 910 113
909 906 113
210 1908 113
1854 1861 113
1857 1816 113
1816 1820 113
2173 2163 113
1818 1831 113
335 337 113
623 614 113
340 344 113
1741 1746 113
2175 2176 113
2170 2201 113
1868 1818 113
1610 1653 113
1627 1638 113
1638 184 113
1767 1772 113
1660 1659 113
1659 1658 113
244 1613 113
510 511 113
352 425 113
1703 1708 113
1674 1687 113
493 494 113
686 685 113
584 583 113
689 690 113
707 690 113
463 469 113
470 465 113
501 502 113
669 663 113
472 473 113
1212 1217 113
2043 2042 113
2280 2279 113
2219 2221 113
2534 2533 113
2281 2282 113
2372 2373 113
2286 2283 113
3006 3008 113
3008 3021 113
3034 3032 113
8119 2835 113
1567 1580 113
3014 3013 113
3013 7334 113
2741 2762 113
2733 2742 113
2932 2926 113
280 289 113
2987 2988 113
1474 1470 113
1049 1022 113
2917 2916 113
1522 1546 113
1560 1546 113
1531 1510 113
1586 1580 113
1340 1339 113
1281 1288 113
1299 1294 113
1477 1476 113
1476 1475 113
1173 1098 113
1058 1054 113
1065 1063 113
2514 2543 113
2456 2589 113
2589 2459 113
2455 2475 113
2475 2456 113
1393 2899 113
2630 2622 113
2611 2660 113
2504 2524 113
2524 2504 113
1949 1929 113
1905 1958 113
1778 1785 113
1785 1784 113
1791 1777 113
217 224 113
1818 1831 113
1715 1722 113
1698 1686 113
609 607 113
607 601 113
534 540 113
2028 2032 113
2432 2388 113
1952 1961 113
765 766 113
730 401 113
2105 2104 113
2233 2253 113
2085 187 113
2111 2112 113
2309 10426 113
1579 1583 113
2983 2982 113
2895 2901 113
1303 1282 113
1273 1292 113
1033 1035 113
1062 1053 113
1175 1176 113
1108 1099 113
1169 1183 113
826 833 113
1145 1139 113
1579 1583 113
1457 1453 113
2703 2686 113
2651 2610 113
1315 1328 113
885 893 113
1495 1521 113
1147 1156 113
979 978 113
791 785 113
1842 1835 113
356 360 113
141 126 113
400 395 113
270 275 113
563 564 113
651 650 113
650 633 113
487 486 113
1429 1387 113
1463 1467 113
354 355 113
535 468 113
162 389 113
429 428 113
428 427 113
980 976 113
1466 1465 113
1026 1028 113
1125 1122 113
958 964 113
446 451 113
405 408 113
1000 996 113
996 1017 113
1317 1327 113
1162 1154 113
966 979 113
1083 1079 113
1079 1089 113
1026 1037 113
932 943 113
245 219 113
2231 2241 113
2932 2895 113
389 162 113
346 360 113
1835 1842 113
708 709 113
709 710 113
2373 2550 113
2089 2268 113
2373 2364 113
1190 1191 113
1062 1045 113
1354 1324 113
6302 6329 113
5576 5536 113
5535 5576 113
5493 5492 113
1977 1974 113
1878 1963 113
2537 2536 113
2633 2508 113
2398 2400 113
2388 2434 113
2482 2483 113
2075 2436 113
2464 2473 113
2804 2810 113
2194 2195 113
2821 2822 113
2811 2804 113
2825 2818 113
2765 2766 113
2742 2733 113
2767 2731 113
2742 2737 113
1879 1928 113
2124 2149 113
2149 2124 113
1988 2017 113
1984 2008 113
190 1959 113
2233 2234 113
2067 2034 113
2398 2395 113
1982 1975 113
2369 2364 113
2477 2806 113
2313 2568 113
2802 2803 113
1981 2006 113
1989 1904 113
2015 1986 113
2242 2262 113
1931 1879 113
2239 1983 113
2263 2262 113
1922 146 113
1912 1882 113
2315 2339 113
2356 2361 113
1931 1902 113
2361 2356 113
2515 2556 113
2414 2413 113
1913 1923 113
1923 1913 113
2545 2546 113
977 978 113
1973 1893 113
979 978 113
1973 1974 113
978 979 113
881 863 113
879 863 113
2563 2562 113
2392 2024 113
2622 2617 113
2563 2609 113
2392 2444 113
1886 1896 113
741 970 113
625 614 113
539 540 113
725 396 113
1425 305 113
1480 1479 113
188 189 113
1624 1611 113
271 270 113
1457 1450 113
228 218 113
389 391 113
389 132 113
1884 190 113
1047 1036 113
190 1884 113
10430 10429 113
255 1897 113
1344 1345 113
996 1219 113
190 209 113
1095 1175 113
1979 188 113
997 995 113
8058 2836 113
7183 7182 113
2559 2560 113
1880 1879 113
404 403 113
1880 1881 113
2026 2027 113
2026 2390 113
2504 2503 113
2027 2028 113
389 413 113
2504 2505 113
2027 2026 113
949 905 113
2390 2026 113
403 413 113
1980 1972 113
2277 3065 113
2933 2945 113
1972 1980 113
4235 4323 113
6507 6297 113
1897 995 113
3518 3089 113
3186 3185 113
3634 3337 113
3430 3056 113
3330 3337 113
7205 7214 113
7214 7208 113
7246 7248 113
8073 8123 113
6344 6297 113
6349 6307 113
6499 6488 113
6412 6413 113
6464 6444 113
6315 6448 113
6302 6425 113
6448 6363 113
6436 6464 113
6352 6310 113
6322 6347 113
6352 6351 113
6507 6381 113
6381 6308 113
6442 6419 113
6321 6319 113
6350 6507 113
6911 6574 113
6907 6909 113
6811 6575 113
6911 6574 113
165 980 113
784 783 113
844 845 113
243 246 113
624 615 113
1682 1681 113
1769 1759 113
1759 1760 113
506 505 113
670 675 113
572 595 113
603 606 113
1927 1899 113
236 1626 113
2129 2128 113
2966 2960 113
2669 2670 113
1222 1004 113
1404 1413 113
1210 1218 113
1084 1087 113
963 967 113
2676 2623 113
2557 2515 113
1818 1857 113
367 366 113
369 381 113
1457 1456 113
1209 1208 113
297 299 113
389 391 113
250 229 113
2348 2351 113
2378 2353 113
3013 7334 113
7334 7330 113
2789 2786 113
2781 2749 113
1155 1158 113
1409 1416 113
2219 2218 113
1334 1302 113
1302 1300 113
1565 1564 113
221 239 113
1818 1857 113
1669 1646 113
215 211 113
231 183 113
258 264 113
534 540 113
1394 1397 113
146 1898 113
1514 1513 113
534 540 113
977 392 113
1939 1890 113
860 815 113
665 666 113
666 676 113
1265 1268 113
1332 1330 113
1320 1321 113
1062 1064 113
1179 1178 113
1898 177 113
2734 2735 113
1090 1082 113
1129 1154 113
2740 2731 113
1922 1948 113
357 117 113
146 141 113
356 346 113
1543 1521 113
2268 2089 113
2766 2750 113
882 1038 113
2231 2241 113
2813 2738 113
2106 2084 113
2890 2887 113
2872 2873 113
2002 1974 113
2084 2088 113
200 195 113
2054 2053 113
1970 2006 113
2336 2337 113
2614 2642 113
2409 2318 113
2507 2509 113
1994 1972 113
2410 2418 113
8116 8115 113
6330 6331 113
6448 6324 113
6369 6320 113
6292 6504 113
8164 8143 113
3181 3180 113
6858 6859 113
1972 1971 113
1971 1972 113
10859 10853 113
10900 10901 113
455 356 113
10496 10474 113
805 804 113
804 802 113
8128 8130 113
7240 7237 113
6392 6479 113
8792 8793 114
8738 8943 114
8939 8938 114
10482 10792 114
2357 2364 114
2263 2240 114
2317 2320 114
124 141 114
816 817 114
886 882 114
440 786 114
965 964 114
1385 1389 114
1232 1231 114
780 786 114
1001 1010 114
342 335 114
985 964 114
2629 2677 114
373 372 114
162 389 114
767 765 114
1134 1141 114
905 907 114
802 804 114
910 948 114
1908 1921 114
1861 1602 114
1820 1819 114
2163 2164 114
1831 1840 114
1840 1825 114
114 128 114
128 129 114
337 336 114
614 616 114
344 339 114
119 130 114
1746 1729 114
2176 2177 114
1686 1694 114
1653 1646 114
184 237 114
1772 1771 114
1658 1647 114
1647 1657 114
1613 251 114
511 505 114
1708 1711 114
494 495 114
685 682 114
682 687 114
583 582 114
690 707 114
690 689 114
469 465 114
465 469 114
502 482 114
482 513 114
663 673 114
1217 1199 114
2042 2029 114
2279 2278 114
2221 2222 114
2533 2532 114
2593 2566 114
2282 2284 114
2088 2084 114
2283 2269 114
3021 3020 114
3032 3031 114
1580 1586 114
2893 3047 114
2754 2742 114
7334 7330 114
2762 2763 114
2742 2737 114
2926 2915 114
2944 2941 114
2748 2781 114
289 282 114
282 285 114
2988 2921 114
1470 1482 114
1022 1017 114
2916 2983 114
1546 1560 114
1546 1522 114
1510 1511 114
1580 1575 114
1339 1338 114
1288 1289 114
1294 1297 114
1475 1271 114
1065 1062 114
1098 1095 114
1169 1183 114
1054 1056 114
158 151 114
1063 1025 114
1025 1017 114
2543 2542 114
2589 2602 114
2459 2472 114
2456 2459 114
2899 2906 114
2622 2630 114
2622 2631 114
2660 2612 114
2524 2521 114
2364 2369 114
2504 2525 114
1784 1777 114
1777 1784 114
224 218 114
1831 1847 114
1722 1723 114
1686 1694 114
652 517 114
2032 2036 114
2388 2433 114
766 764 114
764 784 114
2104 2100 114
2253 2246 114
187 183 114
2112 2275 114
2358 2362 114
2261 2242 114
1583 1582 114
2982 2981 114
2901 2902 114
1282 1308 114
1292 1276 114
1035 1037 114
1053 1060 114
1176 1163 114
1099 1109 114
1109 1100 114
1183 1174 114
833 824 114
1139 1138 114
2498 2485 114
2059 2060 114
1583 1582 114
2686 2620 114
1328 1301 114
893 1122 114
1521 1517 114
1156 1131 114
250 229 114
231 232 114
978 980 114
785 790 114
356 365 114
1835 2157 114
360 356 114
395 391 114
275 281 114
400 397 114
564 559 114
633 566 114
1387 1388 114
1467 1464 114
355 454 114
468 462 114
389 388 114
427 352 114
1215 1214 114
1462 1485 114
1465 1236 114
1028 1029 114
1122 883 114
883 1123 114
964 965 114
408 406 114
1154 1044 114
979 172 114
1089 1093 114
1037 1040 114
943 942 114
314 322 114
322 315 114
2241 2265 114
2895 2901 114
2901 2902 114
1842 1843 114
2857 2862 114
2731 2784 114
1191 1192 114
1192 1193 114
1324 1313 114
6329 6301 114
5534 5556 114
5536 5537 114
5576 5536 114
1974 2002 114
2536 2568 114
2508 2633 114
2483 2484 114
2436 2400 114
2479 2480 114
2473 2455 114
2810 2809 114
2195 2196 114
2822 2816 114
2807 2808 114
2804 2810 114
2766 2743 114
2837 2854 114
2731 2740 114
2737 2736 114
2742 2778 114
2731 2739 114
2088 2084 114
2017 2081 114
2008 1974 114
2400 2440 114
2233 2239 114
2034 2076 114
2364 2357 114
2806 2803 114
2473 2464 114
2568 2577 114
2496 2480 114
2568 2313 114
2006 1970 114
1986 1912 114
2262 2235 114
1882 1912 114
2361 2357 114
2356 2355 114
2556 2537 114
2620 2621 114
2037 2051 114
2413 2335 114
2532 2531 114
2607 2420 114
1923 190 114
1913 1899 114
2546 2547 114
978 977 114
1893 1954 114
978 977 114
2614 2613 114
2024 2031 114
2444 2468 114
1894 2029 114
1896 1878 114
1645 1673 114
1210 1197 114
1445 1471 114
970 959 114
396 412 114
1479 1470 114
1450 1457 114
189 195 114
1037 1043 114
218 217 114
1047 1014 114
1788 1776 114
3058 3057 114
1788 1804 114
3058 3059 114
2083 2277 114
2207 2289 114
1878 1884 114
1867 1855 114
1742 1685 114
2476 2389 114
2835 2836 114
2388 2389 114
2816 2815 114
1414 2911 114
3037 7186 114
1414 1440 114
736 714 114
995 1210 114
2933 2911 114
434 443 114
1879 1878 114
553 521 114
133 146 114
8731 8730 114
949 6294 114
134 133 114
1879 1880 114
2391 2560 114
146 1878 114
2946 2945 114
1979 1969 114
3064 3065 114
2912 2911 114
7186 3037 114
2912 2894 114
2933 2026 114
2391 2026 114
2391 2364 114
3309 3307 114
3168 3069 114
7465 7464 114
7208 7207 114
7332 7333 114
7583 7584 114
7445 7342 114
7248 7247 114
8833 8826 114
6297 6348 114
6307 6473 114
6488 6412 114
6413 6488 114
6444 5732 114
6312 6434 114
6404 6403 114
6425 6320 114
6363 6506 114
6326 6327 114
6464 6444 114
6310 6336 114
6351 6350 114
6381 6308 114
6419 6420 114
6319 6310 114
6574 6573 114
6574 6573 114
6819 6953 114
980 978 114
783 764 114
845 846 114
950 956 114
615 632 114
1760 1761 114
675 664 114
595 592 114
606 604 114
1626 1634 114
2142 2137 114
2128 2127 114
2670 2626 114
1004 1005 114
1413 1394 114
1218 1211 114
1087 1081 114
967 961 114
141 124 114
2623 2609 114
2557 2515 114
2059 2910 114
2560 2472 114
2515 2538 114
1857 1868 114
601 613 114
1980 2412 114
366 381 114
1456 1245 114
1208 1207 114
1207 320 114
299 300 114
2351 2407 114
2353 2354 114
2331 2326 114
7330 1581 114
2786 2785 114
2749 2782 114
2782 2750 114
1158 1057 114
1416 1406 114
2218 2210 114
1300 1301 114
1564 1553 114
1857 1863 114
211 212 114
183 187 114
264 256 114
1397 1385 114
1513 1505 114
392 391 114
1890 1938 114
676 669 114
1268 1278 114
1278 1273 114
1321 1322 114
1064 1066 114
1178 1177 114
7330 7334 114
2735 2737 114
1082 1084 114
1154 1055 114
2731 2739 114
1931 1905 114
1948 1935 114
336 1672 114
1930 1929 114
1554 7199 114
1095 1113 114
1038 1039 114
2241 2234 114
1974 2001 114
2088 2096 114
195 191 114
2053 2081 114
2006 1981 114
2337 2338 114
2642 2643 114
2318 2335 114
2509 2522 114
2418 2448 114
6331 6328 114
6324 6418 114
6320 6370 114
6504 6505 114
6505 6368 114
748 742 114
8143 8405 114
3180 3179 114
6859 6856 114
455 406 114
220 111 114
8131 8150 114
455 406 114
748 742 114
1210 1457 114
2894 2026 114
10853 10442 114
10901 10902 114
748 736 114
1210 995 114
220 188 114
2894 1404 114
2223 2208 114
10474 10391 114
802 798 114
8130 8146 114
7237 7238 114
8793 8794 115
8938 8934 115
10792 10787 115
10438 10910 115
10489 10474 115
10429 10478 115
2240 2241 115
141 139 115
725 720 115
817 799 115
882 890 115
415 417 115
786 780 115
964 985 115
1389 1386 115
1231 325 115
786 404 115
1010 1011 115
335 238 115
2677 2564 115
328 326 115
389 391 115
765 766 115
1141 1145 115
804 805 115
948 949 115
906 912 115
1921 146 115
1602 1600 115
1819 1789 115
2164 2168 115
1825 1839 115
129 130 115
336 338 115
616 625 115
339 338 115
130 129 115
1729 1737 115
2177 2156 115
2201 2199 115
1694 1688 115
237 229 115
1771 1697 115
1657 1656 115
251 252 115
237 1639 115
505 506 115
1711 1712 115
1687 1689 115
601 613 115
495 506 115
687 688 115
582 581 115
707 706 115
513 512 115
673 667 115
473 470 115
1199 1200 115
2278 2293 115
2193 2199 115
2566 2576 115
2284 2277 115
2373 2369 115
2269 2270 115
3020 3031 115
1586 1587 115
7330 7186 115
2763 2624 115
2737 2760 115
2915 2927 115
2941 2942 115
2781 2749 115
285 1937 115
2921 2922 115
1482 1492 115
1017 996 115
1560 1553 115
1522 1539 115
1511 1504 115
1575 1556 115
1338 1337 115
1337 1333 115
1289 1290 115
1290 1500 115
1297 1298 115
1298 1273 115
1271 1277 115
1277 1272 115
1062 1051 115
1095 1106 115
1183 1170 115
1056 1055 115
151 150 115
1017 1018 115
2542 2541 115
2602 2587 115
2472 2560 115
2459 2472 115
2906 2905 115
2630 2639 115
2631 2671 115
2612 2619 115
2521 2520 115
2369 2366 115
2525 2555 115
2555 2510 115
1929 1930 115
1958 1931 115
1777 1791 115
1784 1785 115
1847 1829 115
1829 1846 115
1723 1679 115
1694 1688 115
517 508 115
2036 2071 115
2433 2057 115
401 398 115
2100 2113 115
183 185 115
2242 2235 115
1582 1577 115
1577 7330 115
2981 2980 115
2902 2909 115
1308 1305 115
1457 1454 115
1276 1272 115
1037 1040 115
1060 1061 115
1163 1167 115
1100 1091 115
824 1117 115
1138 1136 115
2485 2490 115
2060 2061 115
1582 1597 115
1597 1596 115
1301 1300 115
1122 1131 115
1517 1527 115
1131 1122 115
232 229 115
2157 2158 115
126 131 115
281 291 115
559 565 115
565 566 115
566 565 115
1388 1385 115
1464 1454 115
454 455 115
462 467 115
352 425 115
976 971 115
1214 1235 115
1485 1479 115
1236 1238 115
1029 1030 115
1123 840 115
965 963 115
451 456 115
406 456 115
1017 1018 115
172 173 115
942 931 115
219 223 115
2902 2909 115
2909 2900 115
360 326 115
1521 1543 115
1843 1828 115
2862 2863 115
1193 1316 115
1313 1325 115
6301 5518 115
5556 5545 115
5537 5541 115
5536 5537 115
5492 5491 115
1963 1960 115
2568 2416 115
2508 2540 115
2400 2436 115
2434 2405 115
2484 2394 115
2400 2398 115
2455 2560 115
2809 2808 115
2196 2197 115
2808 2809 115
2810 2809 115
2818 2824 115
2743 2817 115
2740 2780 115
2739 2738 115
2733 2764 115
2778 2777 115
2737 2736 115
1928 1884 115
2149 2134 115
2124 2143 115
1878 1963 115
2081 2053 115
154 146 115
2440 2024 115
2234 2347 115
2239 2252 115
2076 2024 115
2395 2401 115
1975 1976 115
2803 2802 115
2464 2453 115
2803 2806 115
2480 2479 115
2313 2316 115
1904 1900 115
2262 2263 115
1983 2011 115
2355 2356 115
2235 2261 115
146 156 115
2339 2338 115
2357 2379 115
1902 1882 115
2621 2643 115
2335 2318 115
2531 2514 115
190 1959 115
2547 2522 115
978 172 115
2084 2087 115
1974 1969 115
979 316 115
863 879 115
863 881 115
2562 2453 115
2613 2612 115
2609 2611 115
1683 1674 115
1673 1674 115
1197 315 115
1471 1470 115
959 958 115
614 327 115
305 297 115
1611 1662 115
270 1885 115
1450 1451 115
391 729 115
132 135 115
190 209 115
949 905 115
1036 1121 115
1884 1878 115
1897 1901 115
1345 1300 115
190 1884 115
1219 1309 115
209 188 115
1175 1068 115
995 996 115
2946 2881 115
2609 2610 115
1881 2028 115
2390 2391 115
2503 2502 115
413 403 115
2026 2390 115
133 134 115
2365 2364 115
413 389 115
1972 1971 115
2945 2946 115
1980 2024 115
4323 4333 115
460 461 115
521 403 115
2476 2028 115
1880 2028 115
1779 1778 115
3089 3088 115
3185 3084 115
3337 3330 115
3069 3054 115
3056 3199 115
3095 3331 115
7207 7222 115
7584 7627 115
7342 7435 115
7247 1504 115
8123 8120 115
8826 8831 115
6348 6473 115
6488 6499 115
5732 5733 115
6403 6402 115
6448 6316 115
5483 6355 115
6320 6388 115
6327 6373 115
6444 5732 115
6336 6353 115
6350 6507 115
6472 6471 115
6471 6470 115
6308 6304 115
6420 6371 115
6573 6572 115
6909 6898 115
6573 6572 115
978 979 115
764 762 115
846 847 115
847 850 115
956 954 115
246 251 115
632 631 115
1681 1684 115
1761 1753 115
1747 1749 115
505 511 115
664 669 115
592 594 115
604 602 115
1899 1893 115
1634 1622 115
2137 2136 115
2626 2616 115
1005 1000 115
1407 1442 115
1394 1398 115
1026 1047 115
1211 1228 115
1081 1085 115
961 1020 115
124 121 115
1868 1853 115
613 607 115
2412 2398 115
381 369 115
381 366 115
1245 1240 115
320 315 115
300 1231 115
391 402 115
229 232 115
2407 2396 115
2354 2359 115
2326 2325 115
1581 1582 115
2893 3047 115
2961 2966 115
2785 2796 115
2750 2797 115
1312 1319 115
1057 1054 115
1406 1423 115
1453 1457 115
1301 1328 115
1553 1576 115
1863 1852 115
1646 1655 115
212 112 115
187 2085 115
256 263 115
1385 1388 115
1505 1512 115
1512 1504 115
1938 1916 115
815 841 115
669 664 115
1330 1335 115
1322 1323 115
1066 1163 115
1177 1169 115
177 180 115
7334 3013 115
1084 1087 115
1055 1128 115
1128 1044 115
2739 2738 115
117 143 115
1521 1503 115
2089 2101 115
1039 1045 115
2738 2754 115
2084 2088 115
2745 2744 115
2887 2886 115
2873 2874 115
2001 1969 115
191 1985 115
2027 2033 115
1981 2275 115
2338 2339 115
2643 2621 115
2522 2547 115
1972 2037 115
2448 2420 115
8115 2833 115
6328 6303 115
6418 6365 115
6388 6503 115
6370 6371 115
6368 6502 115
3179 3162 115
6856 7087 115
8150 8145 115
1971 1970 115
1972 1980 115
10902 10429 115
798 5561 115
8146 8067 115
7238 7241 115
6479 6441 115
8794 9025 116
8850 8841 116
8934 8933 116
2364 2369 116
10910 10911 116
2320 2316 116
799 829 116
890 889 116
825 831 116
417 416 116
780 714 116
985 988 116
1386 2898 116
325 315 116
404 440 116
1011 999 116
238 239 116
964 958 116
2150 2134 116
2564 2595 116
326 360 116
372 378 116
766 789 116
1145 1148 116
907 911 116
805 806 116
912 920 116
1600 1611 116
2168 2153 116
1839 1832 116
130 123 116
338 339 116
625 630 116
338 336 116
129 128 116
1737 1738 116
2156 2153 116
2199 2193 116
1818 1831 116
1646 1652 116
1697 1696 116
1656 1650 116
252 1623 116
1639 1623 116
506 509 116
426 425 116
1712 1710 116
613 605 116
506 514 116
688 697 116
581 579 116
579 580 116
706 696 116
689 678 116
465 470 116
469 463 116
512 505 116
667 571 116
470 475 116
1200 1204 116
2029 2063 116
2293 2292 116
2222 2310 116
2532 2531 116
2199 2200 116
2277 2198 116
2270 2268 116
3031 3032 116
3031 3020 116
1587 1554 116
2742 2778 116
2624 2625 116
2927 2913 116
2942 2913 116
2749 2782 116
2782 2750 116
1937 1936 116
2922 2914 116
2914 2923 116
1492 3000 116
996 1000 116
2983 3000 116
1553 1559 116
1539 1526 116
1504 1512 116
1556 1561 116
1561 1562 116
1333 1507 116
1507 1505 116
1500 1336 116
1273 1292 116
1272 1276 116
1051 1049 116
1106 1076 116
1170 1230 116
1055 1044 116
150 148 116
1018 1024 116
1024 1016 116
2605 2606 116
2541 2548 116
2548 2515 116
2587 2574 116
2472 2560 116
2905 2897 116
2639 2621 116
2671 2640 116
2619 2659 116
2520 2519 116
2366 2387 116
2510 2526 116
1930 1944 116
1931 1944 116
1791 1789 116
1785 1778 116
1846 1845 116
1845 1844 116
1679 1680 116
508 516 116
2071 2035 116
398 402 116
2113 2084 116
2246 2243 116
2243 2237 116
185 236 116
2275 2250 116
2438 2437 116
2362 2257 116
10426 10425 116
7330 7334 116
7334 3013 116
2980 2979 116
2979 2962 116
2909 2900 116
1305 1302 116
1454 1459 116
1272 1252 116
1040 1045 116
1061 1045 116
1091 1080 116
1117 1118 116
1136 1119 116
1119 1118 116
2490 2491 116
2061 2077 116
1596 1595 116
2620 8871 116
1300 1302 116
1131 1156 116
1527 1524 116
1122 893 116
229 232 116
714 716 116
980 977 116
790 793 116
131 122 116
391 392 116
291 279 116
397 396 116
566 633 116
565 559 116
1385 1397 116
455 358 116
467 466 116
388 387 116
425 544 116
971 975 116
1235 1238 116
1479 1481 116
1238 1235 116
1030 961 116
840 849 116
963 967 116
456 458 116
1018 1052 116
1052 1048 116
173 174 116
1040 1044 116
931 948 116
223 218 116
389 384 116
1828 1826 116
2550 2503 116
2268 2276 116
2863 2864 116
2784 2762 116
1316 1315 116
1325 1301 116
5816 5616 116
5616 5618 116
5545 5546 116
5541 5805 116
5537 5541 116
2002 1914 116
2540 2511 116
2633 2634 116
2436 2075 116
2405 2393 116
2394 2393 116
2331 2316 116
2480 2497 116
2560 2600 116
2808 2807 116
2197 2092 116
2816 2823 116
2809 2810 116
2809 2808 116
2824 2823 116
2817 2827 116
2854 2853 116
2780 2779 116
2764 2952 116
2777 2776 116
1884 1968 116
2134 2150 116
2084 2106 116
2143 2119 116
1974 1985 116
1959 1922 116
2347 2343 116
2252 2251 116
2401 2352 116
2357 2379 116
2453 2479 116
2577 2565 116
2806 2477 116
2316 2331 116
1970 2007 116
1912 1882 116
2263 2234 116
2011 1971 116
2356 2361 116
2261 2328 116
1882 1902 116
2338 2337 116
2379 2380 116
2537 2536 116
2643 2642 116
2051 2039 116
2420 2448 116
1899 1893 116
977 391 116
1954 1892 116
977 389 116
426 441 116
2031 2030 116
2468 2453 116
2029 2045 116
146 153 116
1878 1903 116
1674 1683 116
218 219 116
327 326 116
540 539 116
412 411 116
1470 1471 116
1554 1544 116
195 1899 116
1662 1867 116
1451 1425 116
217 111 116
729 734 116
1014 960 116
1776 1751 116
1804 1599 116
1884 190 116
1855 1685 116
188 209 116
2836 2835 116
2389 2476 116
2815 2731 116
1440 1457 116
714 404 116
1210 1457 116
2911 1414 116
2560 2391 116
443 432 116
403 413 116
389 413 116
2027 2028 116
2028 1881 116
905 778 116
133 146 116
1880 1881 116
404 403 116
2026 2027 116
2945 2933 116
1969 1970 116
4235 4323 116
4333 4504 116
356 145 116
3307 3306 116
1778 1775 116
3088 3092 116
3199 3086 116
3337 3634 116
7222 7585 116
7435 7432 116
6316 6295 116
8120 8121 116
8831 8832 116
6473 6307 116
6473 6348 116
6412 6411 116
5733 5734 116
6434 6435 116
6402 6401 116
6316 6333 116
6355 6426 116
6373 6325 116
5732 5733 116
6353 6354 116
6308 6306 116
6470 6469 116
6371 6370 116
6317 6365 116
6310 6352 116
6507 6381 116
6572 6571 116
6898 6899 116
6572 6571 116
219 227 116
815 860 116
762 761 116
850 837 116
954 951 116
251 1621 116
1621 1608 116
631 630 116
1753 1755 116
1749 1750 116
511 510 116
594 596 116
602 600 116
1622 2128 116
2136 2125 116
2127 2126 116
2126 2178 116
2960 2976 116
2616 2615 116
1932 1885 116
1000 996 116
1442 1441 116
1398 1418 116
7199 7186 116
1047 1048 116
1228 1220 116
1085 1080 116
1080 1092 116
1020 1023 116
121 125 116
2515 2538 116
2910 2900 116
2472 2459 116
2538 2539 116
1853 1870 116
1797 1801 116
607 609 116
2398 2439 116
369 368 116
366 367 116
1240 1244 116
1231 325 116
402 398 116
232 236 116
2396 2421 116
2359 2364 116
2325 2311 116
1582 1583 116
2796 2797 116
2797 2785 116
1319 1318 116
1266 1260 116
1054 1058 116
1423 1422 116
1328 1315 116
1576 1532 116
1852 1856 116
1655 1649 116
112 119 116
2085 2110 116
263 255 116
1388 1387 116
391 389 116
1916 1931 116
841 849 116
664 568 116
1273 1292 116
1335 1329 116
1323 1309 116
1163 1176 116
1169 1175 116
180 174 116
3013 3014 116
1087 1081 116
1044 1042 116
1935 1901 116
1929 1901 116
346 384 116
2101 2102 116
2750 2749 116
2088 2097 116
2744 2774 116
2886 2885 116
2874 2875 116
1974 2002 116
1969 1975 116
2096 2122 116
2081 2017 116
2033 2041 116
2339 2315 116
2508 2540 116
2621 2620 116
2335 2413 116
2508 2533 116
6303 6332 116
6503 6420 116
6371 6420 116
742 961 116
8405 8399 116
3162 3163 116
7087 7114 116
406 404 116
8145 8144 116
406 404 116
742 961 116
10442 10432 116
736 714 116
188 1969 116
356 357 116
2208 10436 116
5561 5578 116
5578 5579 116
7241 7236 116
6441 6440 116
9025 9026 117
8933 8925 117
10787 10784 117
10432 10442 117
10911 10439 117
10474 10475 117
2241 2231 117
139 116 117
720 721 117
829 827 117
889 864 117
831 830 117
714 715 117
988 989 117
2898 2905 117
315 1198 117
440 456 117
239 221 117
958 966 117
2134 2149 117
2595 2641 117
2641 2606 117
378 362 117
789 781 117
1148 1090 117
911 915 117
806 807 117
949 948 117
920 919 117
146 114 117
1830 1848 117
1611 1615 117
1789 1794 117
2153 1830 117
1832 1851 117
123 119 117
339 344 117
630 631 117
336 337 117
128 114 117
1738 1728 117
2153 1830 117
1831 1824 117
1696 1690 117
1650 1654 117
1623 1639 117
1623 252 117
509 499 117
1689 1694 117
605 604 117
514 536 117
697 701 117
580 572 117
696 705 117
470 475 117
463 520 117
571 578 117
475 476 117
1204 1205 117
1205 1198 117
2063 2039 117
2292 2294 117
2310 2301 117
2531 2530 117
2200 2194 117
2576 2567 117
2198 2195 117
2369 2364 117
2268 2273 117
3032 3034 117
3020 3021 117
2840 2850 117
2778 2795 117
7186 7199 117
2625 2615 117
2760 2783 117
2913 2942 117
2750 2783 117
1936 1885 117
2923 2924 117
1000 1005 117
3000 1492 117
1559 1558 117
1526 1533 117
1512 1505 117
1562 1563 117
1505 1512 117
1336 1337 117
1292 1276 117
1276 1291 117
1049 1050 117
1076 1071 117
1230 1219 117
1016 1023 117
2606 2641 117
2641 2595 117
2515 2557 117
2574 2559 117
2621 2686 117
2640 2614 117
2659 2658 117
2519 2554 117
2526 2527 117
1944 1931 117
1944 1930 117
1789 1819 117
1778 1779 117
1844 1836 117
1680 1684 117
540 557 117
516 532 117
2035 2069 117
2057 2034 117
402 391 117
2237 2250 117
2250 2237 117
2437 2443 117
2235 2346 117
3013 3014 117
2962 2960 117
1302 1300 117
1459 1455 117
1252 1264 117
1167 1058 117
1080 1092 117
1118 1119 117
1118 1117 117
1117 824 117
2077 2062 117
1595 1594 117
8871 2617 117
1302 1334 117
1156 1147 117
1524 1532 117
893 885 117
232 231 117
239 221 117
229 250 117
716 717 117
793 782 117
782 778 117
122 119 117
392 977 117
279 296 117
396 717 117
633 650 117
559 564 117
1397 1394 117
1454 1457 117
358 371 117
466 461 117
387 384 117
975 968 117
1238 1236 117
1481 1519 117
1235 1214 117
961 967 117
849 841 117
967 961 117
456 406 117
458 449 117
1048 1047 117
174 180 117
948 949 117
218 222 117
222 220 117
326 1672 117
1543 1539 117
1095 1070 117
1826 1824 117
2276 2236 117
2364 2357 117
2864 2859 117
1315 1301 117
1301 1315 117
5518 5517 117
5477 5539 117
5618 5606 117
5546 5573 117
5541 5572 117
1914 1913 117
1960 190 117
2416 2415 117
2511 2532 117
2634 2635 117
2075 2074 117
2393 2394 117
2393 2405 117
2497 2501 117
2600 2565 117
2807 2802 117
2092 2091 117
2823 2824 117
2810 2804 117
2808 2807 117
2823 2816 117
2827 2828 117
2853 2832 117
2779 2747 117
2738 2754 117
2736 2738 117
2952 2951 117
2776 2775 117
2739 2738 117
1968 1963 117
2150 2151 117
1963 1884 117
2053 2054 117
146 1922 117
2024 2076 117
2251 2244 117
1976 1978 117
2379 2380 117
2802 2814 117
2477 2481 117
2479 2453 117
2007 1984 117
1971 1987 117
2361 2357 117
2328 2311 117
1912 1986 117
156 157 117
2337 2336 117
2380 2327 117
1882 1912 117
2536 2568 117
2642 2614 117
2039 2050 117
2318 2409 117
2514 2580 117
2522 2509 117
172 316 117
2087 1969 117
1969 2087 117
316 178 117
879 850 117
978 977 117
881 880 117
2453 2468 117
2612 2611 117
2030 2045 117
2611 2612 117
2045 2030 117
153 1901 117
1903 1888 117
1674 1673 117
315 314 117
1270 1251 117
219 240 117
1470 1479 117
958 984 117
326 356 117
539 597 117
411 380 117
297 314 117
1544 1545 117
1899 1918 117
1867 1860 117
1885 1881 117
111 120 117
734 741 117
135 120 117
905 857 117
1121 1120 117
1878 1901 117
2277 2289 117
1901 1878 117
1300 1309 117
1884 1878 117
188 1979 117
1068 996 117
209 190 117
2389 2388 117
2836 8058 117
2933 2911 117
404 406 117
2881 2946 117
2933 2934 117
1878 146 117
2610 2680 117
2680 2610 117
146 1878 117
2391 2560 117
8730 8729 117
2502 2506 117
403 404 117
2390 2391 117
134 389 117
2353 2364 117
2560 2561 117
1878 1879 117
389 134 117
3065 2277 117
2911 2933 117
3037 3020 117
1979 2084 117
2894 2026 117
2024 2026 117
4504 4335 117
3306 3144 117
1775 1776 117
3092 3087 117
3330 3335 117
3331 3332 117
3634 3147 117
7585 7586 117
7627 7628 117
7432 7442 117
8731 8944 117
6295 6294 117
8832 8825 117
6348 6297 117
6411 6298 117
6507 6299 117
5734 5742 117
6401 6400 117
6333 6384 117
6388 6503 117
6506 6379 117
6325 950 117
5733 5734 117
6354 6355 117
6306 6305 117
6304 6468 117
6370 6320 117
6365 6364 117
6352 6351 117
6381 6308 117
6571 6802 117
6575 6574 117
6571 6802 117
6953 6813 117
979 966 117
227 221 117
2605 2606 117
860 801 117
761 763 117
763 736 117
837 848 117
951 953 117
1608 1618 117
630 625 117
1684 1690 117
1755 1762 117
1750 1748 117
510 522 117
669 663 117
596 591 117
1893 1989 117
2128 2129 117
2125 2150 117
2178 2165 117
2165 2163 117
2615 2625 117
996 1017 117
1441 1446 117
1418 1396 117
1048 1050 117
1220 1213 117
1092 1094 117
1023 1016 117
125 148 117
2557 2515 117
2459 2475 117
2539 2511 117
1870 1873 117
1873 1864 117
1646 1652 117
540 534 117
609 610 117
368 137 117
367 384 117
1211 1215 117
1244 1234 117
315 1231 117
325 315 117
398 401 117
236 185 117
2421 2422 117
2364 2357 117
2311 2357 117
1583 1579 117
2966 2985 117
2797 2750 117
1318 1315 117
1260 1264 117
1058 1167 117
1422 1408 117
1457 1460 117
1315 1314 117
1532 1524 117
1856 1866 117
1866 1859 117
1649 1661 117
119 122 117
2110 2109 117
1428 1429 117
540 557 117
486 487 117
540 534 117
1387 1429 117
540 557 117
389 162 117
1931 1905 117
849 840 117
1958 1931 117
1292 1274 117
1329 1286 117
1309 1307 117
1176 1175 117
174 173 117
1081 1085 117
1085 1080 117
2738 2737 117
143 146 117
1672 336 117
1901 1935 117
1672 326 117
2102 2084 117
2234 2233 117
2754 2737 117
2097 2114 117
2774 2773 117
2885 2883 117
2875 2884 117
1985 1974 117
2017 1988 117
2041 2035 117
2275 2274 117
2540 2511 117
2413 2414 117
2547 2546 117
2037 2051 117
2420 2607 117
6332 6333 117
6365 6317 117
3340 3356 117
8399 8402 117
7114 6530 117
111 357 117
8144 8139 117
2026 2024 117
1970 1969 117
1980 2024 117
995 960 117
1404 1440 117
10436 10924 117
10391 10429 117
5579 5833 117
9047 8897 117
7236 7239 117
6440 6442 117
6442 6419 117
9026 9024 118
8841 8843 118
10784 10783 118
10439 10837 118
116 137 118
827 830 118
864 753 118
830 827 118
416 385 118
715 728 118
989 1009 118
2905 2897 118
1198 1009 118
456 458 118
458 449 118
221 227 118
966 979 118
2149 2145 118
2145 2172 118
2606 2605 118
8748 8874 118
360 361 118
362 361 118
391 395 118
781 779 118
915 921 118
949 948 118
807 816 118
948 931 118
919 917 118
917 914 118
1848 1828 118
1615 1618 118
128 114 118
1794 1795 118
1851 1834 118
119 122 118
344 340 118
631 632 118
337 335 118
114 146 118
1728 1739 118
1830 1848 118
1824 1849 118
1652 1654 118
1654 1646 118
1639 237 118
252 251 118
499 498 118
1710 618 118
1694 1688 118
604 602 118
536 537 118
701 702 118
572 567 118
705 704 118
678 576 118
475 471 118
471 464 118
520 518 118
505 515 118
578 577 118
1198 1206 118
2039 2049 118
146 1922 118
2294 2297 118
2301 2290 118
2530 2529 118
2194 2195 118
2567 2513 118
2195 2194 118
3034 3030 118
3021 3008 118
2835 2837 118
2850 2851 118
2835 8119 118
3047 3039 118
2795 2794 118
2615 2616 118
2783 2750 118
2942 2941 118
2913 2927 118
2783 2735 118
1885 1891 118
2924 2925 118
3000 2983 118
1005 1004 118
1558 1554 118
1437 1429 118
1533 1515 118
1515 1519 118
1505 1507 118
1563 1555 118
1512 1504 118
1276 1272 118
1291 1273 118
1050 1048 118
1071 1075 118
1075 1082 118
1219 1221 118
148 125 118
1023 1020 118
2595 2596 118
2560 2604 118
2686 2683 118
2614 2613 118
2658 2656 118
2554 2518 118
2387 2386 118
2527 2511 118
1931 1905 118
1930 1929 118
1819 1820 118
1779 1786 118
1836 1828 118
1684 1690 118
557 558 118
532 522 118
2034 2056 118
1909 1922 118
391 389 118
2084 2088 118
2250 2275 118
236 232 118
2237 2243 118
2443 2403 118
2257 2258 118
10425 10800 118
2346 2345 118
2960 2985 118
1300 1301 118
1455 1236 118
1264 1253 118
1253 1254 118
1058 1054 118
1092 1094 118
1119 1136 118
824 833 118
2491 2494 118
2494 2495 118
2040 2027 118
2062 2046 118
1594 1593 118
2617 8868 118
1334 1329 118
1147 1153 118
1532 1576 118
1576 1553 118
885 869 118
717 396 118
977 392 118
296 294 118
717 716 118
650 651 118
564 563 118
1394 1413 118
371 377 118
377 378 118
384 367 118
544 545 118
968 962 118
1519 1515 118
967 963 118
841 815 118
961 1030 118
406 408 118
1047 1026 118
180 177 118
1539 1541 118
525 543 118
2503 2556 118
2236 2231 118
2859 2755 118
2762 2615 118
1315 1316 118
5517 5489 118
5539 5804 118
6428 6427 118
5606 5605 118
5492 5560 118
5572 5538 118
5538 5804 118
5491 5490 118
2415 2414 118
2635 2636 118
2074 2078 118
2394 2484 118
2405 2434 118
2398 2410 118
2501 2477 118
2565 2577 118
2091 2083 118
1978 1976 118
2804 2811 118
2807 2802 118
2816 2822 118
2828 2818 118
2832 2831 118
2951 2946 118
2775 2889 118
2736 2738 118
1963 1878 118
2151 2131 118
2106 2087 118
2054 2030 118
1985 191 118
1922 146 118
2343 2344 118
2024 2440 118
2352 2344 118
2380 2327 118
2814 2940 118
2479 2480 118
2565 2600 118
2331 2327 118
2234 2233 118
2311 2357 118
1986 2015 118
1902 1931 118
2327 2331 118
2568 2416 118
2614 2618 118
2050 1912 118
2409 1995 118
1879 1931 118
2448 2418 118
1959 1922 118
1893 1989 118
2509 2507 118
391 395 118
2027 280 118
1892 1891 118
449 441 118
178 1964 118
441 449 118
880 864 118
729 390 118
978 969 118
2611 2609 118
2045 2029 118
2453 2562 118
2030 2031 118
1888 256 118
1673 1645 118
1251 1250 118
240 241 118
1479 1480 118
984 317 118
597 601 118
380 345 118
1471 1445 118
1545 1520 118
1881 1956 118
120 135 118
741 742 118
120 111 118
209 188 118
960 985 118
1901 1897 118
3059 3060 118
2289 2277 118
1309 1300 118
190 209 118
996 1068 118
2731 2732 118
1457 1210 118
413 389 118
2028 2027 118
413 403 118
2028 1881 118
1881 1880 118
1881 2028 118
403 413 118
2027 2028 118
2364 2353 118
1971 1970 118
1970 1971 118
2946 3020 118
4335 4334 118
2289 10433 118
3084 3061 118
3086 3211 118
3332 3211 118
7586 7226 118
7333 7523 118
7628 7626 118
8732 8795 118
8121 8122 118
6307 6349 118
6297 6337 118
6298 6337 118
5742 5743 118
6435 6436 118
6400 6399 118
6426 6382 118
6379 6296 118
950 956 118
5734 5746 118
6355 5483 118
6507 6381 118
6469 6434 118
6468 6311 118
6364 6448 118
6351 6350 118
6574 6573 118
6813 6550 118
966 958 118
221 239 118
3074 2185 118
2606 2641 118
2641 2595 118
801 800 118
800 803 118
736 723 118
848 839 118
953 952 118
1618 1615 118
625 616 118
1690 1688 118
1762 1751 118
522 527 118
663 674 118
570 573 118
425 426 118
692 710 118
591 561 118
2129 2144 118
2163 2173 118
2625 2624 118
1885 1936 118
1017 1022 118
1446 1444 118
1396 1395 118
7186 7330 118
1050 1049 118
1213 1227 118
1016 1024 118
148 150 118
2515 2548 118
2538 2539 118
2539 2532 118
2475 2455 118
1864 1869 118
1801 1800 118
534 533 118
610 611 118
2439 2429 118
2429 2421 118
384 387 118
1234 1216 118
1231 300 118
784 783 118
185 183 118
2422 2423 118
2423 2426 118
1579 1584 118
3047 3046 118
2985 2960 118
2750 2782 118
2785 2786 118
1264 1253 118
1167 1164 118
1314 1311 118
1524 1527 118
1859 1867 118
1661 1648 118
2109 2093 118
784 771 118
255 179 118
1429 1387 118
557 558 118
487 492 118
492 483 118
534 523 118
665 666 118
1429 1434 118
840 1123 118
1931 1945 118
568 572 118
1274 1280 118
1286 1283 118
1307 1295 118
1175 1169 118
1175 1176 118
173 172 118
3014 3033 118
1080 1092 118
1901 1929 118
141 117 118
1935 1948 118
1113 1311 118
1503 1500 118
2961 2962 118
2749 2752 118
2737 2735 118
2114 2116 118
2773 2772 118
2884 2883 118
2002 1914 118
1975 2087 118
2122 2131 118
1988 1990 118
2035 2030 118
2274 2271 118
2315 2320 118
2511 2533 118
2546 2545 118
6333 6316 118
6420 6419 118
6420 6419 118
2841 8109 118
8071 8114 118
3356 3480 118
6502 6421 118
961 960 118
8402 8069 118
3163 3174 118
404 714 118
404 714 118
961 960 118
1457 1440 118
10432 10854 118
714 404 118
10924 10435 118
5833 5565 118
8897 8896 118
7239 7368 118
6419 6420 118
8843 8847 119
8925 8731 119
10783 10854 119
10442 10852 119
2369 2368 119
10837 10831 119
10475 10508 119
721 737 119
830 831 119
753 749 119
827 829 119
385 382 119
1009 1198 119
2897 2900 119
1009 989 119
2900 2905 119
449 445 119
227 219 119
979 978 119
2172 2171 119
8874 8875 119
361 362 119
361 360 119
395 400 119
779 719 119
921 914 119
948 931 119
816 808 119
931 942 119
914 918 119
114 128 119
1828 1833 119
1618 1608 119
114 146 119
1830 1848 119
1834 1850 119
340 341 119
632 615 119
335 342 119
1848 1828 119
1849 1826 119
1654 1650 119
1690 1688 119
237 229 119
251 1613 119
498 497 119
497 496 119
425 544 119
618 602 119
602 618 119
537 533 119
702 691 119
567 570 119
704 703 119
576 569 119
518 519 119
515 507 119
507 530 119
577 560 119
1206 321 119
276 274 119
2049 1986 119
1922 1948 119
2297 2290 119
2290 2297 119
2529 2513 119
2513 2529 119
2364 2357 119
3008 3006 119
3006 3024 119
2851 2852 119
2852 2839 119
3039 3050 119
7186 7328 119
2794 2949 119
2616 2626 119
2750 2782 119
2941 2944 119
2927 2915 119
2925 2915 119
2983 2916 119
1004 1224 119
1492 1482 119
1519 1481 119
1507 1333 119
1333 1337 119
1555 1548 119
1504 1511 119
1511 1510 119
1272 1277 119
1273 1298 119
1048 1047 119
1082 1090 119
1221 1229 119
1044 1040 119
125 121 119
1020 961 119
2596 2573 119
2559 2586 119
2604 2599 119
2897 2910 119
2683 2702 119
2613 2659 119
2656 2635 119
2518 2509 119
2386 2385 119
1820 1816 119
1786 1787 119
1787 1756 119
1828 1848 119
1690 1688 119
558 561 119
522 527 119
2069 2068 119
2056 2068 119
2088 2096 119
2275 2112 119
232 229 119
2403 2399 119
2258 2245 119
2345 2347 119
2946 2994 119
3014 3033 119
2985 2966 119
1236 1246 119
1254 1247 119
1045 1060 119
1045 1040 119
1136 1138 119
833 826 119
2370 2369 119
2046 2027 119
1593 1585 119
8868 8867 119
1329 1502 119
1153 1152 119
1553 1564 119
869 881 119
231 207 119
221 219 119
250 254 119
392 391 119
119 112 119
977 980 119
294 293 119
716 714 119
651 635 119
563 562 119
634 661 119
1413 1404 119
378 374 119
545 546 119
1236 1465 119
1515 1518 119
1214 1215 119
963 965 119
815 860 119
1030 1029 119
408 405 119
449 446 119
1044 1040 119
1044 1154 119
2265 2234 119
384 346 119
1541 1542 119
1070 1152 119
1824 1818 119
543 540 119
2231 2245 119
2357 2322 119
2755 2756 119
1301 1325 119
1045 1039 119
1316 1193 119
5804 5538 119
6427 6493 119
5605 5604 119
5573 5574 119
5560 5581 119
5491 5511 119
5804 5539 119
1913 1923 119
2532 2531 119
2636 2637 119
2078 2082 119
2484 2483 119
2434 2388 119
2410 2418 119
2316 2313 119
2577 2568 119
2802 2803 119
2083 2116 119
1976 1975 119
2824 2818 119
2811 2812 119
2831 2830 119
2747 2700 119
2754 2737 119
2738 2739 119
2889 2888 119
2738 2754 119
2131 2122 119
2087 1975 119
1884 1928 119
1922 1959 119
191 195 119
2076 2034 119
2344 2352 119
2020 2234 119
2244 2021 119
2440 2400 119
2344 2343 119
2327 2331 119
2940 2944 119
2600 2560 119
2481 2496 119
2453 2464 119
2327 2380 119
1984 2005 119
1882 1902 119
1987 2015 119
2357 2311 119
2336 2318 119
2331 2320 119
2618 2637 119
1995 1972 119
1931 1902 119
2580 2579 119
2418 2410 119
316 317 119
1969 1974 119
389 384 119
850 836 119
977 390 119
836 850 119
390 977 119
2468 2444 119
2612 2613 119
256 257 119
1645 1666 119
220 210 119
314 257 119
356 345 119
314 317 119
1445 1427 119
1918 1956 119
1817 1860 119
1860 1817 119
1425 304 119
111 217 119
857 851 119
1751 3061 119
1120 809 119
1599 1622 119
1878 1884 119
1309 1219 119
1878 1901 119
1979 2084 119
1685 1742 119
1685 1855 119
2388 2026 119
2835 2816 119
2476 2732 119
2911 1414 119
2911 2933 119
406 455 119
403 714 119
2881 7185 119
1414 1440 119
2391 2390 119
432 435 119
146 133 119
2680 8751 119
521 553 119
2610 2609 119
1878 1879 119
2560 2559 119
2506 2561 119
2391 2560 119
146 1878 119
389 413 119
2364 2365 119
1879 1880 119
134 133 119
2933 2911 119
3020 2946 119
2026 2024 119
2026 2894 119
4323 4333 119
4334 4337 119
2026 2933 119
3056 3054 119
2028 2476 119
949 403 119
145 356 119
3082 3516 119
3087 3068 119
3617 3616 119
3335 3334 119
3211 3332 119
3211 3086 119
3147 3146 119
7226 7366 119
7523 7521 119
7626 7625 119
7442 7434 119
1504 7248 119
8122 8829 119
8825 8830 119
8880 8735 119
6349 6304 119
6337 6298 119
5743 5781 119
6436 6464 119
6399 6398 119
6382 6383 119
956 6450 119
6381 6308 119
6434 6361 119
6311 6360 119
6320 6369 119
6321 6319 119
6350 6507 119
6308 6306 119
6802 6803 119
6573 6572 119
6802 6803 119
6550 6812 119
958 964 119
239 335 119
999 1010 119
2185 2183 119
2595 2564 119
803 852 119
723 720 119
839 836 119
952 955 119
616 614 119
1726 1728 119
1748 1764 119
527 524 119
674 633 119
573 596 119
1690 1688 119
710 709 119
540 557 119
561 558 119
1989 1912 119
2144 2146 119
2150 2123 119
2173 2162 119
2162 2154 119
2976 2963 119
2624 2763 119
1936 1937 119
1937 285 119
1022 1049 119
1444 1471 119
1395 1399 119
1399 1386 119
1049 1051 119
1227 1222 119
1044 1055 119
1094 1092 119
1024 1018 119
150 151 119
2548 2541 119
2532 2531 119
2900 2905 119
2455 2473 119
2511 2544 119
2544 2512 119
1869 1855 119
1652 1654 119
1800 1798 119
533 519 119
611 478 119
2421 2422 119
137 140 119
387 388 119
1215 1214 119
300 299 119
315 1207 119
401 730 119
783 766 119
183 187 119
2426 2403 119
1584 1585 119
1585 1554 119
2900 2903 119
2960 2962 119
2782 2749 119
2786 2789 119
1315 1328 119
1253 1258 119
1258 1257 119
1164 1163 119
1163 1176 119
1408 1415 119
1460 1458 119
1311 1114 119
1527 1517 119
1867 1648 119
1648 1867 119
122 131 119
2093 2084 119
771 792 119
179 178 119
483 488 119
1434 310 119
1898 1966 119
557 556 119
1123 883 119
1280 1284 119
1284 1285 119
1283 1279 119
1291 1273 119
1295 1293 119
1169 1177 119
1176 1163 119
172 979 119
3033 3017 119
1092 1094 119
572 580 119
2084 2086 119
2752 2759 119
1045 1062 119
2233 2239 119
2116 2083 119
2772 2771 119
2883 2884 119
2883 2885 119
2157 2153 119
1914 1899 119
2131 2151 119
1974 2008 119
1990 1987 119
2271 2273 119
154 146 119
2414 2415 119
2545 2533 119
2051 2039 119
2607 2578 119
2833 2816 119
6316 6448 119
6317 6374 119
6374 6389 119
6419 6442 119
960 995 119
3174 3054 119
6530 6869 119
6507 6366 119
357 356 119
8139 8067 119
960 995 119
1440 1404 119
2024 1980 119
1969 188 119
2024 2026 119
10854 10783 119
960 961 119
1969 1970 119
357 111 119
1440 1457 119
5565 5566 119
8067 8146 119
8896 8729 119
5491 5534 120
9024 9023 120
8847 8842 120
10852 10441 120
10831 10838 120
137 368 120
737 744 120
831 825 120
749 752 120
829 799 120
382 369 120
728 726 120
1198 315 120
989 988 120
2905 2898 120
445 444 120
978 980 120
2171 2170 120
8875 2712 120
362 378 120
400 397 120
719 718 120
914 852 120
931 936 120
942 943 120
918 916 120
1608 1621 120
1621 251 120
146 1922 120
1848 1828 120
1850 1833 120
122 127 120
341 334 120
334 347 120
615 624 120
342 357 120
1739 1726 120
1828 1826 120
1826 1828 120
237 184 120
1650 1656 120
1656 1657 120
1646 1653 120
1672 1668 120
1613 244 120
496 504 120
544 545 120
602 604 120
691 694 120
703 691 120
569 575 120
519 533 120
530 531 120
560 558 120
558 557 120
321 323 120
274 273 120
1986 1912 120
1948 1907 120
2290 2301 120
2297 2294 120
2513 2567 120
2195 2198 120
2529 2530 120
2194 2200 120
3030 3009 120
3024 3003 120
2837 2843 120
2839 2842 120
8119 8108 120
1554 1587 120
3050 3049 120
2949 2955 120
2626 2670 120
2670 2669 120
2782 2749 120
2915 2926 120
2735 2737 120
2915 2926 120
2916 2917 120
1224 1222 120
1482 1470 120
1554 1585 120
1429 1387 120
1481 1487 120
1487 1482 120
1337 1338 120
1338 1339 120
1548 1547 120
1510 1531 120
1277 1271 120
1271 1475 120
1298 1297 120
1047 1026 120
1090 1083 120
1229 1223 120
784 769 120
1040 1037 120
121 124 120
961 967 120
2573 2564 120
2586 2585 120
2599 2598 120
2910 2059 120
2702 2701 120
2509 2517 120
2385 2384 120
2511 2540 120
1905 1989 120
1929 1949 120
1816 1857 120
1756 1765 120
1848 1830 120
561 591 120
527 524 120
2068 2056 120
2068 2069 120
1922 146 120
389 162 120
2096 2122 120
2112 2111 120
229 250 120
2243 2246 120
2399 2423 120
2423 2422 120
2245 2241 120
2347 2265 120
2994 2968 120
3033 3017 120
2966 2961 120
1554 1538 120
1301 1328 120
1246 1237 120
1247 1237 120
1060 1053 120
1040 1037 120
1054 1057 120
1138 1139 120
826 832 120
2495 2493 120
2027 2046 120
2027 2040 120
8867 8866 120
1502 1501 120
1152 1070 120
1564 1565 120
219 254 120
1978 1979 120
396 397 120
112 212 120
980 165 120
714 780 120
635 656 120
540 557 120
562 557 120
661 662 120
662 542 120
1404 1412 120
374 380 120
367 385 120
546 586 120
962 963 120
1465 1466 120
1518 1516 120
1215 1211 120
965 964 120
860 853 120
853 859 120
1029 1028 120
405 407 120
446 443 120
1040 1037 120
177 1898 120
1154 1162 120
2234 2347 120
2347 2343 120
1542 2997 120
1152 1153 120
1818 1867 120
326 1646 120
540 539 120
2556 2511 120
2731 2739 120
1325 1313 120
1039 1038 120
1193 1192 120
5489 5490 120
5538 5572 120
5604 5603 120
5581 5582 120
5511 5513 120
5539 5477 120
5490 5489 120
1923 190 120
190 1923 120
2414 2413 120
2531 2514 120
2637 2618 120
2082 2030 120
2483 2482 120
2388 2433 120
2418 2448 120
2313 2568 120
2477 2806 120
2116 2114 120
1975 2087 120
2818 2825 120
2812 2813 120
2802 2814 120
2822 2821 120
2818 2824 120
2830 2829 120
2700 2717 120
2737 2735 120
2970 2972 120
2888 2882 120
2738 2739 120
1878 1946 120
1928 1879 120
2030 2035 120
146 156 120
2034 2067 120
2041 2065 120
2343 2347 120
2331 2316 120
2944 2961 120
2480 2497 120
2560 2455 120
2464 2473 120
2380 2379 120
2005 2004 120
2233 2239 120
2311 2328 120
2357 2364 120
2015 1987 120
1931 1879 120
1912 2050 120
2416 2415 120
2637 2636 120
1912 1882 120
2508 2633 120
2579 2561 120
1922 146 120
1989 1912 120
280 279 120
317 257 120
1891 1890 120
441 426 120
384 379 120
2087 2084 120
1964 1887 120
449 450 120
864 747 120
969 970 120
2617 2622 120
2029 1894 120
2613 2614 120
2031 2024 120
210 1920 120
1250 1220 120
241 1646 120
720 721 120
1480 1521 120
317 314 120
345 380 120
601 600 120
345 356 120
317 984 120
1520 1521 120
1860 1867 120
1956 1918 120
135 132 120
742 1027 120
188 1979 120
985 983 120
1897 255 120
996 995 120
190 1884 120
1068 1175 120
1457 1440 120
8733 8751 120
389 134 120
2027 2026 120
403 404 120
1881 1880 120
1880 1879 120
404 778 120
2028 2027 120
413 389 120
1970 1969 120
1971 1972 120
2933 2945 120
4333 4346 120
4727 4726 120
2028 1880 120
3516 3517 120
3144 3156 120
3068 3165 120
3332 3331 120
3086 3199 120
3054 3069 120
7366 7198 120
7521 7504 120
7625 7230 120
8944 8795 120
8795 8944 120
8830 8829 120
6337 6322 120
6299 6474 120
6464 6444 120
6398 6397 120
6383 6335 120
6507 6296 120
6296 6381 120
6450 6386 120
5746 5744 120
6361 6312 120
6360 6312 120
6369 6368 120
6319 6310 120
6448 6363 120
6306 6356 120
6803 6563 120
6572 6571 120
6803 1312 120
6812 6811 120
964 985 120
335 342 120
1010 1001 120
2183 2187 120
2564 2677 120
852 914 120
720 724 120
836 855 120
955 933 120
1615 1611 120
614 623 120
1764 1763 120
524 525 120
633 645 120
596 591 120
709 708 120
557 558 120
1912 1986 120
2146 2123 120
2123 2146 120
2357 2364 120
2154 2155 120
2963 2977 120
2763 2762 120
285 282 120
282 289 120
1049 1046 120
1386 1390 120
1051 1062 120
1222 1223 120
1055 1056 120
1092 1080 120
1018 1017 120
1017 1025 120
151 158 120
2541 2542 120
2609 2623 120
2531 2530 120
2512 2553 120
162 389 120
1855 1865 120
1654 1650 120
1798 1799 120
519 518 120
478 477 120
2422 2423 120
2423 2399 120
140 139 120
388 389 120
1214 1216 120
1216 1214 120
299 297 120
1207 1208 120
766 765 120
187 2085 120
2403 2443 120
3046 3045 120
2903 2907 120
2962 2979 120
2749 2781 120
2789 2739 120
1328 1301 120
1257 1256 120
1176 1175 120
1094 1092 120
2912 2932 120
2932 2929 120
1458 1444 120
1114 1096 120
1517 1521 120
1648 1661 120
1867 1859 120
1859 1866 120
131 126 120
2086 2084 120
2084 2086 120
356 345 120
792 796 120
178 174 120
1387 1391 120
558 560 120
560 577 120
488 491 120
523 531 120
666 676 120
310 307 120
1966 259 120
1457 1454 120
883 1122 120
1945 1938 120
572 595 120
1285 1279 120
1279 1285 120
1273 1293 120
1293 1273 120
1177 1178 120
1163 1066 120
1093 1089 120
979 966 120
3017 3018 120
3018 3003 120
1929 1930 120
336 357 120
117 357 120
1948 1922 120
1905 1958 120
384 389 120
1311 1315 120
815 849 120
580 579 120
2759 2758 120
2239 2252 120
2507 2509 120
2735 2734 120
2083 2091 120
2771 2770 120
2884 2875 120
2153 2159 120
2087 2106 120
2151 2123 120
2008 1984 120
1987 2009 120
2030 2054 120
2274 2275 120
2273 2268 120
2320 2331 120
2533 2535 120
2415 2416 120
2039 2050 120
2578 2561 120
6389 6372 120
6419 6390 120
6442 6440 120
8114 8113 120
3480 3152 120
714 736 120
6366 6367 120
714 736 120
10783 10390 120
404 406 120
961 742 120
1457 1210 120
10478 10429 120
10435 10425 120
5566 5567 120
8146 8130 120
6420 6421 120
9023 9021 121
8943 8942 121
8842 8848 121
10854 10432 121
10441 10443 121
2368 2382 121
10838 10938 121
10508 10593 121
368 369 121
744 738 121
752 751 121
799 817 121
369 368 121
2900 2896 121
988 985 121
2898 1386 121
444 441 121
980 165 121
2170 2169 121
2712 2713 121
378 372 121
360 326 121
397 396 121
718 728 121
852 803 121
1090 1090 121
936 937 121
937 938 121
943 932 121
916 852 121
1833 1837 121
251 246 121
1922 1921 121
1828 1833 121
1833 1828 121
127 125 121
347 343 121
624 617 121
357 118 121
1826 1849 121
1828 1848 121
184 1638 121
1688 1690 121
1657 1647 121
1688 1694 121
1668 1671 121
244 247 121
504 486 121
545 546 121
604 605 121
1688 1690 121
618 1710 121
533 534 121
694 708 121
570 593 121
575 568 121
533 534 121
531 523 121
323 318 121
273 272 121
1912 1989 121
1907 1926 121
1926 1917 121
2301 2310 121
2310 2222 121
2294 2292 121
2198 2277 121
2530 2531 121
2200 2199 121
2357 2360 121
3009 3010 121
3003 3004 121
2843 2844 121
2842 2838 121
8108 8107 121
1587 1586 121
3049 3048 121
2955 2950 121
2669 2668 121
2749 2781 121
2944 2935 121
2926 2932 121
2737 2742 121
2926 2932 121
2917 2914 121
1222 1241 121
1470 1474 121
1585 1584 121
1482 1472 121
1339 1340 121
1547 1549 121
1531 1530 121
1475 1476 121
1297 1294 121
1083 1086 121
1223 1222 121
769 767 121
1037 1026 121
124 143 121
967 963 121
2564 2569 121
2585 2584 121
2598 2597 121
2597 2561 121
2701 2729 121
2659 2658 121
2635 2638 121
2517 2505 121
2384 2383 121
2540 2508 121
1857 1863 121
1765 1766 121
1688 1690 121
591 596 121
524 525 121
525 543 121
2056 2034 121
2069 2035 121
2122 2131 121
2111 2090 121
2246 2253 121
2422 2421 121
2241 2234 121
2968 2958 121
3017 3018 121
1538 1536 121
1328 1315 121
1237 1247 121
1237 1246 121
1246 1236 121
1053 1062 121
1037 1035 121
1057 1158 121
1139 1145 121
832 828 121
2369 2373 121
2046 2062 121
1585 1554 121
8866 2687 121
1501 1500 121
1565 1566 121
207 201 121
254 219 121
1979 207 121
397 400 121
391 395 121
165 166 121
293 1391 121
780 787 121
656 641 121
557 562 121
557 540 121
542 635 121
1412 1401 121
380 383 121
385 383 121
586 547 121
1466 1461 121
1516 1486 121
1486 1480 121
1211 1212 121
964 958 121
407 410 121
443 422 121
1037 1026 121
1898 146 121
1162 1155 121
2997 2998 121
1153 1146 121
2245 2259 121
2259 2230 121
2322 2247 121
2739 2787 121
2523 2558 121
2756 2757 121
2615 2677 121
1313 1324 121
1324 1354 121
1038 882 121
1192 1191 121
5572 5541 121
6493 6507 121
5603 5609 121
5574 6539 121
5582 5583 121
5513 5515 121
6507 6308 121
5489 5517 121
190 1960 121
1923 1913 121
2413 2335 121
2618 2614 121
2482 2478 121
2433 2057 121
2448 2396 121
2396 2421 121
2568 2577 121
2806 2803 121
2803 2806 121
2114 2097 121
2825 2826 121
2967 3002 121
3002 2989 121
2813 2738 121
2814 2940 121
2821 2820 121
2824 2823 121
2829 2816 121
2717 2718 121
2972 2975 121
2739 2731 121
2746 2767 121
2946 2975 121
2754 2742 121
1946 1911 121
2122 2096 121
1975 1969 121
1911 1947 121
195 200 121
2352 2401 121
2400 2398 121
2347 2234 121
2497 2501 121
2455 2473 121
2496 2480 121
2473 2455 121
2379 2357 121
2004 2003 121
1902 1931 121
2239 1983 121
2015 1986 121
2328 2261 121
2364 2369 121
1879 1928 121
2318 2409 121
2320 2315 121
2415 2414 121
2636 2635 121
1972 2037 121
1902 1882 121
2561 2578 121
2410 2447 121
395 391 121
1890 1889 121
1974 1973 121
1887 1953 121
450 370 121
390 729 121
747 748 121
850 879 121
977 978 121
970 957 121
2444 2392 121
2609 2563 121
1894 1955 121
2562 2563 121
2024 2392 121
1901 153 121
257 314 121
1666 1646 121
257 256 121
1220 1211 121
1646 1666 121
1521 1520 121
356 326 121
1427 1426 121
1521 1480 121
1956 1881 121
1425 1451 121
1918 1899 121
304 271 121
132 389 121
1027 1026 121
217 218 121
851 808 121
809 808 121
3060 3061 121
2289 2207 121
1884 190 121
1901 1897 121
2277 2083 121
1300 1345 121
209 188 121
2732 2476 121
7186 3037 121
2946 2945 121
2933 2911 121
1440 1457 121
2934 2733 121
2390 2026 121
435 553 121
553 435 121
2609 2559 121
1879 1880 121
2561 2560 121
2505 2504 121
413 403 121
2028 1881 121
2365 2561 121
404 403 121
2561 2365 121
1880 1881 121
133 146 121
3065 3064 121
2024 1980 121
2084 1979 121
4235 4520 121
4346 4345 121
4337 4338 121
4726 4725 121
949 6507 121
3156 3143 121
3616 3615 121
3057 3120 121
3334 3623 121
3331 3095 121
3146 3145 121
7504 7508 121
7230 7509 121
7434 7433 121
7182 7440 121
7248 7246 121
6507 6316 121
8829 8830 121
8829 8122 121
6304 6308 121
6298 6411 121
6322 6344 121
6474 6307 121
6444 5732 121
6397 6340 121
6384 6318 121
6335 6319 121
6386 6294 121
5744 6451 121
6308 6304 121
6368 6369 121
6312 6360 121
6312 6361 121
6363 6362 121
6356 6314 121
6533 7137 121
6571 6802 121
6832 6831 121
342 357 121
1001 1008 121
2187 2180 121
2677 2632 121
914 921 121
855 851 121
933 944 121
1611 1600 121
623 622 121
622 621 121
1688 1690 121
1728 1738 121
1763 1766 121
525 543 121
645 638 121
591 590 121
1688 1694 121
708 694 121
558 593 121
558 557 121
1986 2049 121
1891 1967 121
1967 1942 121
2123 2150 121
2146 2144 121
2155 2167 121
2232 2255 121
2977 2964 121
2964 2978 121
2762 2741 121
289 280 121
1046 1059 121
1471 1473 121
1390 1392 121
1381 1383 121
1062 1065 121
1493 1481 121
1223 1229 121
1056 1054 121
1080 1085 121
1025 1063 121
158 161 121
1299 1296 121
2542 2543 121
2530 2529 121
2905 2906 121
2473 2468 121
2553 2657 121
389 394 121
1752 1754 121
1865 1647 121
1650 1666 121
1799 1790 121
518 520 121
648 649 121
2399 2428 121
139 143 121
1216 1234 121
1214 1215 121
297 262 121
1208 1209 121
1961 1916 121
730 731 121
765 767 121
2085 2094 121
2443 2424 121
2357 2311 121
2357 2364 121
3045 3044 121
3044 3043 121
2907 2904 121
2979 2980 121
2980 2981 121
2781 2748 121
1301 1300 121
1256 1261 121
1175 1169 121
1092 1080 121
2025 2047 121
1457 1456 121
1444 1400 121
2610 2651 121
1096 1113 121
1661 1649 121
1866 1856 121
126 141 121
2084 2093 121
796 781 121
174 168 121
1391 293 121
577 578 121
491 490 121
531 530 121
676 669 121
307 306 121
259 255 121
556 547 121
1122 1125 121
1938 1890 121
595 592 121
1279 1283 121
1026 1047 121
1285 1284 121
1293 1295 121
1273 1292 121
1178 1179 121
1066 1064 121
1089 1079 121
1079 1083 121
966 958 121
3003 3004 121
3004 3005 121
146 1922 121
1922 146 121
1958 1931 121
326 356 121
1500 1329 121
579 581 121
2758 2757 121
2252 2251 121
2509 2522 121
2752 2734 121
2091 2092 121
2770 2769 121
2875 2874 121
2885 2886 121
2159 2160 121
1899 1879 121
2106 2084 121
2123 2152 121
2961 2944 121
2275 1981 121
2268 2272 121
146 1922 121
2535 2515 121
2416 2568 121
2050 1912 121
2561 2579 121
2533 2545 121
6448 6367 121
6372 6294 121
6390 6391 121
6440 6441 121
8113 8070 121
6421 6370 121
995 1210 121
8069 8076 121
4722 4721 121
6367 6448 121
8067 8139 121
356 455 121
995 1210 121
1404 2894 121
1980 1972 121
7182 7447 121
10390 10930 121
10429 10903 121
406 455 121
1970 1971 121
111 220 121
10429 10471 121
5567 5580 121
8130 8128 121
6507 6297 121
7368 7367 121
