# UVT temporal graph (first 3 hours)
# city=luxembourg
# T_max=120  total_nodes=1247  total_temporal_edges=7904
# first10_window_end=12  last50_window_start=61
#
# SOURCE-TARGET-DEADLINE (4 combos):
# combo 1: source=407 target=1439 deadline=50  (travel=25, dep_t=12, arr_t=36, hops=8)
# combo 2: source=407 target=1430 deadline=56  (travel=28, dep_t=12, arr_t=39, hops=9)
# combo 3: source=893 target=1439 deadline=120  (NO_PATH -> deadline=T)
# combo 4: source=893 target=1430 deadline=120  (NO_PATH -> deadline=T)
#
# u v t
1410 1411 1
1411 1377 2
1377 1907 3
1907 1955 4
1955 1867 5
1867 1921 6
1921 1926 7
1926 893 8
1568 1759 9
1759 1760 10
1760 1805 11
893 903 11
1393 360 12
1805 2308 12
903 899 12
407 1618 12
2308 2272 13
899 892 13
892 1956 13
2272 2267 14
1978 2090 15
2094 1100 15
1730 2529 15
2090 2021 16
1956 699 16
1618 1601 16
360 703 17
2409 2306 17
1615 1631 17
2021 2012 17
1402 1437 17
2463 2460 17
2306 2328 18
1631 1844 18
2012 2024 18
1437 1444 18
1100 1113 18
2529 2540 18
698 2180 18
1601 1616 18
2328 2322 19
2322 2420 19
1844 1616 19
1616 1751 19
2024 2054 19
2054 1990 19
1375 1944 19
699 1385 19
1616 1592 19
2267 1426 19
1290 1770 20
2420 2440 21
1751 1746 21
1746 1594 21
1594 1667 21
1990 2058 21
2058 2089 21
1385 1367 21
1444 1358 21
1113 1147 21
1592 268 21
703 2180 22
2440 2318 22
1667 1589 22
2267 2233 22
2089 2030 22
1944 805 22
1367 1390 22
1147 2482 22
2540 2351 22
2180 703 22
130 1120 22
2318 1360 23
1589 1788 23
2233 2324 23
2030 2083 23
1390 667 23
1358 1009 23
2482 2504 23
1120 164 23
1426 2316 23
1360 1393 24
1788 208 24
2324 224 24
2083 1469 24
352 361 24
2504 2464 24
1770 2200 24
2270 2250 24
1375 2097 24
1469 1399 25
805 2262 25
667 669 25
2464 104 25
2250 1786 25
2267 2272 25
164 129 25
406 2271 25
2180 698 26
208 184 26
224 1171 26
398 388 26
361 1030 26
669 665 26
1009 1010 26
104 101 26
2351 1066 26
1393 953 26
1786 1562 26
2272 2244 26
2316 268 26
1393 1439 27
184 206 27
1399 1439 27
388 389 27
389 394 27
665 666 27
1010 952 27
101 57 27
703 360 27
1562 2295 27
1393 782 27
2244 1805 27
129 2303 27
206 775 28
775 777 28
1171 1170 28
1439 1430 28
2262 1888 28
394 386 28
1393 1439 28
952 1135 28
57 119 28
1066 953 28
2295 1107 28
800 939 28
1805 1581 28
1439 1430 29
777 780 29
1170 1175 29
1175 1165 29
1430 1438 29
386 384 29
1030 1028 29
1439 1430 29
666 1813 29
119 66 29
2200 1640 29
1393 724 29
1107 1806 29
939 944 29
1581 1803 29
2303 1144 29
1615 1842 29
1430 1444 30
780 767 30
767 1177 30
1165 1173 30
1430 1438 30
1135 1132 30
66 1572 30
2096 1110 30
1730 1066 30
944 1078 30
1803 1802 30
1144 1142 30
1842 1763 30
1763 1692 30
1177 1158 31
1173 1158 31
1158 1177 31
384 2348 31
1028 280 31
1132 283 31
1572 1802 31
1110 1557 31
360 1393 31
1806 2243 31
1393 779 31
1078 943 31
1802 1572 31
1142 1139 31
1692 1590 31
1590 1628 31
2271 2417 31
1158 1173 32
1173 1165 32
1177 767 32
1888 49 32
2348 2345 32
1383 1392 32
280 257 32
283 1068 32
1802 1759 32
953 1393 32
953 1066 32
2243 1545 32
1245 1210 32
943 970 32
970 942 32
1572 66 32
1139 1465 32
268 2220 32
2337 1566 32
1748 1675 32
676 677 32
2267 2272 32
1472 1504 33
1165 1179 33
767 780 33
2345 2350 33
1392 1388 33
444 11 33
257 251 33
1068 1767 33
1759 2307 33
1640 1195 33
1210 1246 33
1246 1212 33
942 2175 33
1393 1439 33
66 119 33
1628 1838 33
1566 1756 33
1675 1740 33
677 671 33
2272 2244 33
1504 1477 34
1179 1170 34
1170 1159 34
780 777 34
2350 1768 34
1388 785 34
11 1160 34
251 341 34
1767 2345 34
724 1195 34
477 478 34
1545 1753 34
1183 1815 34
1212 1247 34
2175 947 34
947 2174 34
1393 1439 34
119 111 34
111 102 34
1838 1686 34
1686 1789 34
1756 1572 34
1740 1631 34
671 674 34
2244 1805 34
1477 1474 35
1474 1510 35
1159 224 35
777 770 35
1768 1767 35
1767 1066 35
1160 1168 35
341 62 35
1261 1387 35
1066 2351 35
1557 668 35
478 495 35
495 2001 35
1247 1207 35
779 806 35
2174 2181 35
1439 1430 35
102 2461 35
1789 1634 35
2220 1393 35
1572 1568 35
1631 1844 35
674 187 35
1393 2220 35
1805 1760 35
2029 2090 36
770 199 36
1393 1439 36
1168 1173 36
1955 1907 36
1813 564 36
2345 2290 36
2307 2271 36
668 666 36
666 665 36
1753 2267 36
1207 1208 36
1208 1243 36
806 2436 36
2181 2172 36
1430 1444 36
268 1592 36
1439 1430 36
2461 2478 36
1465 679 36
1634 1789 36
1789 1686 36
1568 1803 36
1844 1616 36
1616 1751 36
2053 93 36
1760 1759 36
2090 2030 37
1444 1339 37
1510 1362 37
224 2232 37
199 184 37
1438 30 37
251 257 37
49 1393 37
1066 1766 37
1173 1177 37
62 83 37
83 73 37
1438 1350 37
1907 1869 37
1387 1417 37
2290 2291 37
2001 1999 37
1066 953 37
1181 1180 37
1180 1979 37
1815 519 37
1243 2023 37
2172 385 37
1430 1444 37
2478 2464 37
1686 1838 37
1803 2275 37
225 239 37
187 186 37
93 94 37
67 45 37
1339 252 38
1362 1327 38
1327 1346 38
184 208 38
1568 1759 38
30 594 38
594 598 38
257 280 38
1766 1068 38
785 2044 38
1177 767 38
1350 1895 38
1869 440 38
1417 2092 38
2291 425 38
2271 1567 38
2351 2540 38
665 669 38
669 667 38
1999 612 38
1979 2064 38
2064 1981 38
2023 2061 38
2061 2083 38
2436 2320 38
385 1358 38
1444 1339 38
679 683 38
1838 1628 38
920 917 38
2275 1728 38
1728 2342 38
1751 1746 38
1746 1847 38
1847 1848 38
94 1495 38
1759 1802 38
2030 2062 39
1346 1330 39
2232 1799 39
1799 2233 39
208 1788 39
1759 1760 39
598 256 39
280 1027 39
1393 1439 39
1439 1430 39
1068 283 39
767 777 39
73 61 39
440 2488 39
2092 2098 39
425 2540 39
398 389 39
1195 1640 39
667 1390 39
612 1328 39
1981 1915 39
406 590 39
1358 1444 39
1339 1513 39
1444 1358 39
2464 2504 39
2504 2481 39
683 682 39
917 2234 39
2342 1806 39
239 242 39
1848 208 39
186 157 39
45 113 39
1802 1572 39
2062 2087 40
265 306 40
306 269 40
252 254 40
2233 1579 40
1788 1589 40
1760 1805 40
256 586 40
586 255 40
1027 1032 40
1430 1444 40
283 282 40
2044 2050 40
777 772 40
1895 1939 40
1939 1940 40
2488 2485 40
2098 2109 40
564 562 40
2540 2541 40
1410 1955 40
389 394 40
1195 724 40
1328 1332 40
519 515 40
590 1107 40
2083 1469 40
2320 2417 40
2417 1890 40
1592 1616 40
364 557 40
2481 2501 40
1628 1590 40
1590 1692 40
2234 2480 40
1806 2327 40
242 223 40
223 1538 40
1572 66 40
2087 2056 41
269 330 41
247 215 41
254 303 41
303 287 41
1330 1339 41
1579 2267 41
1589 1667 41
1667 1594 41
1805 2308 41
255 339 41
1439 1430 41
282 1132 41
2050 2041 41
772 183 41
61 46 41
1940 1965 41
1965 1966 41
927 954 41
2485 2493 41
2493 1868 41
2109 2094 41
562 1787 41
2541 2524 41
1567 68 41
394 386 41
2540 2529 41
1390 1367 41
1332 56 41
953 1393 41
515 522 41
1469 1399 41
1358 385 41
2501 2482 41
407 1618 41
682 684 41
1692 1763 41
1763 1631 41
1538 1540 41
208 184 41
157 154 41
1495 1487 41
113 463 41
66 119 41
2056 1399 42
330 331 42
215 236 42
236 210 42
287 284 42
2207 357 42
1594 1746 42
1746 1751 42
2308 2272 42
339 259 42
1032 361 42
1430 1438 42
2337 1566 42
1891 1934 42
1444 1358 42
1132 1135 42
2041 2047 42
183 240 42
46 603 42
1966 1897 42
1868 1926 42
1926 1951 42
2094 2113 42
1955 1921 42
386 384 42
1367 1388 42
56 1216 42
1915 1903 42
1903 1908 42
123 121 42
522 4 42
1513 1484 42
1484 1344 42
1616 1601 42
385 2172 42
557 1349 42
2482 1121 42
684 680 42
1402 2063 42
1631 1844 42
2267 1764 42
2480 432 42
2327 2307 42
1540 1536 42
184 240 42
154 1542 42
1487 2027 42
1503 1347 42
119 60 42
1399 1439 43
331 336 43
336 1468 43
284 312 43
1339 1444 43
1751 1616 43
2272 2267 43
800 728 43
259 257 43
257 280 43
1566 1756 43
1934 1906 43
1135 1133 43
2047 707 43
240 231 43
603 597 43
597 588 43
1897 1964 43
954 929 43
1951 1918 43
2113 2099 43
2524 2530 43
1921 1918 43
384 2348 43
1388 785 43
1390 1367 43
1908 1892 43
1107 1759 43
1399 1439 43
1444 1430 43
1344 1345 43
2172 2181 43
1121 1123 43
680 2151 43
1844 1616 43
1616 1718 43
2307 1753 43
1536 1543 43
240 201 43
1542 1536 43
1536 1543 43
2220 268 43
463 2267 43
60 57 43
57 67 43
1439 1430 44
210 228 44
228 214 44
312 326 44
357 355 44
1616 1738 44
2412 2418 44
728 810 44
280 1027 44
361 352 44
1756 1572 44
1358 327 44
1133 1137 44
231 212 44
588 30 44
1964 1656 44
1656 1645 44
929 1184 44
1918 1953 44
2099 1797 44
2530 2148 44
1918 207 44
2348 2345 44
724 1393 44
1640 2200 44
2529 1730 44
1367 1385 44
1892 1937 44
121 2040 44
1439 1430 44
1890 1935 44
1601 1618 44
2181 2174 44
1123 1147 44
1147 1113 44
2151 2155 44
1718 1593 44
1764 2307 44
432 1730 44
1753 2267 44
1543 771 44
201 232 44
1543 771 44
1347 1349 44
1410 1387 44
67 84 44
1430 1438 45
1468 30 45
214 2403 45
326 265 45
355 1841 45
1738 1615 45
2418 2433 45
2433 2325 45
810 737 45
1978 2090 45
1438 30 45
1572 1744 45
1906 1890 45
327 1008 45
1137 1129 45
1129 952 45
707 717 45
212 1402 45
1645 1653 45
1184 645 45
1953 1914 45
1797 2417 45
1787 992 45
2345 2350 45
1730 2529 45
173 1211 45
1385 2372 45
1937 1922 45
2040 2048 45
2048 2040 45
4 2439 45
1759 1802 45
1430 1438 45
1393 268 45
1430 1439 45
1439 1393 45
1345 1340 45
1340 1349 45
2174 947 45
1113 1100 45
2155 1369 45
2063 2014 45
1593 1783 45
1783 1785 45
2307 2327 45
771 773 45
232 226 45
771 773 45
2027 2019 45
1218 1226 45
1537 783 45
1387 1417 45
1417 1428 45
84 43 45
30 1438 46
2403 2409 46
2325 2431 46
737 814 46
1027 1032 46
352 373 46
2090 2021 46
30 596 46
1890 215 46
1008 1009 46
952 1010 46
717 740 46
30 1438 46
1653 1012 46
645 1178 46
1914 1945 46
1945 801 46
2148 2147 46
2350 1768 46
2372 2370 46
1216 1221 46
1221 1242 46
1922 1400 46
2040 121 46
2439 2435 46
1802 1928 46
1935 1886 46
947 2175 46
2014 773 46
1785 1695 46
1410 1382 46
2327 1573 46
773 2014 46
226 204 46
2019 2025 46
1226 1349 46
1428 2100 46
2409 2306 47
1615 1631 47
2431 782 47
814 816 47
816 723 47
1032 361 47
2021 2012 47
596 585 47
1744 2292 47
1010 1009 47
740 741 47
741 705 47
1012 1009 47
1178 1176 47
1176 1009 47
992 991 47
2147 436 47
1768 1767 47
785 2044 47
2370 2376 47
1242 54 47
1400 1416 47
1416 1398 47
121 120 47
1757 1752 47
2435 1105 47
1349 557 47
1618 407 47
2175 942 47
1349 1340 47
1369 1368 47
773 771 47
1695 1779 47
1779 1781 47
1382 1418 47
1418 1414 47
1573 2269 47
2417 2320 47
2014 2063 47
204 244 47
244 1436 47
773 2014 47
2025 2016 47
2016 1541 47
1349 1340 47
783 806 47
2100 2098 47
2098 2093 47
698 2180 48
2306 2328 48
1841 1222 48
1631 1844 48
1130 1136 48
723 738 48
738 726 48
373 369 48
2012 2024 48
585 587 48
2292 1762 48
215 238 48
705 716 48
801 789 48
991 1198 48
436 1730 48
1767 1765 48
2200 1770 48
2529 2540 48
2376 2374 48
1398 713 48
120 124 48
1752 1755 48
1886 1928 48
942 970 48
970 943 48
1340 1345 48
1368 673 48
771 1543 48
1781 1715 48
1568 1803 48
1414 441 48
2269 2335 48
2335 1804 48
2320 2422 48
2063 1984 48
2014 2063 48
2063 1984 48
1340 1345 48
1393 1439 48
806 779 48
1352 599 48
2093 2094 48
2328 2322 49
2322 2420 49
1222 1211 49
1844 1616 49
1616 1751 49
1136 925 49
726 818 49
818 812 49
361 352 49
369 367 49
2024 2054 49
2054 1990 49
587 329 49
1762 1741 49
238 245 49
716 356 49
789 803 49
207 1698 49
1765 1068 49
1375 1944 49
2044 2050 49
2374 785 49
124 122 49
1755 837 49
1100 1113 49
1928 1884 49
1856 1857 49
943 1078 49
1345 1344 49
1618 1601 49
1543 1536 49
1715 1717 49
1717 1779 49
1803 1581 49
441 440 49
1804 463 49
463 64 49
2267 2272 49
2267 1555 49
2422 2313 49
1984 1393 49
1436 1431 49
1984 1393 49
21 19 49
1541 1543 49
1345 1327 49
779 1393 49
2094 721 49
268 2316 49
2267 1426 49
925 956 50
782 1393 50
812 813 50
813 736 50
367 359 50
329 580 50
1741 1726 50
245 241 50
241 243 50
1009 1010 50
356 1026 50
1009 1176 50
1176 1178 50
803 207 50
1068 283 50
2050 2041 50
54 1613 50
713 712 50
122 786 50
837 838 50
1113 1147 50
1884 1933 50
1857 1854 50
1078 944 50
944 939 50
1344 1484 50
1601 1616 50
673 675 50
1779 1695 50
1695 1785 50
1581 1805 50
440 2488 50
64 113 50
113 103 50
1393 2200 50
2272 2244 50
1555 2239 50
2313 47 50
1431 1433 50
19 23 50
1439 1430 50
599 604 50
721 1112 50
1393 2220 50
720 1113 50
1393 360 51
2420 2440 51
1211 1218 51
1751 1746 51
1746 1594 51
1594 1667 51
736 811 51
359 280 51
1990 2058 51
2058 2089 51
580 604 51
1726 2293 51
243 234 51
1010 952 51
1009 1008 51
1026 1034 51
1178 645 51
207 1687 51
1730 1657 51
1657 1647 51
1647 1646 51
1698 280 51
283 282 51
2041 2047 51
785 2044 51
1613 1642 51
712 2050 51
1393 1439 51
78 62 51
62 83 51
786 794 51
838 290 51
1147 2482 51
1393 48 51
1009 1653 51
1933 1883 51
1854 1861 51
1393 1439 51
939 800 51
1484 1513 51
1410 1411 51
675 674 51
1785 1783 51
1805 2308 51
103 91 51
1209 1213 51
2244 2238 51
2239 1434 51
47 68 51
1433 1423 51
23 2415 51
1543 771 51
1327 1346 51
1430 1444 51
604 580 51
1113 1100 51
1438 1350 52
1438 1430 52
2180 703 52
2440 2318 52
265 312 52
1444 1430 52
1218 1226 52
1667 1589 52
2267 2233 52
956 929 52
386 389 52
811 2179 52
280 257 52
2089 2030 52
604 599 52
599 1352 52
234 233 52
952 1129 52
1129 1137 52
1008 327 52
1383 1392 52
1034 1035 52
1438 1430 52
645 1184 52
1687 1698 52
1646 1553 52
282 1132 52
1944 805 52
1730 436 52
2540 2351 52
2047 707 52
1642 1614 52
2050 2041 52
83 68 52
794 788 52
290 270 52
1105 1148 52
2482 2481 52
1653 1645 52
1438 30 52
1883 1938 52
1861 289 52
557 364 52
1616 1592 52
1411 1377 52
674 187 52
1536 1542 52
1783 1593 52
1593 1718 52
2308 2272 52
2488 2485 52
91 118 52
118 116 52
1213 1211 52
2238 2249 52
1434 1429 52
68 48 52
1393 1439 52
1423 1429 52
1393 1439 52
771 773 52
1346 1330 52
580 329 52
1426 2316 52
1100 1153 52
1350 336 53
2318 1360 53
1226 2285 53
1589 1788 53
2233 2324 53
929 960 53
2179 2177 53
257 259 53
2030 2083 53
2293 2340 53
2340 2312 53
233 47 53
1137 1133 53
1133 1135 53
327 1358 53
1392 1388 53
1035 1087 53
1184 929 53
1698 1688 53
1132 1135 53
1770 1290 53
2044 2050 53
1614 1612 53
2041 2047 53
68 58 53
788 1264 53
270 268 53
1148 1930 53
2481 2504 53
48 58 53
1645 1656 53
30 588 53
588 597 53
1938 2230 53
1439 1430 53
1513 1339 53
1377 1907 53
1907 1955 53
1542 154 53
1718 1616 53
2272 2267 53
2485 2493 53
116 101 53
101 104 53
1660 1709 53
2249 2241 53
2241 1790 53
1429 1423 53
48 1402 53
1429 1434 53
773 2014 53
1330 1339 53
1444 1339 53
366 538 53
1393 1439 53
2449 2091 53
329 587 53
587 585 53
2316 1426 53
1430 1439 54
1360 1393 54
312 284 54
1430 1439 54
1439 1356 54
2285 2358 54
1788 208 54
2324 224 54
960 1009 54
389 388 54
388 277 54
2177 2181 54
2181 2172 54
259 339 54
2083 1469 54
2312 2240 54
47 68 54
68 48 54
1891 1934 54
1135 1132 54
1358 1444 54
1388 785 54
1087 1055 54
1430 1439 54
929 954 54
1688 1694 54
1694 1030 54
1135 1133 54
1290 1770 54
43 84 54
436 2147 54
707 717 54
2050 2041 54
2047 707 54
1439 1430 54
58 48 54
48 1393 54
1264 1265 54
1265 1263 54
2504 2464 54
352 361 54
58 71 54
1656 1964 54
1964 1897 54
597 603 54
2230 1943 54
289 288 54
1430 1444 54
1011 1176 54
1592 268 54
1350 1415 54
1955 1867 54
1730 434 54
187 186 54
154 157 54
1616 1738 54
1153 1112 54
2493 2491 54
104 2466 54
1709 1712 54
1790 2268 54
2268 1780 54
1423 1433 54
1439 1430 54
1434 2239 54
1439 1430 54
2415 2416 54
2014 2063 54
1339 1330 54
2091 2026 54
585 596 54
1153 1112 54
336 331 55
331 330 55
1439 1399 55
284 287 55
287 303 55
2358 2360 55
1393 49 55
2172 385 55
339 255 55
255 586 55
1469 1399 55
2240 2330 55
48 1393 55
1934 1906 55
1132 282 55
1055 1086 55
1439 1399 55
954 927 55
1133 1137 55
805 2262 55
2147 2148 55
717 740 55
2041 2047 55
1612 1230 55
1430 1444 55
1263 570 55
1930 1932 55
2464 2478 55
71 341 55
603 46 55
1943 2228 55
2228 1888 55
288 286 55
2267 2272 55
1339 1444 55
1176 1182 55
1415 1339 55
1867 1921 55
157 186 55
1738 1615 55
1112 721 55
721 2110 55
2491 1958 55
1958 1910 55
2466 2464 55
1211 2288 55
1712 1655 55
1780 2229 55
1433 1431 55
1430 1444 55
2239 1555 55
2416 462 55
2063 1984 55
1439 1430 55
596 30 55
1112 721 55
721 2110 55
330 269 56
1399 2056 56
303 254 56
1356 1360 56
2360 2419 56
208 184 56
224 1171 56
1009 395 56
277 283 56
1393 1439 56
385 1358 56
586 256 56
2330 1567 56
282 283 56
1086 1031 56
1399 1469 56
1955 1907 56
1137 1129 56
1393 953 56
84 67 56
2148 2530 56
2351 1066 56
740 741 56
741 705 56
2047 707 56
707 717 56
1932 1936 56
2478 2461 56
429 59 56
361 1030 56
1897 1966 56
46 61 56
286 268 56
2272 2244 56
1444 1358 56
1182 1174 56
1174 1172 56
1921 1951 56
1951 1902 56
434 55 56
186 157 56
2110 2113 56
1910 1902 56
2464 2476 56
2476 2455 56
2229 2292 56
2292 758 56
1431 1436 56
1555 1579 56
1430 1444 56
462 460 56
1984 1393 56
1339 1415 56
538 563 56
1430 1444 56
2026 2028 56
2028 1469 56
1100 1113 56
2316 268 56
2110 2093 56
269 306 57
2056 2087 57
703 360 57
782 783 57
360 703 57
1393 1439 57
254 252 57
184 206 57
283 282 57
1439 1430 57
1358 1444 57
256 598 57
1399 1439 57
1906 1890 57
798 781 57
283 1068 57
1031 1033 57
1105 1148 57
1907 1869 57
68 1402 57
1129 952 57
952 1010 57
67 57 57
705 716 57
1211 1839 57
1230 1193 57
717 740 57
1444 1358 57
1936 1929 57
2461 102 57
59 86 57
341 251 57
1966 1965 57
1965 1940 57
61 69 57
69 73 57
2244 1805 57
1172 647 57
1339 1513 57
1902 1949 57
186 187 57
2113 2099 57
1902 1949 57
2455 2502 57
1655 2280 57
758 747 57
1436 244 57
1579 2267 57
460 458 57
1349 1340 57
1330 1346 57
563 533 57
1469 2083 57
30 1438 57
1113 720 57
1426 2267 57
2093 2098 57
306 265 58
2087 2062 58
252 1339 58
1360 2406 58
49 1888 58
206 775 58
775 777 58
1171 1170 58
395 396 58
282 1132 58
1430 1438 58
1393 1439 58
598 594 58
1439 1430 58
1567 2344 58
1068 1766 58
1444 1430 58
398 388 58
785 2044 58
1033 33 58
1148 1930 58
1469 2083 58
1869 440 58
1010 1009 58
642 641 58
2262 1888 58
1770 2200 58
57 60 58
2530 2524 58
1066 953 58
716 356 58
707 717 58
1193 1233 58
1233 1225 58
740 741 58
741 705 58
1393 1439 58
1929 1897 58
102 1572 58
86 63 58
251 257 58
1940 1939 58
73 83 58
1100 1113 58
1393 1439 58
1805 1581 58
1358 385 58
647 1511 58
1511 1322 58
1949 1944 58
55 1682 58
157 154 58
2099 1797 58
1949 1944 58
2502 2487 58
2487 2456 58
747 756 58
1444 1339 58
458 475 58
1340 1345 58
1346 1327 58
800 939 58
533 557 58
1444 1339 58
2083 2030 58
2220 268 58
2098 2100 58
2062 2030 59
783 806 59
1439 1430 59
1339 1444 59
2406 49 59
777 780 59
1170 1175 59
1175 1165 59
396 387 59
1132 1135 59
1439 1430 59
2412 2418 59
594 30 59
1430 1438 59
1890 215 59
781 768 59
1766 1066 59
1066 1765 59
388 389 59
389 394 59
33 581 59
2083 2061 59
1646 1647 59
440 2488 59
1030 1028 59
280 586 59
641 163 59
60 119 59
119 66 59
2524 2541 59
356 1035 59
717 740 59
1225 1235 59
705 716 59
1358 327 59
570 569 59
63 118 59
1030 1028 59
257 280 59
1939 1895 59
1895 1350 59
1113 1147 59
1317 1316 59
1581 1803 59
385 2172 59
1444 1430 59
1322 1348 59
1513 1488 59
154 1542 59
187 674 59
1615 1842 59
1797 1794 59
2456 1819 59
2288 2357 59
756 762 59
244 204 59
1444 1339 59
475 1162 59
1393 1439 59
1415 1430 59
1345 1327 59
1327 1362 59
939 944 59
557 364 59
1339 1513 59
2030 1984 59
1438 1430 59
2100 1428 59
2030 2090 60
1537 783 60
806 779 60
1430 1444 60
49 2313 60
780 767 60
767 1177 60
1165 1173 60
387 390 60
1135 1133 60
1430 1438 60
2418 2433 60
2433 2325 60
1339 1330 60
30 1438 60
2344 2273 60
215 238 60
768 799 60
1765 1767 60
1430 1439 60
1439 1393 60
394 386 60
2044 2050 60
1930 1932 60
1647 1657 60
2488 2485 60
1028 280 60
1009 317 60
66 1572 60
1730 1393 60
740 741 60
741 705 60
1235 1248 60
716 356 60
327 1008 60
1439 1430 60
569 1349 60
1572 2417 60
118 91 60
1928 1886 60
280 1085 60
83 62 60
62 341 60
1147 1123 60
1123 1121 60
1316 1314 60
1439 1430 60
1803 1802 60
2172 2181 60
1944 1796 60
1682 1497 60
1542 1536 60
1842 1763 60
1763 1692 60
1794 1793 60
1944 1796 60
1819 1811 60
2357 2213 60
2280 2278 60
762 2281 60
204 226 60
1339 1513 60
1362 1510 60
944 1078 60
1537 783 60
43 84 60
1428 1417 60
2090 2029 61
783 806 61
360 1393 61
779 1402 61
2419 962 61
1177 1158 61
1173 1158 61
1158 1177 61
390 2178 61
1133 1137 61
2325 2431 61
1444 1430 61
2273 1782 61
238 245 61
799 808 61
1767 1768 61
386 384 61
2050 2041 61
581 1415 61
1932 1936 61
2061 2023 61
2023 1243 61
1657 436 61
2485 2493 61
2493 1868 61
280 257 61
586 1964 61
163 1769 61
1572 2417 61
2541 2540 61
1035 1055 61
705 716 61
356 1026 61
1008 1009 61
1430 1444 61
91 103 61
1886 2417 61
1393 779 61
1028 280 61
1350 1444 61
1121 2482 61
1314 191 61
1430 1444 61
1802 1572 61
2181 2174 61
1430 1439 61
1348 1508 61
1488 1327 61
1536 1543 61
674 675 61
1692 1590 61
1590 1628 61
1793 1796 61
1811 1796 61
2213 2212 61
2278 2286 61
2286 2309 61
2281 2354 61
226 202 61
1339 1513 61
1162 2196 61
1439 1430 61
1327 1346 61
1510 1474 61
1078 943 61
364 535 61
1984 1393 61
1430 1439 61
2014 1402 61
1417 1387 61
1387 1373 61
806 779 62
1227 1194 62
703 2180 62
2313 2422 62
1888 2262 62
1158 1173 62
1173 1165 62
1177 767 62
2178 2181 62
1137 1129 62
1129 952 62
2431 782 62
1330 1346 62
1782 2294 62
245 241 62
808 2029 62
1768 2350 62
2041 2047 62
1936 1929 62
1243 1208 62
1868 1926 62
1926 1951 62
257 259 62
1402 1437 62
1888 49 62
953 1066 62
2540 425 62
953 1393 62
1839 1840 62
716 356 62
1181 1180 62
1180 1979 62
1026 1035 62
103 113 62
280 257 62
341 334 62
1245 1210 62
2482 2501 62
2501 2481 62
191 185 62
1572 66 62
2174 947 62
1439 1395 62
1508 1507 62
1796 1811 62
1543 771 62
675 673 62
1796 1944 62
1796 1811 62
1796 1944 62
2212 2211 62
2309 2354 62
2354 2281 62
2354 2309 62
2309 2310 62
2337 1566 62
202 240 62
1835 1724 62
1724 1689 62
2267 1764 62
676 677 62
2196 2197 62
1430 1444 62
1430 1439 62
1346 1330 62
943 970 62
970 942 62
1513 1484 62
1484 1344 62
783 806 62
1439 1393 62
84 67 62
2267 463 62
268 2220 62
2267 2272 62
779 808 63
1194 1229 63
356 1026 63
1472 1504 63
2422 2320 63
1165 1179 63
767 780 63
2181 2177 63
2177 2179 63
952 1010 63
1346 1488 63
1430 1439 63
1439 1393 63
2294 1808 63
241 243 63
243 234 63
2350 2345 63
384 2348 63
2047 707 63
444 11 63
1929 1927 63
1208 1207 63
1207 1247 63
436 2147 63
1951 1918 63
259 339 63
317 252 63
1769 1771 63
2200 1640 63
425 2291 63
1055 33 63
1840 1127 63
356 1026 63
1979 2064 63
2064 1981 63
1248 2091 63
1035 1055 63
1009 1010 63
78 62 63
62 83 63
378 1831 63
1897 1350 63
113 64 63
64 463 63
2417 2320 63
257 251 63
1085 1089 63
334 251 63
1210 1246 63
1246 1212 63
2481 2504 63
2504 2464 63
185 188 63
66 119 63
947 2175 63
1507 1327 63
1327 1507 63
1811 1818 63
1818 1794 63
1497 2300 63
771 773 63
673 1368 63
1628 1838 63
1811 1819 63
2281 762 63
2310 2278 63
2278 2280 63
1566 1756 63
240 184 63
1513 1344 63
1689 1736 63
1736 1690 63
677 671 63
1513 1344 63
2197 2195 63
1439 1395 63
1330 1339 63
1474 1477 63
1477 1504 63
942 2175 63
535 374 63
1393 1439 63
1344 1345 63
806 779 63
67 57 63
2272 2244 63
1229 1193 64
1402 1439 64
1026 1034 64
1034 1035 64
1504 1477 64
1179 1170 64
1170 1159 64
780 777 64
2179 1801 64
1010 1009 64
1488 1188 64
1808 2272 64
234 233 64
2345 2348 64
2348 2345 64
307 305 64
11 1160 64
1927 2274 64
1247 1212 64
2147 2148 64
1918 1953 64
339 255 64
2417 2320 64
1437 1444 64
1771 1772 64
2291 2290 64
1026 1035 64
1981 1915 64
1010 952 64
83 68 64
1831 1830 64
463 2335 64
2320 2313 64
251 341 64
1089 987 64
251 257 64
1212 1247 64
2464 2478 64
188 187 64
1444 1339 64
119 111 64
111 102 64
2175 942 64
1395 779 64
1327 1488 64
1507 1508 64
1508 1348 64
1794 1797 64
773 2014 64
1838 1686 64
1686 1789 64
1944 1948 64
1944 1948 64
2211 2045 64
762 756 64
2280 1655 64
1349 1340 64
1756 1572 64
1690 1743 64
1764 2307 64
671 674 64
2195 1349 64
1504 1472 64
2175 947 64
947 2174 64
374 1997 64
62 325 64
779 1393 64
1393 1439 64
57 60 64
268 2316 64
2244 1805 64
808 2029 65
1193 1233 65
1233 1225 65
1035 1087 65
1477 1474 65
1474 1510 65
2320 2417 65
962 960 65
1159 224 65
777 770 65
782 1393 65
2029 2014 65
2272 2267 65
233 47 65
2348 384 65
2345 2350 65
305 314 65
707 717 65
1160 1168 65
1261 1387 65
1212 1246 65
2148 2530 65
1953 1914 65
255 586 65
2320 2422 65
1964 952 65
252 1513 65
1772 793 65
1066 2351 65
2290 2345 65
1127 1128 65
1035 1055 65
1055 33 65
952 1129 65
1129 1137 65
68 58 65
1349 1340 65
2335 2269 65
2269 1573 65
2313 47 65
779 806 65
341 62 65
987 1061 65
257 280 65
280 1027 65
1247 1207 65
1888 1030 65
2478 2461 65
2461 102 65
102 2461 65
942 970 65
970 943 65
1488 1513 65
1348 1511 65
1797 2099 65
2300 2302 65
2014 2063 65
1368 1369 65
1789 1634 65
1948 1949 65
1819 2456 65
1948 1949 65
2045 2042 65
756 745 65
745 747 65
2267 590 65
1340 1345 65
1572 1568 65
184 208 65
1344 1345 65
1743 1673 65
1673 1844 65
2307 2327 65
674 187 65
1344 1345 65
1444 1339 65
2174 2181 65
1997 413 65
1439 1430 65
1345 1340 65
1340 1349 65
60 119 65
119 66 65
2220 1393 65
1393 2220 65
1805 1760 65
2029 2090 66
1225 1235 66
1087 1055 66
2180 698 66
2417 830 66
2262 805 66
770 199 66
1801 1439 66
1009 1008 66
1188 1185 66
2014 808 66
47 68 66
68 48 66
1393 1439 66
2350 1768 66
314 2073 66
1730 1652 66
717 740 66
1415 1339 66
1168 1173 66
2274 1829 66
1246 1210 66
1210 1245 66
1914 1945 66
1945 801 66
586 256 66
2422 2313 66
2345 2350 66
1128 1773 66
2091 1987 66
1137 1133 66
58 48 66
48 1393 66
1340 1345 66
2267 2272 66
1830 2296 66
1573 2307 66
47 50 66
806 2436 66
1061 360 66
1207 1208 66
1208 1243 66
102 111 66
111 119 66
187 186 66
1339 1513 66
2461 2478 66
268 1592 66
943 1078 66
365 356 66
356 1026 66
1511 1322 66
2099 2113 66
2302 817 66
2063 1402 66
1369 2155 66
1634 1789 66
1789 1686 66
1949 1924 66
1924 1902 66
2456 2487 66
1393 48 66
1949 1924 66
1924 1902 66
2042 2051 66
747 758 66
1345 1327 66
1568 1803 66
208 1848 66
1283 173 66
1844 1616 66
1616 1751 66
2327 1806 66
2053 93 66
1395 1984 66
1339 1415 66
2181 2172 66
413 1998 66
325 332 66
1430 1438 66
1439 1430 66
66 1572 66
463 113 66
1760 1759 66
2090 2030 67
1235 1349 67
2315 2305 67
1439 1987 67
1055 1086 67
1444 1339 67
1444 1430 67
1510 1362 67
830 832 67
960 1009 67
224 2232 67
199 184 67
1008 327 67
1438 1350 67
1350 1444 67
1185 1479 67
1479 1482 67
2267 2272 67
1438 1430 67
1438 30 67
808 799 67
48 1393 67
384 386 67
1768 1767 67
1767 1066 67
1652 1649 67
740 741 67
741 705 67
1173 1177 67
1387 1417 67
256 598 67
2313 47 67
1444 1358 67
793 788 67
49 1393 67
1640 1195 67
2350 1768 67
33 1350 67
1055 33 67
1915 1903 67
1903 1919 67
1987 1336 67
1133 1135 67
1444 1339 67
1345 1344 67
62 83 67
83 73 67
1444 1430 67
1027 1032 67
1243 2023 67
119 66 67
2478 2464 67
1078 944 67
944 939 67
1513 1339 67
1322 647 67
2113 2097 67
1686 1838 67
1902 1899 67
2487 2502 67
2502 2455 67
1902 1953 67
2051 2038 67
758 2292 67
1655 1712 67
1803 2275 67
1345 1340 67
225 239 67
187 186 67
1345 1340 67
1339 1513 67
93 94 67
2172 385 67
1998 800 67
332 589 67
1349 557 67
1430 1444 67
1572 1568 67
1830 1831 67
1987 2091 68
1086 1031 68
1339 252 68
1362 1327 68
1327 1346 68
184 208 68
327 1358 68
1350 1895 68
1482 1490 68
1393 1439 68
30 594 68
594 598 68
799 768 68
2073 2077 68
705 716 68
1339 1513 68
1177 767 68
1417 2092 68
2530 2524 68
801 789 68
598 594 68
594 1350 68
47 50 68
952 969 68
1513 1344 68
788 1264 68
1264 1265 68
2351 2540 68
1768 1767 68
1919 1105 68
1135 1132 68
1339 1513 68
1344 1484 68
676 1536 68
2272 2244 68
43 84 68
2296 2303 68
2307 2267 68
50 588 68
2436 2320 68
360 356 68
1032 361 68
2023 2061 68
2061 2083 68
66 1572 68
186 157 68
939 800 68
779 806 68
1026 1034 68
1034 1035 68
2097 2094 68
817 631 68
2155 2154 68
1838 1628 68
1899 1921 68
2455 2476 68
48 58 68
1953 1958 68
2038 1527 68
2292 2229 68
2229 1780 68
1327 1346 68
2275 1728 68
1728 2342 68
1848 1847 68
1847 1746 68
1340 1349 68
1751 1746 68
1746 1847 68
1847 1848 68
1806 2342 68
1340 1349 68
94 1495 68
385 1358 68
800 728 68
1393 1439 68
1568 1759 68
2316 1426 68
113 45 68
1831 378 68
1759 1802 68
2030 2062 69
422 431 69
2305 2313 69
2091 2449 69
1031 1033 69
1033 33 69
1430 1439 69
1346 1330 69
1009 1358 69
805 1944 69
2232 1799 69
1799 2233 69
208 1788 69
1358 1444 69
1444 1430 69
1490 1186 69
2272 2244 69
1430 1439 69
598 256 69
1393 1439 69
927 954 69
768 781 69
1439 1430 69
1066 1766 69
2077 2070 69
1649 1509 69
716 356 69
767 777 69
2092 2098 69
1829 1897 69
2524 2541 69
789 803 69
1358 327 69
1265 570 69
1767 1765 69
1773 1776 69
33 1350 69
1132 282 69
282 283 69
1484 1513 69
2244 1546 69
2303 129 69
588 1361 69
73 61 69
1430 1439 69
1030 359 69
1572 1568 69
1513 1484 69
2464 2504 69
2504 2481 69
806 783 69
1035 1087 69
2094 721 69
2154 680 69
1921 1867 69
1615 1842 69
2476 2464 69
2464 2466 69
58 71 69
1958 2491 69
1527 2311 69
1780 2268 69
1712 1706 69
1706 1660 69
1346 1330 69
2342 1806 69
1746 1751 69
1349 2195 69
239 242 69
1848 208 69
2342 1728 69
186 157 69
1984 2063 69
1358 1444 69
728 737 69
737 814 69
589 585 69
1438 1350 69
953 1184 69
1444 1339 69
1759 1760 69
1802 1572 69
265 306 70
306 269 70
2062 2087 70
431 997 70
2313 47 70
2449 724 70
252 254 70
1439 1356 70
2233 1579 70
1788 1589 70
1439 1393 70
1895 1939 70
1939 1940 70
1186 1347 70
2244 2294 70
1439 1399 70
1439 1430 70
256 586 70
586 255 70
781 798 70
1393 1439 70
1430 1444 70
1766 1068 70
2070 2071 70
1730 1657 70
1657 1647 70
1647 1646 70
356 1026 70
777 772 70
2098 2109 70
803 207 70
50 588 70
969 1135 70
1344 1345 70
1765 1068 70
283 277 70
1393 1439 70
84 67 70
2320 2417 70
2417 1890 70
1439 1356 70
361 352 70
2083 1469 70
1568 1803 70
157 154 70
1484 1344 70
2481 2501 70
1592 1616 70
783 1537 70
1339 1415 70
1087 1055 70
647 1172 70
1172 1174 70
721 1112 70
680 684 70
1628 1590 70
1590 1692 70
1867 1955 70
1842 1631 70
2466 104 70
71 341 70
2491 2493 70
2268 1790 70
1790 1725 70
1725 2241 70
1806 2327 70
1751 1616 70
173 177 70
242 223 70
223 1538 70
1728 1727 70
1727 1759 70
1349 1347 70
1513 1344 70
2063 2014 70
814 816 70
816 724 70
585 602 70
1350 576 70
1439 1430 70
1339 1330 70
1760 1805 70
45 67 70
1572 66 70
269 330 71
2087 2056 71
47 50 71
33 581 71
581 576 71
254 303 71
303 287 71
247 215 71
1330 1339 71
1444 1430 71
1579 2267 71
1589 1667 71
1667 1594 71
1940 1965 71
1965 1966 71
1393 1439 71
1430 1439 71
1347 1485 71
2294 1782 71
1399 1469 71
1430 1444 71
255 339 71
1439 1430 71
954 929 71
1068 283 71
2071 891 71
1646 1560 71
1509 1496 71
1026 1034 71
1513 1344 71
772 183 71
2109 2094 71
1897 1965 71
2541 2540 71
207 1687 71
1350 1339 71
588 1361 71
327 1009 71
1135 1132 71
1345 1340 71
2540 2529 71
1068 1132 71
33 1350 71
1105 1148 71
277 388 71
1513 1484 71
1484 1344 71
1513 1339 71
1546 1806 71
67 57 71
129 164 71
2277 2331 71
61 46 71
1469 1399 71
359 367 71
1803 1581 71
154 1542 71
1344 1345 71
2501 2482 71
407 1618 71
1055 1037 71
1037 1059 71
1174 1182 71
684 682 71
1692 1763 71
1763 1631 71
1955 1907 71
1907 1377 71
1631 1596 71
104 101 71
101 116 71
2493 2485 71
2311 560 71
2241 1805 71
1616 1844 71
1844 1673 71
177 1729 71
1538 1540 71
208 184 71
1759 1802 71
157 154 71
1347 1503 71
1495 1487 71
2014 773 71
724 2449 71
602 601 71
1184 645 71
1430 1444 71
1805 2308 71
66 119 71
1393 1439 72
330 331 72
2056 1399 72
997 982 72
724 816 72
576 1350 72
287 284 72
215 236 72
236 210 72
1356 1360 72
1944 1375 72
1594 1746 72
1746 1751 72
1966 1897 72
1439 1430 72
1439 1395 72
1485 1504 72
1782 2273 72
339 259 72
1430 1438 72
929 1184 72
1439 1430 72
1444 1358 72
283 282 72
1034 1035 72
1383 1392 72
183 240 72
2094 2113 72
1965 1939 72
2540 425 72
1687 1698 72
1402 212 72
1009 952 72
1132 283 72
1340 1349 72
1730 436 72
1148 1930 72
1344 1345 72
1439 1430 72
1806 1107 72
57 60 72
164 1120 72
2331 2346 72
46 603 72
1356 48 72
356 365 72
365 368 72
1891 1934 72
367 369 72
1581 1805 72
1542 1536 72
2482 1121 72
1616 1601 72
1415 1350 72
1182 1176 72
1176 1011 72
1631 1844 72
1377 1411 72
1596 1603 72
116 118 72
341 251 72
2485 2488 72
2267 1764 72
560 563 72
1805 2308 72
2327 2307 72
1673 1743 72
1743 1690 72
1540 1536 72
184 240 72
1802 1572 72
154 1542 72
1344 1345 72
1487 2027 72
268 264 72
773 771 72
1503 1347 72
601 31 72
576 581 72
581 33 72
645 1178 72
557 364 72
2308 2272 72
1426 2267 72
119 60 72
1439 1430 73
331 336 73
336 1468 73
1399 1439 73
982 2475 73
50 588 73
816 814 73
284 312 73
1360 2318 73
1339 1444 73
1430 1439 73
1439 1356 73
1358 1437 73
1751 1616 73
1444 1430 73
1897 1964 73
1430 1438 73
1504 1452 73
1469 2083 73
1444 1358 73
259 257 73
257 280 73
1184 645 73
1430 1444 73
282 1132 73
891 1419 73
1496 1500 73
1035 1087 73
1392 1388 73
1344 1345 73
240 231 73
2113 2099 73
1939 1350 73
1698 1688 73
283 393 73
1349 1347 73
570 569 73
1195 724 73
1132 1135 73
388 389 73
1430 1444 73
1339 1444 73
60 119 73
119 66 73
1120 130 73
2346 2332 73
2332 2347 73
603 597 73
597 588 73
368 370 73
370 379 73
1934 1906 73
1399 1439 73
369 373 73
373 352 73
1805 2308 73
1536 1543 73
1345 1340 73
1121 1123 73
1059 1057 73
1057 1040 73
631 629 73
1844 1616 73
1616 1718 73
1411 1382 73
1603 1704 73
1704 1713 73
118 91 73
91 103 73
251 257 73
2488 440 73
563 533 73
2308 2339 73
2339 1800 73
2307 1753 73
1690 1736 73
1536 1543 73
240 201 73
1572 2338 73
1542 1536 73
1536 1543 73
264 263 73
771 1543 73
1444 1430 73
2449 2091 73
31 1350 73
33 1033 73
1178 1182 73
1444 1339 73
1330 1346 73
2272 2267 73
2220 268 73
60 57 73
57 67 73
1430 1438 74
1439 1430 74
2475 1457 74
814 737 74
737 728 74
1350 1444 74
312 326 74
210 228 74
228 214 74
2318 2440 74
1616 1738 74
1964 1656 74
1656 1645 74
1395 782 74
2273 2344 74
2083 2030 74
280 359 74
645 1178 74
1358 327 74
1132 1135 74
1419 685 74
1087 1055 74
1388 785 74
1345 1340 74
231 212 74
2099 1797 74
425 2291 74
1688 1694 74
1694 1030 74
1339 1513 74
952 969 74
1347 1503 74
569 1349 74
2529 1730 74
1135 952 74
436 2147 74
1930 1932 74
389 394 74
1345 1340 74
1340 1349 74
123 121 74
1107 2295 74
66 1572 74
2347 2334 74
1890 1935 74
588 30 74
48 47 74
1439 1430 74
2308 2272 74
1543 771 74
1340 1349 74
1123 1147 74
1147 1113 74
1601 1618 74
1350 31 74
1040 578 74
629 1284 74
682 683 74
1718 1593 74
1713 1701 74
103 113 74
257 280 74
1764 2307 74
533 1349 74
1800 1778 74
1753 2267 74
1736 1724 74
1724 1835 74
2176 350 74
1729 730 74
1543 771 74
201 232 74
1543 771 74
1345 1340 74
263 2057 74
1543 1541 74
1347 1349 74
1245 1248 74
1182 1174 74
1174 1172 74
1339 1513 74
1346 1327 74
1410 1387 74
67 84 74
1468 30 75
1430 1438 75
1349 1340 75
588 1350 75
728 800 75
326 265 75
214 2403 75
2440 2322 75
1356 1360 75
1738 1615 75
1430 1439 75
1439 1393 75
1645 1653 75
2344 1567 75
2030 2088 75
1358 385 75
359 367 75
1438 30 75
1178 1176 75
1176 1009 75
1444 1339 75
327 1008 75
1135 1133 75
1500 562 75
1055 1086 75
1340 1349 75
212 1402 75
1797 2417 75
2291 2290 75
969 1135 75
1730 2529 75
2147 2148 75
1932 1936 75
394 386 75
1444 1339 75
78 62 75
62 83 75
2295 1562 75
1572 2417 75
130 131 75
131 1000 75
379 352 75
352 373 75
1906 1890 75
1430 1438 75
352 370 75
1393 268 75
2272 2267 75
771 773 75
1349 1347 75
1113 1100 75
31 601 75
578 580 75
1284 173 75
683 696 75
1593 1783 75
1783 1785 75
1701 1777 75
113 64 75
280 1085 75
440 441 75
2307 2327 75
1778 2267 75
771 773 75
232 226 75
771 773 75
1349 1340 75
1340 1349 75
2027 2019 75
1430 1439 75
1439 1393 75
2091 1987 75
1350 1415 75
1033 1031 75
1172 647 75
1537 783 75
1327 1362 75
1387 1417 75
1417 1428 75
84 43 75
30 1438 76
1340 1345 76
1457 1458 76
800 1998 76
1444 1430 76
2403 2409 76
2322 2420 76
1653 1012 76
1438 1350 76
1567 2330 76
2088 2089 76
385 2172 76
367 369 76
30 596 76
1339 252 76
1008 1009 76
1133 1137 76
1086 1031 76
1349 1347 76
2290 2348 76
1955 1907 76
1513 1484 76
1135 1132 76
952 1010 76
2148 2530 76
1936 1929 76
1349 1485 76
1339 1513 76
83 68 76
121 2040 76
1562 1547 76
2334 2353 76
2417 2320 76
1935 1886 76
30 1438 76
47 233 76
1890 215 76
773 2014 76
1347 1503 76
601 602 76
580 35 76
173 1284 76
696 1465 76
1785 1695 76
1503 1347 76
1777 1833 76
1833 1674 76
64 463 76
441 1414 76
2327 1573 76
350 1312 76
730 1220 76
773 2014 76
226 204 76
2338 2337 76
1340 1345 76
1349 1347 76
2019 2025 76
2057 2055 76
1541 2016 76
1248 724 76
1987 1439 76
1415 1358 76
1452 1504 76
1504 1485 76
1031 1086 76
647 1511 76
1511 1346 76
1362 1353 76
1428 2100 76
1438 1350 77
1345 1327 77
1458 1459 77
1350 1415 77
1998 413 77
2409 2306 77
2420 2328 77
1360 2406 77
1615 1631 77
1012 1009 77
1350 1895 77
2089 2058 77
2058 1990 77
2172 2181 77
369 373 77
596 585 77
1009 1008 77
1137 1129 77
1129 952 77
685 686 77
562 363 77
1031 1033 77
1907 1869 77
1484 1344 77
1132 283 77
724 1393 77
2417 2320 77
1010 1358 77
1929 1927 77
1393 953 77
1485 1504 77
68 58 77
1349 1340 77
2040 2048 77
2048 2040 77
1547 1561 77
2353 2284 77
233 234 77
373 369 77
370 368 77
268 286 77
2014 2063 77
1618 407 77
602 585 77
35 585 77
1465 1139 77
1695 1779 77
1779 1781 77
1674 1591 77
1591 1668 77
463 1804 77
1414 1389 77
1573 2269 77
1393 49 77
2014 2063 77
204 244 77
244 1436 77
773 2014 77
1345 1327 77
1347 1503 77
2025 2016 77
2016 1541 77
2055 802 77
2016 2025 77
2025 2019 77
1349 1340 77
724 1154 77
1485 1347 77
1086 1055 77
1346 1327 77
1513 1484 77
1484 1344 77
783 806 77
1353 1326 77
1326 1505 77
2100 2098 77
2098 2093 77
2267 463 77
1350 1895 78
1459 1460 78
413 1997 78
1430 1439 78
1439 1393 78
2306 2328 78
2328 2306 78
2406 49 78
1631 1844 78
1009 1011 78
2330 2240 78
1990 2054 78
2181 2177 78
373 352 78
585 587 78
1008 327 78
252 254 78
1009 1010 78
952 1010 78
686 2511 78
1033 33 78
785 2044 78
2348 393 78
1869 440 78
1344 1345 78
283 393 78
1349 1340 78
2320 2422 78
2529 2540 78
2530 2524 78
1927 1897 78
698 2180 78
1504 1472 78
58 48 78
48 1393 78
1340 1345 78
2040 121 78
1561 1554 78
2284 2310 78
2320 2422 78
1886 1928 78
234 243 78
369 367 78
215 238 78
368 365 78
365 356 78
2063 1984 78
585 35 78
1781 1715 78
1347 1349 78
1668 1676 78
1804 2335 78
1085 1089 78
1389 1413 78
2269 2335 78
2335 1804 78
1312 1313 78
2063 1984 78
779 806 78
2014 2063 78
2063 1984 78
2019 2027 78
1340 1345 78
1393 1439 78
1154 815 78
1358 327 78
1055 1087 78
1327 1362 78
1344 1345 78
806 779 78
1505 1453 78
1352 599 78
2093 2094 78
1327 1346 79
1460 1455 79
1415 1339 79
1997 374 79
2328 2322 79
2322 2420 79
2306 2409 79
49 2313 79
1437 1402 79
1844 1616 79
1616 1751 79
1895 1939 79
1939 1940 79
2240 2312 79
2054 2024 79
2177 2179 79
1375 1944 79
587 329 79
327 1358 79
254 303 79
303 287 79
1010 952 79
1010 1009 79
363 2383 79
33 581 79
1100 1113 79
1030 1028 79
440 2488 79
1345 1340 79
1340 1345 79
2422 2313 79
2524 2541 79
1513 1484 79
1484 1344 79
1345 1327 79
121 120 79
1536 1469 79
1554 2250 79
2310 2352 79
2422 2313 79
1928 1884 79
1011 1009 79
243 241 79
241 245 79
367 359 79
238 245 79
356 360 79
1856 1857 79
1984 1393 79
1618 1601 79
585 602 79
1284 629 79
1715 1717 79
1717 1779 79
1349 1340 79
1676 1598 79
1598 1774 79
2267 1426 79
2335 2269 79
2269 1573 79
1089 987 79
1804 463 79
463 64 79
2267 2272 79
1349 1340 79
2267 1555 79
1313 1315 79
2195 2197 79
1984 1393 79
1436 1431 79
806 2436 79
1984 1393 79
1327 1346 79
21 19 79
1541 1543 79
1345 1327 79
815 809 79
1439 1395 79
327 1008 79
62 83 79
83 50 79
1347 1186 79
1087 1035 79
1362 1353 79
779 1393 79
1453 1347 79
2094 721 79
268 2316 79
1895 1939 80
1939 1940 80
1346 1330 80
374 535 80
2409 2403 80
1940 1965 80
1965 1966 80
782 2431 80
2312 2340 80
2024 2012 80
2012 2021 80
2179 735 80
735 811 80
329 580 80
1358 1415 80
287 284 80
952 1129 80
1129 1137 80
2044 2050 80
1113 1147 80
1028 280 80
2488 2485 80
1340 1349 80
1345 1327 80
2313 47 80
1344 1345 80
120 124 80
2250 2255 80
2267 1539 80
2352 167 80
2313 47 80
1884 1933 80
245 238 80
359 1027 80
245 241 80
241 243 80
1857 1854 80
286 288 80
35 580 80
1601 1616 80
602 601 80
629 631 80
1779 1695 80
1695 1785 80
1340 1345 80
1774 1846 80
1846 1843 80
1573 2327 80
987 1061 80
1393 2220 80
64 113 80
113 103 80
1349 1340 80
49 2262 80
2272 2244 80
1340 1345 80
1555 2239 80
1315 2380 80
1220 1222 80
2197 2196 80
1431 1433 80
1346 1330 80
19 23 80
802 804 80
2027 1487 80
1439 1430 80
809 736 80
1008 1009 80
1186 1490 80
1035 1034 80
1353 1326 80
1326 1505 80
1345 1340 80
1340 1349 80
599 604 80
721 1112 80
720 1113 80
1940 1965 81
1965 1966 81
1330 1339 81
1455 1239 81
1339 1513 81
535 364 81
2420 2440 81
2403 214 81
2313 2422 81
1751 1746 81
1746 1594 81
1594 1667 81
1966 1897 81
2340 2293 81
2021 2085 81
811 736 81
580 604 81
284 312 81
1137 1133 81
1009 1008 81
2511 1858 81
2383 2384 81
581 1415 81
2050 2041 81
1147 2482 81
280 257 81
2485 2493 81
2493 1868 81
1349 1347 81
47 50 81
2541 2540 81
1327 1346 81
124 122 81
2255 2270 81
167 220 81
47 50 81
1393 48 81
1933 1883 81
1009 1653 81
238 215 81
1027 1032 81
243 234 81
1854 1861 81
288 289 81
580 578 81
601 31 81
631 817 81
1139 1142 81
1785 1783 81
1345 1327 81
1843 1668 81
1668 1591 81
2327 2307 81
1061 360 81
103 91 81
1340 1345 81
1209 1213 81
2244 2238 81
1345 1327 81
2239 1434 81
1222 1211 81
2196 1162 81
1433 1423 81
1330 1339 81
23 2415 81
1543 771 81
804 1900 81
1327 1346 81
1430 1444 81
832 830 81
736 811 81
1395 779 81
1009 1176 81
50 1438 81
1490 1482 81
1034 1026 81
1026 356 81
1505 1329 81
1347 1512 81
604 580 81
463 113 81
348 351 81
1113 1100 81
1966 1897 82
1438 1430 82
1438 1350 82
1227 1194 82
2440 2318 82
214 228 82
1444 1430 82
2422 2320 82
1667 1589 82
2267 2233 82
1897 1964 82
2293 1741 82
2085 1978 82
736 813 82
813 812 82
1944 805 82
604 599 82
599 1352 82
1415 1350 82
312 326 82
798 781 82
1133 1135 82
1008 327 82
1858 547 82
1347 1349 82
2384 2379 82
2041 2047 82
2482 2481 82
257 259 82
1868 1926 82
1926 1951 82
1347 1503 82
1327 1346 82
2540 2351 82
2540 425 82
1897 1966 82
2460 2463 82
2180 703 82
1345 1340 82
1340 1349 82
1393 1439 82
1444 1430 82
1346 1330 82
122 786 82
1539 2253 82
220 845 82
1883 1938 82
1653 1645 82
1438 1430 82
215 1890 82
1032 1888 82
234 233 82
1438 30 82
360 1061 82
1861 289 82
289 1861 82
1393 1439 82
578 1040 82
1616 1592 82
31 1350 82
130 1120 82
1142 1144 82
1783 1593 82
1593 1718 82
1591 1674 82
2307 1753 82
91 118 82
118 116 82
1345 1327 82
1213 1211 82
2238 2249 82
1434 1429 82
1162 475 82
1393 1439 82
1423 1429 82
2436 2320 82
1393 1439 82
771 773 82
1900 1912 82
1346 1330 82
811 2179 82
1176 1178 82
1482 1479 82
1329 1504 82
1349 557 82
1512 1503 82
580 329 82
2097 1375 82
351 349 82
349 1190 82
1100 1153 82
1897 1894 83
1350 336 83
1239 1349 83
1194 1229 83
364 557 83
2318 1360 83
228 210 83
1589 1788 83
2233 2324 83
1393 1439 83
1964 1656 83
1656 1645 83
2431 2325 83
812 818 83
326 265 83
1135 1132 83
327 1358 83
547 999 83
2379 567 83
2047 707 83
2481 2504 83
259 339 83
1951 1918 83
1346 1330 83
50 588 83
425 2291 83
1966 1965 83
2463 2462 83
953 1066 83
1330 1339 83
786 794 83
2253 1567 83
50 588 83
48 58 83
1938 2230 83
1645 1656 83
1890 1906 83
233 47 83
30 588 83
588 597 83
1061 987 83
1861 1856 83
1040 1057 83
1057 1059 83
1120 164 83
1144 2303 83
1718 1616 83
1327 1346 83
1674 1833 83
1833 1777 83
1426 2316 83
1753 2267 83
360 356 83
116 101 83
101 104 83
1660 1709 83
2249 2241 83
2241 1790 83
1327 1346 83
1429 1423 83
2380 835 83
1211 1209 83
1429 1434 83
773 2014 83
1912 1909 83
1487 1495 83
1330 1339 83
1444 1339 83
830 2417 83
2179 2177 83
366 538 83
1472 1504 83
1178 645 83
1479 1185 83
1504 1485 83
1393 1439 83
1503 1506 83
2449 2091 83
329 587 83
587 585 83
364 557 83
113 45 83
2316 1426 83
1894 1893 84
1893 1941 84
1430 1439 84
1339 1415 84
1513 1344 84
1229 1193 84
557 533 84
1360 1393 84
210 236 84
1430 1439 84
1439 1356 84
2320 2417 84
1788 208 84
2324 224 84
1645 1653 84
2325 2433 84
1741 1762 84
818 726 84
726 738 84
1350 31 84
781 768 84
1132 282 84
282 283 84
1358 1444 84
1349 1340 84
567 564 84
2504 2464 84
339 255 84
1918 1953 84
1330 1339 84
588 1361 84
2291 2290 84
1965 1940 84
1349 1485 84
1439 1430 84
1430 1439 84
1439 1396 84
794 788 84
2270 2250 84
588 1361 84
58 71 84
2230 1943 84
352 361 84
1656 1964 84
1964 1897 84
1430 1439 84
47 68 84
68 48 84
597 603 84
289 288 84
1439 1430 84
1059 1037 84
1592 268 84
1350 1415 84
2303 129 84
1616 1738 84
1346 1330 84
1153 1112 84
1777 1701 84
1701 1713 84
104 2466 84
1327 1346 84
1709 1712 84
590 2267 84
1790 2268 84
2268 1780 84
1346 1330 84
1423 1433 84
475 458 84
1439 1430 84
1434 2239 84
1439 1430 84
1339 1415 84
2415 2416 84
2014 2063 84
1909 157 84
1495 94 84
1339 1330 84
2417 2320 84
2177 2181 84
2181 2172 84
1504 1485 84
645 1184 84
62 325 84
1185 1188 84
1485 1347 84
2091 2026 84
585 596 84
1375 2097 84
1190 1189 84
1153 1112 84
1941 988 85
1439 1399 85
336 331 85
331 330 85
1193 1233 85
1233 1225 85
236 215 85
2417 830 85
1439 1801 85
1653 1012 85
2433 2418 85
1762 2292 85
738 723 85
723 814 85
805 2262 85
31 601 85
768 799 85
283 1068 85
386 384 85
999 1000 85
1340 1345 85
707 717 85
2464 2478 85
255 586 85
1953 1914 85
2290 2345 85
1940 1939 85
2462 134 85
895 892 85
1485 1504 85
1430 1444 85
1339 1415 85
788 1264 85
1469 2091 85
2540 2539 85
2250 1786 85
1567 1420 85
845 880 85
71 341 85
1943 2228 85
2228 1888 85
1439 1399 85
1906 1934 85
48 1393 85
603 46 85
987 1089 85
288 286 85
1430 1444 85
2267 2272 85
1037 1029 85
1415 1339 85
164 129 85
1738 1615 85
1330 1339 85
1112 721 85
721 2110 85
1713 1704 85
1704 1697 85
1393 49 85
2466 2464 85
1346 1330 85
1211 2288 85
1712 1655 85
1780 2229 85
1433 1431 85
1209 835 85
458 460 85
460 462 85
1430 1444 85
2239 1555 85
2320 2417 85
2416 462 85
2063 1984 85
2320 2421 85
2421 2422 85
2172 385 85
779 806 85
1485 1349 85
1184 929 85
1188 1488 85
1537 783 85
1439 1430 85
596 30 85
557 1349 85
45 67 85
1189 1163 85
1112 721 85
721 2110 85
1399 2056 86
330 269 86
1344 1345 86
1225 1235 86
533 563 86
215 247 86
1356 1360 86
830 832 86
208 184 86
224 1171 86
1012 1009 86
2418 2412 86
2292 1744 86
814 737 86
601 602 86
799 808 86
1068 1766 86
1000 983 86
1345 1327 86
564 1816 86
1415 1339 86
717 740 86
1198 991 86
2478 2461 86
586 256 86
1914 1945 86
1945 801 86
2351 1066 86
2345 2350 86
1393 953 86
1939 1895 86
1066 1730 86
892 899 86
1504 1472 86
1396 48 86
1264 1265 86
1265 1263 86
2539 1622 86
1786 1562 86
1420 1386 86
1000 1349 86
880 848 86
848 841 86
361 1030 86
1897 1966 86
1399 1469 86
1934 1931 86
46 61 86
1089 1085 86
286 268 86
1856 1857 86
2272 2244 86
1029 1088 86
365 356 86
356 1026 86
817 2302 86
129 164 86
2110 2113 86
1697 1844 86
2316 268 86
2464 2476 86
2476 2455 86
1330 1339 86
2229 2292 86
2292 758 86
1431 1436 86
835 1209 86
462 2416 86
1555 1579 86
2417 1890 86
1430 1444 86
462 460 86
1984 1393 86
94 93 86
1339 1415 86
2422 2313 86
385 1358 86
806 783 86
538 563 86
929 954 86
325 332 86
1438 50 86
1537 783 86
1488 1346 86
1347 1186 86
783 806 86
1430 1444 86
2026 2028 86
2028 1469 86
1245 1210 86
1100 1113 86
1163 1465 86
2110 2093 86
988 989 87
2056 2087 87
269 306 87
1415 1430 87
1235 1349 87
563 538 87
1393 1439 87
1393 360 87
184 206 87
1009 1011 87
1744 1572 87
737 810 87
602 585 87
808 2029 87
1766 1066 87
384 2348 87
983 1230 87
740 741 87
741 705 87
991 992 87
1105 1148 87
2461 102 87
256 598 87
1339 1415 87
2350 1768 87
1551 1549 87
1549 1006 87
1895 1350 87
134 2070 87
703 360 87
899 901 87
1444 1339 87
48 58 87
1415 33 87
1263 570 87
1562 2295 87
1386 220 87
841 845 87
341 251 87
1966 1965 87
1965 1940 87
61 69 87
69 73 87
1085 280 87
1857 1854 87
2244 1805 87
1088 1091 87
1339 1513 87
129 2303 87
2113 2099 87
1844 1616 87
1616 1845 87
2455 2502 87
1655 2280 87
2262 1944 87
758 747 87
1436 244 87
2416 2415 87
1579 2267 87
1415 1430 87
460 458 87
157 154 87
93 2053 87
1330 1346 87
2313 49 87
783 782 87
563 533 87
1349 1340 87
954 927 87
332 589 87
1472 1504 87
1186 1490 87
1490 1341 87
806 779 87
557 364 87
1469 2083 87
1210 1246 87
1246 1212 87
30 1438 87
1113 720 87
463 2267 87
1426 2267 87
1465 679 87
2093 2098 87
2087 2062 88
306 265 88
1345 1340 88
1360 2406 88
206 775 88
775 777 88
1171 1170 88
1130 1136 88
810 728 88
2262 1888 88
585 589 88
589 332 88
1066 1765 88
1765 1767 88
1444 1430 88
2348 2345 88
1327 1346 88
1339 1513 88
705 716 88
992 1787 88
1148 1930 88
102 1572 88
598 594 88
594 1350 88
801 789 88
1066 953 88
1768 1767 88
901 894 88
1339 1513 88
58 71 88
2091 1349 88
2295 1107 88
845 867 88
1464 1465 88
251 257 88
1940 1939 88
1469 2083 88
1931 1889 88
1393 1439 88
73 83 88
1444 1339 88
1805 1581 88
1091 1060 88
1026 1034 88
1034 1035 88
2302 2300 88
164 144 88
1339 1415 88
2099 1797 88
1845 1621 88
1621 1720 88
49 1888 88
2220 268 88
2502 2487 88
2487 2456 88
747 756 88
2415 23 88
1444 1339 88
1890 1935 88
458 475 88
154 1542 88
1346 1327 88
800 939 88
1358 1339 88
533 557 88
1340 1345 88
1504 1477 88
783 806 88
1346 1330 88
1341 945 88
779 808 88
1444 1339 88
2083 2030 88
1212 1247 88
2098 2100 88
989 990 89
2062 2030 89
1340 1349 89
538 366 89
1439 1430 89
2406 49 89
777 780 89
1170 1175 89
1175 1165 89
1801 2179 89
1136 925 89
1572 2338 89
728 800 89
1767 1768 89
2345 2350 89
173 1729 89
1346 1330 89
716 356 89
789 803 89
212 231 89
1767 1765 89
1350 1339 89
894 900 89
997 1641 89
71 83 89
1622 1617 89
1107 1806 89
867 1658 89
1465 679 89
257 280 89
1030 1028 89
62 83 89
83 50 89
1939 1895 89
1895 1350 89
2083 2061 89
1889 1891 89
1439 1430 89
1581 1803 89
1060 376 89
1513 1488 89
1035 1087 89
2300 1497 89
2303 1144 89
144 155 89
1615 1842 89
1797 1794 89
1720 1691 89
1691 1758 89
2456 1819 89
1339 1415 89
2288 2357 89
756 762 89
244 204 89
835 2380 89
1444 1339 89
475 1162 89
1393 1439 89
1542 1536 89
1415 1430 89
1327 1362 89
49 2406 89
939 944 89
1245 1248 89
557 364 89
1345 1344 89
589 585 89
1011 1176 89
1477 1474 89
1474 1510 89
806 779 89
1330 1339 89
945 940 89
940 943 89
1339 1513 89
2030 1984 89
1247 1207 89
1438 1430 89
679 683 89
683 682 89
2100 1428 89
2030 2090 90
1430 1439 90
1349 1239 90
1430 1444 90
49 2313 90
780 767 90
767 1177 90
1165 1173 90
925 956 90
332 325 90
1430 1439 90
1439 1393 90
2350 1768 90
1230 1193 90
1002 1004 90
1330 1339 90
356 1026 90
1787 1500 90
1930 1932 90
1572 2417 90
803 207 90
231 240 90
1765 1068 90
2096 1110 90
1730 1066 90
900 82 90
1219 1242 90
83 62 90
33 599 90
1658 1707 90
280 1085 90
1430 1438 90
83 62 90
62 341 90
280 257 90
257 251 90
1339 1513 90
1803 1802 90
376 368 90
1087 1055 90
1144 1142 90
155 132 90
1842 1763 90
1794 1793 90
1758 1618 90
1819 1811 90
2357 2213 90
2280 2278 90
762 2281 90
204 226 90
1209 1211 90
1339 1513 90
642 641 90
1430 1439 90
1536 1543 90
1362 1510 90
2406 1360 90
944 1078 90
1339 1330 90
1344 1484 90
585 602 90
1176 1182 90
50 83 90
779 1393 90
943 1078 90
808 2029 90
1207 1208 90
1208 1243 90
43 84 90
1428 1417 90
2090 2029 91
1439 1395 91
1177 1158 91
1173 1158 91
1158 1177 91
2179 2177 91
1768 2350 91
2350 2345 91
1768 1767 91
1767 1066 91
1813 564 91
1193 1233 91
1233 1225 91
1513 1344 91
1026 1034 91
1944 1796 91
1932 1936 91
1350 1339 91
207 1687 91
240 183 91
1068 1132 91
1006 2129 91
1110 1557 91
1339 1513 91
360 1393 91
1242 1221 91
1641 1640 91
1513 1484 91
1484 1344 91
1393 779 91
570 569 91
1617 1619 91
1806 2243 91
220 1705 91
2417 2320 91
1707 1716 91
2277 2331 91
679 683 91
683 682 91
1028 280 91
50 1438 91
1350 1444 91
2061 2023 91
2023 1243 91
251 341 91
1802 1572 91
368 365 91
1488 1327 91
1055 1037 91
1037 1059 91
1497 1682 91
1281 1682 91
1142 1139 91
1415 1430 91
1763 1692 91
1793 1796 91
1618 1711 91
1711 1722 91
1811 1796 91
2213 2212 91
2278 2286 91
2286 2309 91
2281 2354 91
226 202 91
1935 1967 91
641 163 91
1339 1513 91
1439 1395 91
1162 2196 91
1439 1430 91
1543 771 91
1510 1474 91
1360 1393 91
1078 943 91
1248 724 91
364 535 91
1484 1513 91
602 601 91
1182 1174 91
1174 1172 91
1510 1362 91
1978 2090 91
1452 1504 91
1504 1485 91
1078 944 91
2029 2090 91
1984 1393 91
1243 2023 91
1430 1439 91
1349 1340 91
1417 1387 91
1387 1373 91
2029 2014 92
2313 2422 92
1158 1173 92
1173 1165 92
1177 767 92
2177 2181 92
2181 2178 92
956 929 92
2338 2337 92
1888 49 92
325 62 92
2345 2348 92
1729 730 92
1225 1235 92
1004 924 92
1339 1415 92
895 892 92
1034 1035 92
1500 1496 92
1383 1392 92
1796 1811 92
1936 1929 92
1687 1698 92
183 772 92
953 1393 92
1730 436 92
953 1066 92
1576 1522 92
1181 1180 92
1180 1979 92
2070 1000 92
82 81 92
1221 1240 92
1640 2414 92
1344 1345 92
569 1349 92
2243 1545 92
2320 2422 92
1716 1659 92
2331 2346 92
2267 2307 92
268 286 92
682 684 92
684 680 92
280 257 92
1243 1208 92
341 334 92
341 68 92
1572 66 92
1139 1465 92
1692 1590 92
1590 1628 92
1796 1944 92
1722 1672 92
1672 1693 92
268 2220 92
1888 2262 92
1796 1944 92
1415 1430 92
2212 2211 92
2309 2354 92
2354 2281 92
1944 1375 92
2354 2309 92
2309 2310 92
202 240 92
2337 1566 92
2380 1315 92
23 19 92
2267 1764 92
676 677 92
2196 2197 92
1748 1675 92
1430 1444 92
771 773 92
268 264 92
1430 1439 92
943 970 92
970 942 92
1330 1346 92
724 1154 92
601 31 92
1172 647 92
1362 1327 92
1327 1346 92
83 62 92
2090 2021 92
1339 1358 92
1485 1347 92
944 939 92
2090 2030 92
1513 1484 92
1484 1344 92
352 373 92
2023 2061 92
2061 2083 92
356 1026 92
782 783 92
1439 1393 92
1340 1345 92
84 67 92
1393 2220 92
2267 463 92
1830 1831 92
2267 2272 92
2014 808 93
808 779 93
1349 1340 93
360 703 93
2422 2320 93
1165 1179 93
767 780 93
2178 390 93
929 960 93
1352 599 93
2348 384 93
1066 1766 93
1235 1248 93
924 705 93
892 899 93
1344 1345 93
1035 1087 93
1392 1388 93
444 11 93
1811 1819 93
1929 1927 93
1698 1688 93
772 777 93
1132 1135 93
1979 2064 93
2064 1981 93
81 2495 93
1240 1237 93
2414 2416 93
62 83 93
1619 1871 93
2422 2313 93
378 1831 93
1659 1714 93
1714 1885 93
2346 2332 93
2332 2347 93
2307 2327 93
680 2151 93
1085 1089 93
257 251 93
1208 1207 93
1207 1247 93
334 251 93
1513 1484 93
66 119 93
1327 1507 93
1059 1057 93
1057 1040 93
1682 55 93
1693 1672 93
1672 1722 93
2281 762 93
2310 2278 93
2278 2280 93
240 184 93
19 21 93
1513 1344 93
163 1769 93
1513 1344 93
677 671 93
2197 2195 93
1675 1740 93
773 2014 93
264 263 93
1439 1395 93
1474 1477 93
1477 1504 93
1393 1439 93
265 306 93
306 269 93
942 2175 93
1346 1488 93
1154 815 93
535 374 93
800 728 93
1513 1339 93
31 1350 93
647 1511 93
1511 1322 93
1346 1330 93
2021 2012 93
1393 1439 93
939 800 93
1058 599 93
1344 1345 93
1026 1034 93
1034 1035 93
1345 1344 93
364 557 93
67 57 93
1831 378 93
2272 2244 93
1395 1984 94
1340 1345 94
1179 1170 94
1170 1159 94
780 777 94
390 387 94
960 1009 94
1766 1068 94
730 355 94
307 305 94
1415 581 94
899 901 94
1345 1340 94
1087 1055 94
1496 1501 94
1388 785 94
11 1160 94
2417 2320 94
1819 2456 94
1927 2274 94
1100 1113 94
1339 1513 94
1688 1694 94
1694 1030 94
777 767 94
43 84 94
436 2147 94
1135 952 94
2129 2145 94
1981 1915 94
1513 1344 94
477 478 94
1237 1070 94
2416 462 94
1345 1340 94
1340 1349 94
123 121 94
83 68 94
1349 1340 94
1545 1753 94
1705 1707 94
2313 47 94
1831 1830 94
1183 1815 94
2347 2334 94
2327 1573 94
2151 2155 94
1560 1646 94
1089 987 94
251 341 94
1247 1212 94
251 257 94
1856 1857 94
1484 1344 94
119 111 94
111 102 94
1507 1508 94
1508 1348 94
1040 578 94
1682 55 94
1430 1439 94
1628 1838 94
1944 1948 94
1722 1711 94
1711 1618 94
356 360 94
268 2316 94
1944 1948 94
2211 2045 94
762 756 94
2280 1655 94
1349 1340 94
1349 1340 94
1566 1756 94
1211 1222 94
1764 2307 94
671 674 94
1395 1984 94
2195 1349 94
1740 1631 94
2014 2063 94
263 2057 94
1504 1472 94
269 330 94
2175 947 94
947 2174 94
1488 1188 94
815 809 94
374 1997 94
728 810 94
1322 1348 94
1393 1439 94
2012 2024 94
1358 385 94
1347 1186 94
800 728 94
599 33 94
2030 2062 94
373 369 94
1393 1439 94
2083 1469 94
1035 1087 94
783 806 94
1344 1484 94
57 60 94
2267 1426 94
2244 1805 94
779 806 95
1345 1327 95
1349 1340 95
2320 2417 95
1159 224 95
777 770 95
387 396 95
599 604 95
2029 2014 95
384 386 95
1068 283 95
564 567 95
305 314 95
901 894 95
894 900 95
1340 1349 95
1055 1086 95
1501 1654 95
1160 1168 95
2320 2422 95
2456 2487 95
1113 1147 95
1261 1387 95
767 1177 95
2147 2148 95
1066 2351 95
1557 668 95
478 495 95
495 2001 95
462 460 95
68 58 95
779 806 95
1340 1345 95
1871 890 95
1707 1658 95
47 50 95
1573 2269 95
286 288 95
2155 1369 95
987 1061 95
1888 1030 95
341 62 95
1212 1246 95
1888 2228 95
2228 1943 95
257 280 95
280 1027 95
1857 1854 95
1344 1345 95
102 2461 95
1348 1511 95
578 580 95
55 434 95
1506 1503 95
1439 1395 95
1838 1686 95
1686 1789 95
1948 1949 95
1618 1758 95
1758 1691 95
2220 1393 95
1948 1949 95
1430 1439 95
2045 2042 95
756 745 95
745 747 95
2267 590 95
1340 1345 95
1340 1345 95
184 208 95
1756 1572 95
1315 1313 95
1344 1345 95
2307 2327 95
1769 1771 95
1344 1345 95
674 187 95
1631 1844 95
1444 1339 95
2063 1984 95
1439 1430 95
330 331 95
2174 2181 95
809 736 95
1997 413 95
810 737 95
1339 1444 95
1350 1415 95
1330 1339 95
2024 2054 95
2054 1990 95
385 2172 95
1186 1490 95
1439 1430 95
728 737 95
737 814 95
33 581 95
581 576 95
2062 2087 95
1345 1340 95
1340 1349 95
369 367 95
1469 1399 95
1087 1055 95
806 779 95
1484 1513 95
557 1349 95
60 119 95
119 66 95
1390 1367 95
1805 1760 95
806 783 96
1340 1345 96
2417 830 96
770 199 96
396 395 96
395 1009 96
1009 395 96
604 580 96
2014 808 96
1393 1439 96
283 282 96
567 2379 96
314 2073 96
1248 2091 96
900 82 96
1349 1347 96
1086 1031 96
1654 1657 96
1168 1173 96
2422 2313 96
2487 1250 96
2274 1829 96
1147 2482 96
1955 1907 96
1513 1484 96
1177 1173 96
1503 1347 96
84 67 96
2148 2530 96
952 1010 96
2145 2131 96
1522 1525 96
668 666 96
666 665 96
1344 1345 96
460 459 96
1349 1485 96
121 2040 96
58 48 96
48 1393 96
806 2436 96
1345 1327 96
890 2176 96
1753 2267 96
1658 867 96
1830 2296 96
2334 2353 96
2269 2335 96
2335 463 96
288 289 96
1061 360 96
1438 1430 96
1246 1210 96
1210 1245 96
1943 2230 96
68 58 96
58 48 96
1854 1861 96
268 1592 96
2461 2478 96
1511 1322 96
580 35 96
55 434 96
1465 679 96
1503 1512 96
1789 1634 96
1949 1924 96
1924 1902 96
1691 1720 96
1720 1621 96
2262 805 96
1949 1924 96
1924 1902 96
1439 1395 96
2042 2051 96
747 758 96
1345 1327 96
1345 1327 96
208 1848 96
1222 1220 96
1313 1312 96
2327 1806 96
1771 1772 96
1844 1616 96
1616 1751 96
2053 93 96
1984 1393 96
2057 2055 96
1395 1984 96
832 830 96
1430 1444 96
331 336 96
336 1468 96
2181 2172 96
265 312 96
1188 1185 96
736 811 96
413 1998 96
737 814 96
1415 1358 96
1348 1508 96
1439 1430 96
1537 783 96
2172 2181 96
1490 1482 96
1430 1438 96
814 816 96
816 724 96
576 1350 96
2087 2056 96
367 359 96
1439 1430 96
1055 1086 96
779 1402 96
66 1572 96
1367 1385 96
1760 1759 96
783 1537 97
1984 2063 97
1327 1346 97
2315 2305 97
1345 1327 97
1444 1339 97
830 832 97
224 2232 97
199 184 97
49 1393 97
580 329 97
808 799 97
282 1132 97
355 168 97
2379 2384 97
82 81 97
1031 1033 97
1657 1730 97
1173 1177 97
1350 1939 97
2313 47 97
2482 2481 97
1907 1869 97
1484 1344 97
1387 1417 97
1173 1168 97
67 57 97
1010 1358 97
2131 2143 97
1915 1903 97
1903 1919 97
1345 1340 97
2001 1999 97
1066 953 97
2495 2493 97
2267 1539 97
1181 1180 97
1180 1979 97
1070 1071 97
1071 457 97
459 2198 97
1485 1504 97
2040 2048 97
2048 2040 97
1349 1340 97
867 845 97
50 588 97
1815 519 97
1885 1928 97
1928 1886 97
2353 2284 97
463 64 97
289 1861 97
1369 1368 97
1444 1430 97
62 83 97
83 73 97
2230 1938 97
1438 1350 97
1027 1032 97
48 1393 97
1861 289 97
1345 1340 97
2478 2464 97
1322 647 97
35 585 97
434 1730 97
1512 1347 97
1634 1789 97
1789 1686 97
1902 1899 97
1621 1751 97
360 1061 97
1902 1953 97
2051 2038 97
758 2292 97
1655 1712 97
1967 1935 97
1572 1568 97
1220 730 97
1312 350 97
1345 1340 97
1772 793 97
1345 1340 97
187 186 97
1984 2063 97
225 239 97
93 94 97
1339 1513 97
2055 802 97
2172 385 97
1185 1479 97
1479 1482 97
811 2179 97
1998 800 97
814 816 97
816 723 97
1508 1507 97
1339 1444 97
1990 2058 97
2058 2089 97
2181 2177 97
2177 2179 97
1482 1479 97
724 1248 97
2056 1399 97
1349 557 97
359 280 97
1430 1444 97
1399 1439 97
1086 1031 97
1513 1339 97
1572 1568 97
2097 1375 97
67 45 97
1426 2316 97
1385 2372 97
2463 2460 97
2063 2014 98
1346 1330 98
1239 1455 98
366 538 98
1339 252 98
247 215 98
703 2180 98
184 208 98
1009 960 98
395 396 98
329 587 98
587 585 98
799 768 98
1132 1135 98
2384 2383 98
2073 2077 98
1383 1385 98
81 383 98
1033 33 98
785 2044 98
1177 767 98
47 50 98
2481 2504 98
1869 440 98
1344 1345 98
1417 2092 98
1347 1349 98
57 60 98
2530 2524 98
2351 2540 98
2143 729 98
665 669 98
669 667 98
1919 1105 98
1340 1349 98
1000 1233 98
1999 612 98
2493 1868 98
1539 2253 98
1979 2064 98
2064 1981 98
2198 2197 98
2197 2195 98
1504 1472 98
2040 121 98
2436 2320 98
1340 1345 98
1327 1346 98
845 880 98
43 84 98
588 1361 98
2296 2303 98
1886 2417 98
2284 2310 98
64 113 98
113 103 98
1861 1856 98
1368 673 98
1646 1647 98
360 356 98
1430 1439 98
1938 1883 98
1350 1895 98
1032 361 98
1340 1349 98
434 1730 98
679 683 98
1395 1984 98
1686 1838 98
1899 1921 98
1751 1616 98
1061 987 98
2316 1426 98
1953 1958 98
2038 1527 98
2292 2229 98
2229 1780 98
1327 1346 98
1327 1346 98
1848 1847 98
1847 1746 98
1568 1803 98
1340 1349 98
1806 2342 98
1340 1349 98
2063 2014 98
1751 1746 98
94 1495 98
830 2417 98
1444 1339 98
1468 30 98
385 1358 98
312 284 98
1482 1490 98
2179 2177 98
1393 1439 98
800 728 98
723 738 98
738 726 98
1358 327 98
1507 1327 98
1430 1444 98
783 806 98
2089 2030 98
2179 735 98
1479 1185 98
1350 1444 98
1399 1439 98
280 257 98
1439 1430 98
1031 1033 98
1033 33 98
1568 1759 98
2372 2370 98
1759 1802 98
2014 773 99
1330 1339 99
422 431 99
2305 2313 99
1327 1346 99
215 236 99
2232 1799 99
1799 2233 99
208 1788 99
960 929 99
396 387 99
585 596 99
927 954 99
768 781 99
1439 1430 99
1135 1133 99
2383 363 99
2077 2070 99
2091 1987 99
1385 699 99
581 33 99
33 581 99
767 777 99
1829 1897 99
2504 2464 99
440 2488 99
1345 1340 99
1030 1028 99
2092 2098 99
1168 450 99
1349 1340 99
398 389 99
60 119 99
119 66 99
2524 2541 99
1525 1523 99
667 1390 99
1349 1347 99
612 1328 99
1868 1926 99
1926 1902 99
1981 1915 99
457 456 99
456 546 99
2195 765 99
457 456 99
456 546 99
121 120 99
1345 1344 99
2176 890 99
1346 1330 99
880 848 99
848 1757 99
2303 129 99
2310 2352 99
103 91 99
406 590 99
1647 1657 99
1657 1730 99
1430 1439 99
1030 359 99
73 61 99
1439 1399 99
1883 1933 99
289 288 99
1349 1347 99
2464 2504 99
2504 2481 99
585 602 99
683 682 99
1347 1453 99
1838 1628 99
1921 1867 99
1616 1738 99
805 1944 99
1958 2491 99
1527 2311 99
1615 1842 99
1780 2268 99
1712 1706 99
1706 1660 99
1346 1330 99
1346 1330 99
1935 1890 99
1746 1751 99
1803 2275 99
350 2176 99
1349 2195 99
2342 1728 99
793 788 99
186 157 99
2014 773 99
1746 1847 99
1847 1848 99
239 242 99
1393 1439 99
1984 2063 99
2417 2320 99
30 1438 99
1358 1444 99
284 287 99
287 303 99
1490 1186 99
2177 2181 99
2181 2172 99
728 737 99
737 814 99
726 818 99
818 812 99
1444 1430 99
327 1008 99
1327 1488 99
62 83 99
83 50 99
806 779 99
2030 2083 99
735 811 99
811 736 99
1185 1188 99
1011 1009 99
1438 1350 99
1248 1245 99
953 1184 99
1439 1430 99
257 259 99
1444 1339 99
1430 1438 99
1759 1760 99
45 113 99
2370 711 99
1802 1572 99
773 771 100
431 997 100
2313 47 100
1346 1330 100
252 254 100
236 210 100
2233 1579 100
1788 1589 100
387 390 100
596 30 100
781 798 100
1430 1444 100
1133 1137 100
2070 2071 100
1987 1336 100
383 382 100
382 1470 100
2044 2050 100
777 772 100
1939 1965 100
50 588 100
2464 2478 100
2488 2485 100
1340 1349 100
1028 280 100
2098 2109 100
450 11 100
1340 1345 100
389 394 100
1503 1347 100
66 1572 100
1255 478 100
1523 1524 100
1524 974 100
1328 1332 100
2253 2231 100
765 790 100
120 124 100
1393 1439 100
2320 2417 100
2417 1890 100
1344 1484 100
890 1871 100
1757 1754 100
84 67 100
519 515 100
2417 2320 100
2352 167 100
91 118 100
590 1107 100
1439 1356 100
1399 2056 100
1933 1884 100
1895 1939 100
1939 1940 100
361 352 100
288 286 100
1347 1503 100
1592 1616 100
2481 2501 100
647 1172 100
1172 1174 100
602 601 100
1453 1505 100
1867 1955 100
1738 1615 100
987 1089 100
2491 2493 100
2267 1764 100
1842 1631 100
2268 1790 100
1790 1725 100
1725 2241 100
1751 1616 100
2275 1728 100
1728 2342 100
1728 1727 100
1727 1759 100
788 1264 100
1264 1265 100
1349 1347 100
773 771 100
1848 208 100
242 223 100
223 1538 100
1513 1344 100
802 804 100
2063 2014 100
2320 2421 100
2421 2422 100
1339 1330 100
303 254 100
1186 1347 100
2172 385 100
1439 1430 100
814 816 100
816 724 100
812 813 100
813 736 100
1008 1009 100
1488 1513 100
1444 1339 100
779 1393 100
2083 1469 100
736 809 100
1188 1488 100
1350 576 100
1444 1430 100
1430 1438 100
259 339 100
1339 1330 100
33 581 100
581 576 100
1402 1439 100
1339 1444 100
1760 1805 100
2220 268 100
711 698 100
1572 66 100
771 1543 101
47 50 101
1455 1460 101
1330 1339 101
538 563 101
254 303 101
303 287 101
210 228 101
1579 2267 101
1589 1667 101
1667 1594 101
929 956 101
390 2178 101
407 1618 101
386 389 101
1978 2090 101
352 361 101
954 929 101
1137 1129 101
1129 952 101
363 562 101
2071 891 101
699 698 101
33 1033 101
581 1415 101
2050 2041 101
772 183 101
1965 1897 101
1410 1375 101
588 1361 101
1250 2006 101
1897 1965 101
2478 2461 101
2485 2493 101
2493 1868 101
1349 1347 101
280 257 101
2109 2094 101
11 444 101
1345 1327 101
394 386 101
175 173 101
1572 2417 101
2541 2540 101
2540 2529 101
478 1349 101
974 2209 101
1390 1367 101
1105 1148 101
1332 56 101
953 1393 101
1902 1949 101
2231 2273 101
790 792 101
124 122 101
1484 1513 101
1871 1619 101
1754 2314 101
67 57 101
1349 1340 101
129 164 101
515 522 101
2320 2422 101
167 220 101
118 63 101
1856 1857 101
673 675 101
359 367 101
61 46 101
2056 2087 101
1884 1928 101
1940 1965 101
1965 1966 101
286 268 101
2501 2482 101
1174 1182 101
601 31 101
682 684 101
1505 1326 101
1984 2063 101
1628 1590 101
1590 1692 101
1955 1907 101
1907 1377 101
1089 1085 101
2493 2485 101
2311 560 101
1631 1596 101
2241 1805 101
1616 1738 101
2342 1806 101
730 1729 101
2176 438 101
1759 1802 101
1265 570 101
1347 1503 101
157 154 101
771 1543 101
1538 1540 101
1495 1487 101
1439 1430 101
804 1900 101
2014 773 101
2422 2313 101
1438 1430 101
254 252 101
1347 1485 101
385 1358 101
1430 1438 101
724 2449 101
736 811 101
1430 1439 101
1439 1396 101
1009 1176 101
1444 1430 101
50 1438 101
1469 1399 101
809 815 101
1488 1346 101
1009 1653 101
1184 645 101
339 255 101
255 586 101
1245 1210 101
576 1350 101
1349 1340 101
1805 2308 101
113 463 101
2316 268 101
66 119 101
990 989 102
1543 1536 102
1339 1415 102
997 982 102
1460 1459 102
1459 1458 102
1227 1194 102
563 533 102
287 284 102
228 214 102
2180 698 102
2207 357 102
1594 1746 102
1746 1751 102
956 925 102
2178 2181 102
1350 1897 102
2090 2021 102
30 1438 102
929 1184 102
2337 1566 102
1444 1358 102
952 1010 102
130 131 102
1730 1652 102
698 1204 102
1033 1031 102
1347 1349 102
1361 33 102
1336 1404 102
1470 1471 102
2041 2047 102
183 240 102
1897 1829 102
1458 1459 102
785 2297 102
1965 1939 102
2461 102 102
1361 588 102
1868 1926 102
1926 1951 102
1347 1503 102
257 259 102
2094 2113 102
1402 212 102
386 384 102
1347 1349 102
1361 588 102
2540 425 102
729 732 102
1367 1388 102
1350 33 102
1148 1930 102
1233 1505 102
1336 1404 102
56 1216 102
1361 33 102
1949 1944 102
2273 1544 102
1915 1903 102
1903 1908 102
792 788 102
122 786 102
1439 1430 102
1619 1617 102
2314 2323 102
57 60 102
1340 1345 102
522 4 102
164 1120 102
2422 2313 102
220 845 102
63 86 102
1857 1854 102
675 2472 102
1356 48 102
356 365 102
365 368 102
367 369 102
46 603 102
2087 2062 102
1928 1886 102
1966 1897 102
1616 1601 102
2482 1121 102
1182 1176 102
1176 1011 102
31 1350 102
684 680 102
1402 2063 102
2063 2014 102
1692 1763 102
1377 1411 102
1085 280 102
1944 1375 102
1393 1439 102
1426 2267 102
2485 2488 102
560 563 102
1764 2307 102
1596 1603 102
1805 2308 102
1890 2417 102
1738 1615 102
1806 2327 102
1802 1572 102
154 1542 102
1543 1536 102
208 184 102
1540 1536 102
1487 2027 102
1344 1345 102
1430 1444 102
1900 1912 102
773 771 102
1503 1347 102
2313 49 102
252 1339 102
1485 1504 102
811 2179 102
1176 1178 102
1513 1339 102
1472 1504 102
1339 1513 102
1653 1645 102
576 581 102
581 33 102
645 1178 102
1430 1439 102
1439 1393 102
557 364 102
586 256 102
1438 30 102
1210 1246 102
1246 1212 102
356 1026 102
1439 1987 102
1340 1345 102
2308 2272 102
119 60 102
989 988 103
265 306 103
306 269 103
982 2475 103
50 588 103
1458 1457 103
1457 2475 103
1194 1229 103
533 557 103
284 312 103
214 2403 103
1751 1616 103
925 1136 103
2181 2177 103
2177 2179 103
389 388 103
388 277 103
2021 2012 103
361 1030 103
1184 645 103
1010 1009 103
131 32 103
562 1500 103
891 1419 103
1652 1649 103
1031 1086 103
1471 2301 103
2047 707 103
240 231 103
1459 1460 103
1939 1350 103
102 1572 103
588 50 103
1951 1918 103
259 339 103
2113 2099 103
1327 1346 103
384 2348 103
173 177 103
588 50 103
425 2291 103
732 734 103
2209 2210 103
1388 785 103
1390 1367 103
1544 2241 103
1908 1892 103
546 545 103
788 1264 103
1264 1265 103
546 545 103
786 794 103
1430 1444 103
1513 1339 103
2323 2316 103
60 119 103
119 66 103
1345 1327 103
1120 130 103
2313 47 103
86 59 103
1107 1759 103
368 370 103
370 379 103
369 373 103
373 352 103
603 597 103
597 588 103
2062 2030 103
1886 1935 103
1897 1964 103
800 939 103
1121 1123 103
268 1393 103
680 2151 103
1326 1353 103
2014 773 103
1763 1631 103
1411 1382 103
132 155 103
2488 440 103
563 533 103
2307 2327 103
1603 1704 103
1704 1713 103
2308 2339 103
2339 1800 103
2200 1195 103
1615 1740 103
1572 2338 103
1542 1536 103
1536 1543 103
184 240 103
1536 1543 103
1912 1909 103
771 1543 103
1330 1346 103
1430 1439 103
1444 1430 103
1339 1444 103
1504 1452 103
1358 1339 103
2449 2091 103
2179 2177 103
1396 48 103
1472 1504 103
1178 645 103
1430 1439 103
1439 1356 103
1504 1477 103
1399 1439 103
815 1154 103
1346 1330 103
1645 1656 103
33 1033 103
1178 1182 103
1058 599 103
1438 1350 103
256 598 103
1330 1346 103
30 588 103
588 597 103
1212 1247 103
1350 1444 103
1026 1034 103
1034 1035 103
1345 1344 103
364 557 103
2272 2267 103
463 2267 103
60 57 103
57 67 103
269 330 104
2475 1457 104
1339 1415 104
1229 1193 104
557 364 104
312 326 104
2403 2409 104
357 355 104
1616 1738 104
2179 1801 104
2012 2024 104
1438 1430 104
645 1178 104
1566 1756 104
1358 327 104
1419 685 104
1204 1205 104
1086 1055 104
1349 1340 104
2301 2299 104
2299 2297 104
231 212 104
1829 2274 104
1460 1195 104
2006 1882 104
1918 1953 104
339 255 104
2099 1797 104
1346 1330 104
2348 2345 104
1349 1340 104
2291 2290 104
2529 1730 104
734 147 104
2210 714 104
1367 1385 104
1930 1932 104
1944 1796 104
2241 1760 104
1892 1937 104
545 1772 104
1265 572 104
545 1772 104
794 788 104
1890 1935 104
2316 2323 104
66 1572 104
59 429 104
2472 2474 104
1560 1646 104
48 47 104
588 30 104
2030 2090 104
1964 1656 104
1656 1645 104
939 944 104
1601 1618 104
1123 1147 104
1147 1113 104
1350 1415 104
2151 2155 104
1353 1362 104
773 771 104
1631 1844 104
1439 1430 104
533 1349 104
2327 1573 104
1713 1701 104
1800 1778 104
1393 1195 104
2417 2320 104
1740 1675 104
2327 2307 104
1729 177 104
1543 771 104
1543 771 104
1345 1340 104
1909 157 104
1543 1541 104
1347 1349 104
49 2406 104
1346 1327 104
1439 1399 104
1245 1248 104
1438 1350 104
2177 2181 104
2181 2172 104
48 58 104
1504 1485 104
645 1184 104
62 325 104
1477 1474 104
1474 1510 104
1513 1484 104
1393 1439 104
1439 1430 104
1154 724 104
724 1248 104
1330 1339 104
1656 1964 104
1964 1897 104
1182 1174 104
1174 1172 104
599 33 104
1350 336 104
598 594 104
1346 1327 104
597 603 104
1247 1207 104
1035 1087 104
1987 2091 104
1444 1430 104
1344 1484 104
67 84 104
988 1941 105
330 331 105
1536 1542 105
1415 1350 105
588 1350 105
2475 982 105
1193 1233 105
1233 1225 105
326 265 105
2409 2306 105
2306 2328 105
355 1841 105
1738 1615 105
1136 1130 105
277 283 105
2024 2054 105
2054 1990 105
1178 1176 105
1176 1009 105
1756 1572 105
327 1008 105
1009 1008 105
1500 1496 105
1649 1509 105
1205 1206 105
1206 383 105
2385 2186 105
1055 1087 105
1340 1345 105
33 1055 105
1404 1987 105
2297 2298 105
707 717 105
212 1402 105
1882 1343 105
1572 2417 105
50 47 105
1953 1914 105
255 586 105
1797 2417 105
1330 1339 105
2345 2350 105
1415 1339 105
1340 1345 105
177 1729 105
50 47 105
2290 2345 105
1730 2529 105
1385 2372 105
33 1055 105
1932 1936 105
1404 1987 105
33 1055 105
1347 1349 105
1937 1922 105
572 530 105
788 1264 105
1444 1339 105
1339 1444 105
1617 1622 105
2323 2314 105
1572 2417 105
1327 1346 105
4 2439 105
130 131 105
131 1000 105
47 68 105
845 880 105
1759 1802 105
1944 1796 105
2474 2471 105
379 352 105
352 373 105
352 370 105
2090 2029 105
1935 1890 105
1645 1653 105
1393 268 105
944 1078 105
1113 1100 105
1415 1339 105
2155 1369 105
2063 2014 105
1362 1327 105
1327 1346 105
771 1543 105
1844 1616 105
1616 1718 105
155 144 105
280 257 105
257 251 105
1430 1444 105
440 441 105
1573 2269 105
1701 1777 105
1778 2267 105
2320 2436 105
1675 1748 105
2307 1753 105
570 569 105
771 773 105
1536 1538 105
1349 1340 105
240 201 105
771 773 105
2027 2019 105
1340 1349 105
1444 1339 105
2406 1360 105
1327 1362 105
1399 2056 105
1430 1439 105
1439 1393 105
1339 1330 105
1350 576 105
2091 1987 105
2172 385 105
58 71 105
1485 1349 105
1184 929 105
1339 1415 105
1356 1360 105
1484 1344 105
1430 1438 105
1033 1031 105
1172 647 105
33 581 105
581 576 105
1537 783 105
594 30 105
1327 1362 105
603 46 105
1207 1208 105
1208 1243 105
1444 1430 105
1087 1055 105
2091 2449 105
1484 1513 105
557 1349 105
84 43 105
331 336 106
336 1468 106
1542 154 106
1457 1458 106
982 997 106
1225 1235 106
364 535 106
2328 2440 106
1801 1439 106
1618 1601 106
283 282 106
1030 1028 106
1430 1439 106
1891 1934 106
265 312 106
1008 1009 106
1008 327 106
1087 1035 106
1035 1034 106
1034 1026 106
1345 1327 106
1987 2091 106
2298 37 106
1415 1339 106
717 740 106
2297 2299 106
2299 2301 106
2417 2320 106
1914 1945 106
1945 801 106
586 256 106
2350 1768 106
1345 1327 106
2345 2350 106
714 2039 106
2372 2370 106
1936 1929 106
1987 2091 106
1216 1221 106
1221 1242 106
1796 1811 106
1760 1759 106
1922 1400 106
530 565 106
1264 1265 106
1265 1263 106
1339 1513 106
1935 1886 106
2314 1754 106
1346 1330 106
2439 2435 106
68 1402 106
880 848 106
848 841 106
1802 1928 106
2471 261 106
47 233 106
30 1438 106
2029 2014 106
1653 1012 106
1078 943 106
1393 1439 106
2014 773 106
1346 1330 106
1543 1536 106
1503 1347 106
1718 1593 106
144 164 106
1410 1382 106
251 341 106
441 1414 106
2269 2335 106
1777 1833 106
1833 1674 106
1753 2267 106
2338 2337 106
569 1349 106
1538 223 106
1340 1345 106
201 232 106
773 2014 106
2019 2025 106
1349 1347 106
1541 2016 106
1360 1393 106
1362 1510 106
2056 2087 106
1248 724 106
1987 1439 106
385 1358 106
71 83 106
929 954 106
325 332 106
1510 1362 106
1438 50 106
1344 1345 106
1439 1430 106
1537 783 106
1248 1245 106
1452 1504 106
1504 1485 106
1897 1966 106
1031 1086 106
647 1511 106
1511 1346 106
576 1350 106
336 331 106
331 330 106
783 806 106
30 1438 106
1362 1353 106
46 61 106
1243 2023 106
1055 1086 106
2449 724 106
1430 1439 106
1410 1387 106
268 2316 106
348 351 106
1941 1893 107
154 157 107
1350 1468 107
1458 1459 107
1350 1415 107
997 431 107
1415 1430 107
1235 1349 107
2440 2318 107
1601 1616 107
1615 1631 107
282 1132 107
1897 1929 107
1990 2058 107
2058 2089 107
1028 280 107
1439 1393 107
1009 1008 107
1572 1744 107
1934 1906 107
327 1358 107
32 29 107
1496 1509 107
685 686 107
1509 1496 107
383 81 107
2186 4 107
1026 356 107
2091 1248 107
164 144 107
740 741 107
741 705 107
2274 1927 107
1343 1342 107
1342 1363 107
2301 1471 107
47 2313 107
256 598 107
1339 1350 107
1768 1767 107
1339 1513 107
47 2313 107
2350 1768 107
785 2044 107
2370 2376 107
1929 1927 107
2091 1248 107
1242 54 107
1811 1819 107
1349 1340 107
1400 1416 107
1416 1398 107
1772 793 107
565 568 107
1772 793 107
1263 570 107
1622 2539 107
1393 49 107
2435 1105 107
841 845 107
1796 1811 107
268 286 107
233 234 107
373 369 107
370 368 107
2014 808 107
808 779 107
1890 2417 107
1012 1009 107
943 970 107
970 942 107
1618 407 107
1339 1513 107
1369 1368 107
773 771 107
1593 1783 107
1783 1785 107
1382 1418 107
1418 1414 107
341 68 107
1414 1389 107
2335 1804 107
1674 1591 107
2436 806 107
177 173 107
438 962 107
676 677 107
773 2014 107
223 242 107
1345 1327 107
232 226 107
2014 2063 107
2025 2016 107
2016 1541 107
1347 1503 107
1339 1513 107
157 154 107
2016 2025 107
2025 2019 107
1349 1340 107
1510 1474 107
2087 2062 107
1444 1430 107
1330 1346 107
724 1154 107
576 581 107
581 33 107
1358 1444 107
83 62 107
1349 1340 107
954 927 107
332 589 107
1415 1350 107
1360 2406 107
1362 1327 107
1327 1346 107
1339 1358 107
1485 1347 107
1966 1965 107
1965 1940 107
1086 1055 107
1346 1327 107
330 269 107
806 779 107
1353 1326 107
1326 1505 107
61 69 107
69 73 107
2023 2061 107
2061 2083 107
1430 1439 107
1439 1393 107
1086 1031 107
782 783 107
1439 1395 107
1513 1339 107
268 2220 107
351 349 107
349 1190 107
1893 1894 108
1468 30 108
157 1904 108
1468 588 108
1459 1460 108
535 374 108
2318 1360 108
1841 1222 108
1631 1844 108
1132 1135 108
2089 2030 108
280 257 108
251 257 108
1008 327 108
312 284 108
1009 1010 108
1358 1444 108
29 1516 108
686 2511 108
356 716 108
1327 1346 108
144 159 108
159 302 108
1339 1513 108
705 716 108
444 11 108
1363 764 108
1471 1470 108
2320 2422 108
2313 2422 108
801 789 108
598 594 108
594 1350 108
2196 2197 108
2197 2195 108
1767 1765 108
1327 1346 108
1729 730 108
2313 2422 108
1768 1767 108
2529 2540 108
1358 1010 108
698 2180 108
2039 2034 108
2376 2374 108
1927 1897 108
1340 1345 108
1759 1802 108
1398 713 108
568 533 108
1886 1928 108
1393 48 108
676 1536 108
1754 1752 108
1752 1755 108
845 867 108
1811 1819 108
261 262 108
1646 1647 108
234 243 108
369 367 108
368 365 108
365 356 108
1438 1430 108
1009 1011 108
942 2175 108
1439 1430 108
1368 673 108
771 1543 108
1330 1339 108
1347 1349 108
1785 1695 108
1414 441 108
1444 1339 108
1389 1413 108
1804 463 108
1591 1668 108
173 1283 108
779 806 108
677 671 108
2014 2063 108
2063 1984 108
242 239 108
226 204 108
2063 1984 108
154 1542 108
2019 2027 108
1340 1345 108
1393 1439 108
1474 1477 108
2062 2030 108
1346 1488 108
1154 815 108
33 599 108
1393 1439 108
62 83 108
83 47 108
800 728 108
62 76 108
1340 1345 108
2406 49 108
1346 1330 108
1345 1340 108
1430 1444 108
783 806 108
1438 30 108
1940 1939 108
1055 1087 108
1327 1362 108
1350 1444 108
269 306 108
779 808 108
1438 1430 108
1505 1453 108
1444 1430 108
73 83 108
1031 1033 108
1033 33 108
724 816 108
1352 599 108
1387 1417 108
1894 1897 109
1897 1966 109
30 1438 109
1460 1455 109
1415 1339 109
374 1997 109
1360 1393 109
1222 1211 109
1616 1592 109
1844 1616 109
1616 1751 109
1135 1133 109
2412 2418 109
2030 2083 109
257 259 109
257 280 109
327 1358 109
1744 2292 109
1906 1890 109
284 287 109
287 303 109
1010 952 109
1516 1464 109
1509 1649 109
1496 1500 109
81 82 109
716 705 109
1346 1330 109
1055 1035 109
716 356 109
11 1160 109
1927 1929 109
1470 807 109
2422 2313 109
1100 1113 109
2422 2320 109
789 803 109
2195 753 109
1765 1068 109
1346 1330 109
1375 1944 109
2422 2320 109
1767 1765 109
147 1542 109
2034 2036 109
2036 707 109
2044 2050 109
2374 785 109
1055 1035 109
1055 1035 109
1819 2456 109
1345 1327 109
1802 1572 109
793 788 109
533 1349 109
793 788 109
1513 1484 109
1484 1344 109
1928 1884 109
1444 1430 109
1755 837 109
867 1658 109
262 266 109
1647 1657 109
1657 1730 109
243 241 109
241 245 109
367 359 109
779 806 109
62 83 109
83 50 109
356 360 109
1856 1857 109
2175 947 109
947 2174 109
1430 1444 109
1513 1488 109
1543 1536 109
1536 1542 109
1349 1340 109
1695 1779 109
164 129 109
441 440 109
463 64 109
1668 1676 109
2267 2272 109
1349 1340 109
2195 2197 109
806 2436 109
671 674 109
1984 1393 109
21 19 109
239 246 109
1327 1346 109
204 244 109
244 1436 109
1984 1393 109
1541 1543 109
1542 1536 109
1345 1327 109
1477 1504 109
1504 1472 109
2030 2090 109
1430 1439 109
1488 1188 109
815 809 109
599 1058 109
1439 1395 109
728 810 109
1345 1344 109
589 585 109
1350 31 109
1011 1176 109
49 2313 109
1340 1349 109
806 779 109
30 594 109
594 598 109
1358 385 109
1347 1186 109
1939 1895 109
1895 1350 109
1087 1035 109
1362 1353 109
306 265 109
1453 1347 109
2083 1469 109
816 814 109
814 737 109
783 806 109
1395 779 109
1417 1428 109
2267 1426 109
1190 1189 109
1966 1965 110
431 422 110
1430 1439 110
1997 413 110
1439 1356 110
1393 2220 110
2315 2403 110
1133 1137 110
2418 2433 110
2433 2325 110
2083 1469 110
259 339 110
280 1027 110
1358 1415 110
2292 1762 110
303 254 110
952 1129 110
1129 1137 110
82 900 110
4 522 110
705 741 110
1330 1339 110
1035 1026 110
1248 1235 110
37 36 110
302 307 110
356 1026 110
1160 1168 110
1929 1936 110
1261 1387 110
764 1943 110
2313 47 110
1113 1147 110
2320 2417 110
803 207 110
1350 1468 110
753 750 110
1068 283 110
1513 1344 110
1330 252 110
730 1220 110
2320 2417 110
1765 1068 110
1542 1536 110
1536 1543 110
1393 1730 110
2050 2041 110
1035 356 110
1248 1235 110
54 1613 110
1035 1026 110
2456 2487 110
1572 2338 110
713 712 110
788 1264 110
1264 1265 110
788 1264 110
1264 1265 110
1344 1345 110
1884 1933 110
48 58 110
2539 2540 110
49 2262 110
837 838 110
2267 1539 110
1658 1707 110
1819 2456 110
286 288 110
266 268 110
245 238 110
359 1027 110
1430 1439 110
806 783 110
1857 1854 110
2174 2181 110
673 675 110
1339 1444 110
1542 154 110
1340 1345 110
1779 1781 110
440 2488 110
1339 1513 110
1349 1340 110
64 113 110
1676 1598 110
1598 1774 110
1340 1345 110
806 779 110
962 960 110
2197 2196 110
1349 1340 110
674 187 110
19 23 110
246 229 110
1346 1330 110
1513 1344 110
1536 1543 110
2027 1487 110
1439 1430 110
2090 2029 110
1439 1356 110
809 736 110
1439 1430 110
47 2313 110
810 737 110
1344 1484 110
585 602 110
31 601 110
1176 1182 110
1330 1339 110
50 83 110
1349 557 110
1444 1339 110
779 1393 110
598 256 110
385 2172 110
1186 1490 110
1035 1034 110
1353 1326 110
1326 1505 110
1444 1430 110
808 2029 110
1430 1439 110
1430 1439 110
83 62 110
62 341 110
1469 1399 110
33 581 110
581 576 110
737 728 110
728 800 110
806 779 110
599 604 110
1339 1444 110
1428 2100 110
2316 1426 110
1189 1163 110
720 1113 110
1965 1940 111
1438 1430 111
1904 1912 111
588 50 111
1455 1239 111
1339 1513 111
1439 1395 111
413 1998 111
1211 1218 111
1592 268 111
1751 1746 111
2403 2409 111
1137 1129 111
1129 952 111
2325 2431 111
1469 1399 111
339 255 111
255 586 111
1027 1032 111
1762 1741 111
1890 215 111
254 252 111
1137 1133 111
1649 1652 111
2511 1858 111
1500 562 111
900 894 111
705 716 111
741 740 111
740 717 111
1026 356 111
402 404 111
36 3 111
307 311 111
311 1325 111
1513 1344 111
1026 1034 111
1168 1173 111
1936 1932 111
807 791 111
791 774 111
774 803 111
47 50 111
1147 2482 111
2417 1572 111
207 1687 111
1350 1339 111
1468 594 111
750 752 111
283 282 111
2417 1572 111
1068 1132 111
1543 771 111
707 717 111
2041 2047 111
785 2044 111
1613 1642 111
1026 356 111
2487 2502 111
2502 2455 111
1327 1346 111
712 2050 111
1265 570 111
1265 570 111
1393 1439 111
570 569 111
1933 1883 111
58 71 111
1430 1439 111
1439 1396 111
838 290 111
1707 1716 111
2277 2331 111
2456 2487 111
288 289 111
238 215 111
1027 1032 111
1439 1399 111
783 1537 111
50 1438 111
2417 2320 111
1854 1861 111
2181 2172 111
1444 1358 111
1488 1327 111
1410 1411 111
675 674 111
154 157 111
1345 1327 111
1781 1715 111
129 2303 111
68 58 111
58 48 111
1340 1345 111
113 103 111
1774 1846 111
1846 1843 111
2272 2244 111
1345 1327 111
2267 1555 111
2196 1162 111
1340 1345 111
23 2415 111
1330 1339 111
1436 1431 111
1543 771 111
1543 771 111
1327 1346 111
1350 1339 111
1430 1444 111
2029 2014 111
1188 1185 111
736 811 111
1430 1438 111
1395 779 111
2313 2422 111
1444 1430 111
737 814 111
1484 1513 111
602 601 111
601 602 111
1182 1174 111
1174 1172 111
2313 2422 111
256 586 111
586 255 111
1978 2090 111
2172 2181 111
1490 1482 111
1350 1444 111
1034 1026 111
1026 356 111
1505 1329 111
2029 2090 111
1439 1399 111
1347 1512 111
1439 1356 111
576 1350 111
800 1998 111
779 1402 111
604 580 111
1349 1340 111
2100 2098 111
2220 1393 111
1163 1465 111
1113 1100 111
1940 1939 112
1939 1895 112
1912 1900 112
1998 800 112
1393 1439 112
1218 1226 112
1356 1360 112
1746 1594 112
1594 1667 112
2409 2306 112
952 1010 112
1929 1936 112
2431 782 112
586 256 112
2267 2272 112
1415 1350 112
1741 1726 112
215 238 112
252 1339 112
1133 1135 112
1444 1430 112
1858 547 112
894 903 112
1284 629 112
716 356 112
522 515 112
717 707 112
1339 1415 112
356 716 112
404 402 112
3 709 112
1034 1035 112
1383 1392 112
1173 1177 112
1932 1930 112
1387 1417 112
1943 1887 112
803 784 112
2482 2481 112
1687 1698 112
594 598 112
752 751 112
282 1132 112
1344 1345 112
252 317 112
1944 805 112
1730 436 112
2540 2351 112
771 773 112
2180 703 112
717 740 112
2047 707 112
356 716 112
1897 1966 112
1505 1346 112
1642 1614 112
356 716 112
2455 2476 112
1346 1330 112
2050 2041 112
569 1349 112
1345 1340 112
1340 1349 112
1393 779 112
1883 1938 112
71 341 112
290 270 112
1539 2253 112
1105 1148 112
1716 1659 112
2331 2346 112
1414 1389 112
2487 746 112
289 1861 112
215 1890 112
1032 1888 112
1399 1469 112
360 1061 112
2320 2436 112
1861 289 112
2172 385 112
1411 1377 112
337 334 112
674 187 112
1536 1542 112
157 186 112
1715 1717 112
1717 1779 112
2488 2485 112
48 1393 112
1345 1327 112
103 91 112
1843 1668 112
1513 1484 112
1195 1393 112
2244 2238 112
960 1009 112
1162 475 112
2436 2320 112
1345 1327 112
187 186 112
1393 1439 112
229 227 112
1431 1433 112
1393 1439 112
771 773 112
268 264 112
1344 1345 112
771 773 112
1346 1330 112
2014 808 112
808 799 112
1356 1360 112
1185 1479 112
1479 1482 112
811 2179 112
814 816 112
816 723 112
601 31 112
602 585 112
1172 647 112
2422 2320 112
1339 1444 112
83 62 112
1339 1513 112
255 339 112
2090 2021 112
2181 2177 112
2177 2179 112
1482 1479 112
1329 1504 112
1430 1439 112
1439 1393 112
2090 2030 112
1399 1469 112
352 373 112
1512 1503 112
341 334 112
1399 1439 112
356 1026 112
580 329 112
1340 1345 112
2098 2093 112
1426 2316 112
1465 679 112
1100 1153 112
1895 1468 113
1430 1439 113
1900 804 113
50 47 113
1239 1349 113
800 728 113
1393 1439 113
1226 2285 113
1360 2318 113
1667 1589 113
2306 2328 113
1010 1009 113
1936 1932 113
1399 1439 113
256 598 113
1032 361 113
1726 2293 113
238 245 113
1339 1444 113
1135 1132 113
1652 1657 113
1657 1730 113
547 999 113
562 363 113
903 893 113
893 1926 113
629 631 113
356 1035 113
515 520 113
707 2047 113
716 705 113
402 405 113
1235 1225 113
1344 1345 113
1035 1087 113
1392 1388 113
1177 767 113
1930 1148 113
1417 2092 113
1887 209 113
784 203 113
203 205 113
50 588 113
2481 2504 113
1698 1688 113
751 754 113
1132 1135 113
317 1009 113
1183 1815 113
1132 1135 113
1010 952 113
773 2014 113
740 705 113
2044 2050 113
716 705 113
1966 1965 113
1235 1225 113
1614 1612 113
716 705 113
2476 2504 113
1330 1339 113
2338 2337 113
2041 2047 113
1938 2230 113
1396 48 113
270 268 113
2253 1567 113
1148 1930 113
1659 1714 113
1714 1885 113
2346 2332 113
2332 2347 113
1389 1413 113
746 763 113
1861 1856 113
1890 1906 113
1061 987 113
385 1358 113
1358 385 113
1327 1507 113
1377 1907 113
1907 1955 113
334 341 113
1542 154 113
1327 1346 113
1779 1695 113
2303 1144 113
2485 2493 113
1513 1484 113
1245 1248 113
91 118 113
118 116 113
1668 1591 113
1660 1709 113
1484 1344 113
1344 1345 113
1195 2200 113
2238 2249 113
1327 1346 113
1555 2239 113
1433 1423 113
773 2014 113
264 263 113
773 2014 113
1487 1495 113
1330 1339 113
1339 1513 113
1444 1339 113
265 306 113
306 269 113
1393 1439 113
1360 2318 113
1482 1490 113
2179 2177 113
366 538 113
2422 2433 113
1430 1439 113
1439 1393 113
723 738 113
738 726 113
1513 1339 113
31 1350 113
585 35 113
647 1511 113
1511 1322 113
339 259 113
2021 2012 113
2179 735 113
1479 1185 113
1444 1430 113
1504 1485 113
1058 599 113
1503 1506 113
2449 2091 113
1356 1360 113
334 251 113
251 337 113
1439 1430 113
1350 1444 113
1026 1034 113
1034 1035 113
1998 413 113
329 587 113
587 585 113
1345 1344 113
364 557 113
2093 2094 113
1468 30 114
1439 1399 114
804 802 114
802 2055 114
1513 1344 114
1395 1984 114
728 737 114
737 814 114
1439 1430 114
2285 2358 114
2267 2233 114
2318 2440 114
1589 1788 114
2328 2322 114
2322 2420 114
1932 1930 114
1439 1430 114
598 594 114
2272 2244 114
1350 31 114
245 241 114
798 781 114
1132 282 114
282 283 114
1430 1439 114
1439 1393 114
1464 1784 114
631 817 114
520 660 114
1415 581 114
705 741 114
405 2118 114
1225 1233 114
709 701 114
701 706 114
1345 1340 114
1087 1055 114
1388 785 114
777 772 114
767 777 114
1148 1105 114
2092 2098 114
205 2216 114
588 1361 114
2504 2464 114
1688 1694 114
1694 1030 114
1339 1513 114
598 256 114
1135 1133 114
1345 1340 114
1220 1841 114
1290 1770 114
436 2147 114
1135 952 114
952 1135 114
2014 2063 114
2063 1402 114
705 716 114
707 717 114
2050 2041 114
705 741 114
1965 1940 114
1225 1233 114
705 741 114
2504 2481 114
2337 100 114
2047 707 114
1349 1340 114
1439 1430 114
123 121 114
1349 569 114
2230 1943 114
341 251 114
48 58 114
2347 2334 114
1413 1375 114
406 590 114
763 761 114
761 745 114
1469 2083 114
2436 806 114
289 288 114
1358 1444 114
385 2172 114
1507 1508 114
1508 1348 114
1955 1867 114
341 62 114
187 186 114
154 157 114
1444 1430 114
186 187 114
1346 1330 114
1695 1785 114
1144 1142 114
2493 2491 114
1484 1344 114
1327 1346 114
116 101 114
101 104 114
1591 1674 114
1709 1712 114
590 2267 114
2249 2241 114
2241 1790 114
1346 1330 114
2239 1434 114
1009 1358 114
475 458 114
1327 1346 114
186 157 114
1439 1430 114
2415 2416 114
227 222 114
1339 1415 114
1423 1429 114
1439 1430 114
2014 2063 114
263 2057 114
1345 1340 114
2014 2063 114
1495 94 114
799 768 114
269 330 114
2318 2440 114
1490 1186 114
2177 2181 114
2181 2172 114
1438 1350 114
726 818 114
818 812 114
1322 1348 114
2320 2417 114
1513 1484 114
1393 1439 114
259 257 114
257 280 114
2012 2024 114
735 811 114
811 736 114
1185 1188 114
1011 1009 114
1485 1347 114
599 33 114
2030 2062 114
1469 2083 114
373 369 114
2091 2026 114
1360 2406 114
1430 1438 114
1035 1087 114
413 1997 114
1997 374 114
585 596 114
779 806 114
1444 1430 114
1344 1484 114
2094 721 114
1426 2267 114
1393 2220 114
1375 2097 114
679 683 114
683 682 114
1153 1112 114
30 1438 115
1399 2056 115
1349 1340 115
814 816 115
816 724 115
1439 1430 115
1430 1444 115
2358 2360 115
1393 49 115
2440 2322 115
1788 208 115
1009 1008 115
1930 1148 115
782 1393 115
1430 1438 115
594 30 115
2244 2294 115
361 352 115
31 601 115
2267 2272 115
2293 2340 115
2340 2312 115
241 243 115
243 234 115
283 1068 115
1784 679 115
999 1000 115
363 2383 115
1035 1055 115
2047 2041 115
741 740 115
740 717 115
1233 1193 115
1325 1332 115
1332 1328 115
1340 1349 115
1055 1086 115
772 183 115
777 772 115
2098 2109 115
2464 2478 115
256 586 115
1133 1137 115
1340 1349 115
805 2262 115
1841 1222 115
2147 2148 115
716 356 115
717 740 115
2041 2047 115
741 740 115
740 717 115
1940 1939 115
1346 1330 115
1233 1193 115
1612 1230 115
895 892 115
741 740 115
740 717 115
2481 2459 115
1339 1350 115
100 113 115
570 569 115
1340 1345 115
570 569 115
1430 1444 115
1943 2228 115
2228 1888 115
251 257 115
58 71 115
1567 1420 115
1930 1932 115
590 1107 115
745 747 115
1906 1934 115
2083 2061 115
987 1089 115
288 286 115
2172 2181 115
1348 1511 115
1867 1921 115
1730 434 115
1153 1112 115
157 186 115
1402 2063 115
1330 1339 115
1785 1783 115
1142 1139 115
2491 1958 115
1958 1910 115
1344 1345 115
1248 724 115
1346 1330 115
104 2466 115
1674 1833 115
1712 1655 115
1345 1340 115
1790 2268 115
1434 1429 115
458 460 115
460 462 115
2320 2417 115
1346 1330 115
2416 462 115
222 225 115
1429 1434 115
1430 1444 115
2063 1984 115
1340 1349 115
2063 1984 115
1339 1330 115
768 781 115
330 331 115
1439 1430 115
2440 2328 115
1186 1347 115
2172 385 115
1350 576 115
779 806 115
2433 2325 115
2325 2431 115
812 813 115
813 736 115
1339 1444 115
1350 1415 115
35 580 115
2417 830 115
1484 1344 115
280 359 115
2024 2054 115
2054 1990 115
736 809 115
1188 1488 115
1430 1439 115
33 581 115
581 576 115
2062 2087 115
2083 2030 115
369 367 115
1444 1430 115
1087 1055 115
374 535 115
1402 1439 115
596 30 115
806 783 115
1484 1513 115
557 1349 115
721 1112 115
1112 721 115
721 2110 115
2056 2087 116
47 2313 116
1344 1345 116
1340 1345 116
724 2449 116
1430 1438 116
2360 2419 116
2233 2324 116
2322 2420 116
2420 2440 116
1008 327 116
1148 1105 116
30 1438 116
2294 1782 116
601 602 116
2312 2240 116
234 233 116
781 768 116
1068 1766 116
1000 983 116
1926 1899 116
2041 2050 116
717 707 116
2118 2469 116
1193 1230 116
706 715 116
1328 612 116
1349 1347 116
1086 1031 116
183 240 116
772 183 116
2109 2094 116
2216 87 116
2478 2461 116
1955 1907 116
1513 1484 116
1503 1347 116
1137 1129 116
1349 569 116
1009 1010 116
1222 1211 116
1393 953 116
1815 519 116
2148 2530 116
952 1010 116
2351 1066 116
1135 1132 116
356 1026 116
740 741 116
741 705 116
2047 707 116
717 707 116
1939 1895 116
1193 1230 116
892 899 116
717 707 116
2459 2457 116
707 717 116
569 1349 116
1345 1327 116
569 1349 116
121 2040 116
257 280 116
71 83 116
2262 1944 116
1420 1386 116
1932 1936 116
1000 1349 116
2334 2353 116
429 59 116
747 758 116
1856 1857 116
1934 1931 116
1438 1430 116
1089 1085 116
806 779 116
286 268 116
2181 2174 116
1511 1322 116
1921 1951 116
1951 1902 116
62 83 116
83 73 116
186 157 116
1112 721 116
1430 1439 116
187 188 116
1783 1593 116
1593 1718 116
1139 1465 116
1910 1902 116
724 816 116
1330 1339 116
2466 2464 116
1833 1777 116
1340 1349 116
2268 1780 116
2207 355 116
1429 1423 116
462 2416 116
2417 1890 116
1330 1339 116
157 154 116
1430 1444 116
462 460 116
1434 2239 116
1984 1393 116
2057 2055 116
1349 1235 116
1984 1393 116
94 93 116
1339 1415 116
1218 1226 116
1513 1344 116
781 798 116
331 336 116
336 1468 116
1430 1444 116
2328 2306 116
265 312 116
1347 1485 116
385 1358 116
806 783 116
538 563 116
736 811 116
1415 1358 116
580 578 116
1348 1508 116
830 832 116
1444 1430 116
557 364 116
1344 1345 116
1439 1430 116
1537 783 116
359 367 116
809 815 116
1488 1346 116
1439 1395 116
1009 1653 116
1347 1186 116
576 1350 116
2087 2056 116
2030 2088 116
367 359 116
2026 2028 116
2028 1469 116
2406 49 116
49 2313 116
1245 1210 116
1055 1086 116
535 364 116
783 1537 116
1430 1439 116
2316 268 116
2110 2093 116
1438 1430 117
2087 2062 117
2055 2057 117
2313 2305 117
1984 2063 117
1345 1327 117
1444 1339 117
2324 224 117
2420 2328 117
268 2220 117
208 184 117
2440 2318 117
327 1358 117
1105 2435 117
1782 2273 117
602 585 117
2337 1566 117
2272 2244 117
2240 2330 117
233 47 117
1444 1430 117
768 799 117
1766 1066 117
679 683 117
983 1230 117
2383 2384 117
1899 1921 117
1921 1867 117
1055 33 117
660 658 117
2050 2044 117
707 2047 117
1230 983 117
715 740 117
612 1999 117
1031 1033 117
240 231 117
183 240 117
2094 2113 117
1195 1456 117
87 2217 117
1105 1148 117
2461 102 117
1907 1869 117
1484 1344 117
586 255 117
1129 952 117
952 1010 117
2417 2320 117
1361 588 117
1010 1358 117
1132 1068 117
1551 1549 117
1549 1006 117
703 360 117
1026 1035 117
705 716 117
707 2047 117
1895 1350 117
1330 1415 117
1230 1612 117
1230 1193 117
899 901 117
707 2047 117
2457 2466 117
113 103 117
717 740 117
1444 1358 117
2040 2048 117
2048 2040 117
1349 1340 117
779 806 117
280 1085 117
83 62 117
1386 220 117
1936 1929 117
1885 1928 117
1928 1886 117
2353 2284 117
59 86 117
758 2292 117
1857 1854 117
2061 2023 117
2023 1243 117
1085 280 117
779 1393 117
1393 782 117
2174 947 117
1322 647 117
1902 1949 117
434 55 117
721 2110 117
186 187 117
1439 1356 117
1718 1616 117
1902 1949 117
1345 1340 117
816 814 117
2464 2476 117
2476 2455 117
1777 1701 117
1701 1713 117
1655 2280 117
1780 2229 117
1423 1433 117
2416 2415 117
154 1542 117
460 458 117
1415 1430 117
2239 1555 117
2055 802 117
93 2053 117
1226 1349 117
2306 2409 117
1485 1504 117
576 581 117
581 33 117
783 782 117
563 533 117
2431 782 117
811 2179 117
578 1040 117
1508 1507 117
1472 1504 117
367 369 117
1990 2058 117
2058 2089 117
1653 1645 117
1186 1490 117
1490 1341 117
2056 1399 117
2088 2089 117
359 280 117
1469 2083 117
1438 30 117
1210 1246 117
1246 1212 117
1430 1439 117
1439 1393 117
1086 1031 117
1439 1987 117
30 1438 117
1439 1395 117
1513 1339 117
463 2267 117
2093 2098 117
2062 2030 118
2057 263 118
2305 2315 118
1345 1340 118
2063 2014 118
2449 2091 118
1393 360 118
1339 252 118
49 1888 118
2328 2306 118
2220 268 118
184 206 118
2318 1360 118
1358 1444 118
1438 30 118
1438 1430 118
585 589 118
589 332 118
2244 1805 118
2330 1567 118
47 68 118
68 48 118
1066 1765 118
1765 1767 118
683 682 118
2384 2379 118
1867 1955 118
817 2302 118
658 1384 118
2044 785 118
740 716 118
1999 2004 118
1033 33 118
785 2044 118
231 212 118
240 231 118
2113 2099 118
209 233 118
2217 2266 118
1148 1930 118
102 1572 118
1869 440 118
1344 1345 118
1198 991 118
1347 1349 118
255 339 118
1010 1009 118
642 641 118
1010 952 118
2262 1888 118
1211 1218 118
1770 2200 118
2320 2422 118
588 50 118
2530 2524 118
1066 953 118
1035 1055 118
716 356 118
707 717 118
1193 1233 118
1233 1225 118
901 894 118
2466 104 118
1350 1895 118
103 91 118
740 741 118
741 705 118
1327 1346 118
2040 121 118
1340 1345 118
806 2436 118
1929 1897 118
1886 2417 118
2284 2310 118
86 63 118
1107 1759 118
2292 2229 118
2229 1581 118
1931 1889 118
1243 1208 118
1430 1439 118
1444 1430 118
1100 1113 118
947 2175 118
1949 1944 118
73 61 118
157 154 118
2110 2113 118
2063 2014 118
188 185 118
1339 1415 118
1616 1738 118
132 155 118
1949 1944 118
1340 1349 118
814 737 118
737 728 118
2455 2502 118
1713 1704 118
2229 2292 118
355 1841 118
1433 1431 118
2415 23 118
1890 1935 118
1542 1536 118
1536 1543 118
458 475 118
1555 1579 118
1444 1339 118
1344 1345 118
1330 1346 118
1468 30 118
1444 1358 118
800 939 118
2409 2403 118
312 284 118
1504 1452 118
1358 1339 118
33 599 118
1393 1439 118
533 557 118
2179 2177 118
1358 327 118
1040 1057 118
1057 1059 118
1507 1327 118
1430 1439 118
1439 1356 118
1504 1477 118
1345 1340 118
1430 1444 118
783 806 118
369 373 118
2089 2030 118
815 1154 118
1346 1330 118
1395 782 118
1645 1656 118
1341 945 118
1350 1444 118
1399 1439 118
2089 2058 118
2058 1990 118
280 257 118
2083 2030 118
30 588 118
588 597 118
1212 1247 118
1031 1033 118
1033 33 118
364 557 118
2098 2100 118
1430 1439 119
2030 2090 119
263 264 119
1340 1349 119
2014 773 119
1327 1346 119
1438 1350 119
2306 2409 119
206 775 119
1360 1393 119
30 594 119
594 598 119
2273 2344 119
1566 1756 119
48 1393 119
1430 1439 119
799 808 119
1767 1768 119
682 684 119
2379 567 119
1955 1907 119
581 33 119
2047 2041 119
716 356 119
2004 495 119
33 581 119
212 1402 119
231 212 119
2099 1797 119
233 47 119
2266 2265 119
1030 1028 119
440 2488 119
1345 1340 119
991 992 119
212 231 119
1349 1340 119
339 259 119
641 163 119
952 1129 119
1218 1226 119
2422 2313 119
519 515 119
2524 2541 119
422 431 119
356 1035 119
717 740 119
2047 2041 119
1350 1339 119
1612 1614 119
1225 1235 119
2047 2041 119
104 101 119
101 116 119
1895 1939 119
91 118 119
118 116 119
705 716 119
1346 1330 119
1358 327 119
121 120 119
1345 1344 119
1536 1469 119
2310 2352 119
63 118 119
1581 1805 119
1889 1891 119
1208 1207 119
1207 1247 119
1439 1399 119
1317 1316 119
1113 1147 119
2175 942 119
55 1682 119
154 1542 119
2113 2099 119
187 674 119
1356 1984 119
2014 773 119
185 191 119
1738 1615 119
1615 1842 119
1349 533 119
728 800 119
1339 1415 119
2502 2487 119
1704 1697 119
2292 758 119
1431 1436 119
1339 1415 119
1543 771 119
1444 1339 119
475 1162 119
1393 1439 119
1393 1439 119
1415 1430 119
1346 1327 119
30 1438 119
939 944 119
2403 214 119
284 287 119
287 303 119
1245 1248 119
599 1058 119
557 364 119
2177 2181 119
2181 2172 119
1444 1430 119
327 1008 119
1059 1037 119
1327 1488 119
1477 1474 119
1474 1510 119
62 83 119
83 50 119
1340 1349 119
806 779 119
373 352 119
2030 2083 119
1154 724 119
724 1248 119
1330 1339 119
1656 1964 119
1964 1897 119
945 940 119
940 943 119
1439 1430 119
1990 2054 119
257 259 119
2030 1984 119
2313 2422 119
597 603 119
1247 1207 119
1987 2091 119
1438 1430 119
1395 779 119
2267 463 119
2100 1428 119
1439 1393 120
2090 2029 120
264 268 120
1349 1239 120
773 771 120
1346 1330 120
2091 1987 120
1350 576 120
252 254 120
224 1171 120
2409 2403 120
775 777 120
598 256 120
1430 1439 120
2344 1567 120
1730 1066 120
332 325 120
1756 1572 120
1805 1581 120
1567 2344 120
1439 1356 120
808 2029 120
684 680 120
1230 1193 120
567 564 120
1907 1377 120
1377 1411 120
2302 2300 120
1384 1084 120
1002 1004 120
785 1388 120
2041 2050 120
2469 2470 120
983 1000 120
356 1035 120
2044 2050 120
212 1402 120
1797 2417 120
1456 1461 120
47 68 120
1930 1932 120
1572 2417 120
1028 280 120
2488 2485 120
1340 1349 120
992 1787 120
231 240 120
1340 1345 120
259 257 120
1009 317 120
1129 1137 120
1226 2285 120
2313 47 120
50 47 120
515 522 120
1068 1765 120
431 997 120
740 741 120
741 705 120
2041 2050 120
1235 1248 120
894 900 120
2041 2050 120
116 118 120
116 101 120
101 104 120
716 356 120
1349 1340 120
1330 1339 120
1349 1340 120
327 1008 120
120 124 120
1344 1484 120
569 570 120
570 1263 120
1085 1089 120
2540 2539 120
2417 2320 120
2352 167 120
118 91 120
1928 1886 120
1759 1802 120
1805 2308 120
1247 1212 120
1399 2056 120
280 257 120
257 251 120
1316 1314 120
1430 1439 120
1439 1393 120
1147 1123 120
942 970 120
970 943 120
647 1172 120
1172 1174 120
1944 1796 120
61 46 120
1542 1536 120
2099 1797 120
773 771 120
191 1314 120
1842 1763 120
1465 679 120
155 144 120
1944 1796 120
800 939 120
2487 2456 120
1697 1844 120
2280 2278 120
758 747 120
1730 432 120
1436 244 120
771 773 120
1430 1439 120
1579 2267 120
1339 1513 120
802 804 120
1345 1340 120
1327 1362 120
1358 385 120
944 1078 120
386 384 120
214 228 120
228 210 120
303 254 120
1339 1330 120
1439 1430 120
2172 385 120
1008 1009 120
1037 1029 120
1488 1513 120
1356 1360 120
1349 557 120
1444 1339 120
779 1393 120
2083 1469 120
943 1078 120
1444 1430 120
1430 1438 120
2054 2024 120
259 339 120
2422 2320 120
603 46 120
1207 1208 120
1208 1243 120
33 581 120
581 576 120
557 533 120
2091 2449 120
1339 1444 120
1428 1417 120
